0.17226994,0.658867567,2.44849172,0.187000607,0.463203575,2.469962107,0.015556929,0.3554876205,2.3382775245,-0.04014480145,0.353226088,2.443621627,-0.112288474,0.207301477,2.343027947,0.453318557,0.207181501,2.319105013,-0.140690243,0.303096957,2.161593653,0.445089147,0.301264352,2.12784024,-0.138044147,0.364297875,2.146317773,0.437047147,0.358053531,2.10815144,0.185116967,0.113514336,2.483407453,0.1819606,0.047615171,2.445947707,0.108217589,-0.026710814,2.442106467,0.253735217,-0.026362279,2.436662893,0.070121047,-0.481819633,2.55918408,0.298675597,-0.503311229,2.547184867,0.048055323,-0.854996919,2.664676827,0.304071427,-0.855026547,2.625109867,0.013177053,-0.90888656,2.634563707,0.339269888,-0.91497864,2.597842293,0.00372575,0.003328564,0.009437086,0.002330559,0.002754963,0.001890087,0.00256687,0.001153309,0.002700014,0.003248574,8.38057E-4,0.002241577,0.005378178,0.005853704,0.007319316,0.005382974,0.004863766,0.009469805,0.013790645,0.039091678,0.020308269,0.009369417,0.036503423,0.023816544,0.022336903,0.04216243,0.040473093,0.013135647,0.043142249,0.045692903,0.00192302,5.99883E-4,0.001459461,0.001759131,6.46837E-4,0.001885358,0.001538464,5.89395E-4,0.002391688,0.001816136,2.15369E-4,0.002237226,0.001396813,0.001832997,0.001115333,5.64941E-4,0.004035485,0.001434348,5.89719E-4,0.001420719,0.001317339,6.46791E-4,9.84988E-4,0.0017091,0.002688732,0.001978362,0.003734245,0.003084875,0.002017283,0.002582992,0.062476034,0.015717503,0.04657037,0.071845249,-0.081050237,0.089164145,-0.015952594,0.021158323,0.144849864,0.147282063,0.069764433,0.140866319,0.010014469,0.001029456,0.039896069,-0.106428729,0.030378971,0.105810862,-0.056011375,-0.065664914,-0.07626619,0.050304068,-0.084856148,-0.087456839,-0.04261387,-0.039965104,-0.080726753,0.034279139,-0.012069498,-0.079640482,0.066886626,0.038390654,-0.011434266,0.145559676,0.102860428,0.344946492,0.053628992,0.158483508,0.392245943,0.158109711,-0.008154684,0.441500798,0.040431104,0.082638569,-0.065798467,0.026383913,0.048205094,-0.038549521,-0.009613073,-0.106167577,-0.009044827,0.026511898,-0.025073826,-0.024857348,-0.04458006,-0.044763161,-0.01956796,-0.058226286,0.058157258,0.017106585,0.354083417,0.269510086,0.624449013,0.365084042,0.34223151,0.595009645,0.66086188,0.33034296,0.445746514,0.496473442,0.415922244,0.499934176,0.320665334,0.466191751,0.575758783,0.409995071,0.461559781,0.533967757,0.275103923,0.728200353,0.424963809,0.23988692,0.679093007,0.470322631,0.314168914,0.546737862,0.534879925,0.190803453,0.532160053,0.571266572,0.422857628,0.384840611,0.571525398,0.493209505,0.49862974,0.332573309,0.554886372,0.343227074,0.332068777,0.551691836,0.311085069,0.287080728,0.460372011,0.573766458,0.462591655,0.264292351,0.844601903,0.314014904,0.390530624,0.590353243,0.486709362,0.338684889,0.505789082,0.55378443,0.434282972,0.429865576,0.551488512,0.670073101,0.431405909,0.41468072,big,3
-0.006736275,0.697338343,2.403321267,0.005914022,0.51247691,2.449179167,-0.171998658,0.414778988,2.44312525,0.177170757,0.40474878,2.432543117,-0.327568828,0.303821345,2.311063317,0.341363363,0.300601255,2.295961433,-0.298355133,0.48958409,2.150298,0.341037553,0.477622833,2.133528233,-0.28388438,0.547627545,2.126760167,0.322374952,0.553752305,2.096294833,0.006031299,0.154125512,2.465026333,0.004440607,0.089316442,2.412840467,-0.074896815,0.011206734,2.404348717,0.083057768,0.011232045,2.402928817,-0.099425107,-0.476177922,2.532067433,0.115768273,-0.468961372,2.51543565,-0.101833075,-0.855338665,2.616633767,0.122193663,-0.847927802,2.6062286,-0.149524543,-0.919198682,2.562401883,0.181839015,-0.92266847,2.583891283,0.00922951,0.002465577,0.003399242,0.002548076,8.78453E-4,0.002987438,0.0016488,2.87612E-4,0.002885402,0.002516385,0.002215506,0.002155131,0.005760251,0.007239638,0.01294001,0.00319851,0.006635983,0.012720093,0.028136825,0.026134946,0.042718972,0.025307807,0.022092707,0.045803355,0.030716554,0.016243481,0.061091553,0.035886706,0.022813102,0.046976799,6.14053E-4,5.69348E-4,9.6882E-4,7.73317E-4,3.40783E-4,9.19105E-4,0.001042884,3.60781E-4,0.002198988,8.23716E-4,7.47811E-4,3.88121E-4,0.001130986,0.007853897,0.003350921,9.79478E-4,0.002432514,0.001537792,7.51753E-4,0.001871368,7.95163E-4,5.33062E-4,7.2787E-4,5.65425E-4,0.001911478,0.0011436,0.003817581,0.001131429,9.12769E-4,0.003119657,-0.082292277,0.001846869,0.102831497,0.042698161,0.00826479,0.018473174,0.051153859,0.057779428,-0.039040851,0.037735698,-0.088782346,0.001572655,-0.057416746,0.133112568,-0.097295156,0.075457196,0.017948786,-0.101718615,0.028731071,0.037940286,-0.025424628,0.010769155,0.030869703,0.028610376,0.034218814,0.02923092,0.029161651,0.052768517,0.015804903,0.007938747,-0.003243734,-0.051874121,0.034914742,0.051327111,0.0026038,-0.035306899,-0.026484085,0.035216006,-0.128512759,0.098045264,-0.063788053,0.041131145,-0.02471882,-0.254249649,0.122650289,-0.011078843,-0.21951718,-0.002814641,-0.017709802,0.079398097,0.037434085,-0.028048208,-0.091287879,0.018966806,-0.038475358,-0.026444408,0.117616594,-0.021127638,0.086387866,0.076680532,0.558600687,0.26773562,0.534292245,0.38883067,0.246049572,0.619961121,0.386841678,0.348465973,0.592798309,0.428180578,0.471388405,0.532933467,0.371750665,0.409604587,0.564114771,0.276390503,0.414874225,0.594716955,0.380542309,0.424034071,0.572195526,0.347205692,0.4273922,0.581843225,0.363502087,0.2372713,0.628820355,0.417702771,0.37185021,0.577533003,0.31458001,0.419731169,0.592743357,0.492876503,0.363284636,0.549056665,0.459727021,0.335157252,0.558482829,0.580408077,0.491208054,0.440191654,0.215192793,0.742475008,0.379814262,0.279644392,0.679494265,0.443842279,0.31201665,0.767279596,0.379076837,0.486730338,0.622898051,0.41721458,0.389682601,0.370449364,0.576026353,0.420717696,0.310316122,0.587260142,big,3
-0.419646483,0.728805084,2.402103947,-0.422685089,0.542005867,2.446706763,-0.580672926,0.416062242,2.391745105,-0.257330391,0.438084828,2.438396329,-0.681165725,0.301188922,2.207264816,-0.104205536,0.316326766,2.239100987,-0.644031839,0.4807702,2.000631237,-0.14002008,0.478024736,2.032040039,-0.640218053,0.529114054,1.975709237,-0.154427699,0.533799499,1.991738842,-0.394698257,0.181820189,2.459124039,-0.384656982,0.112268628,2.432797737,-0.452211291,0.034846859,2.415218118,-0.304133247,0.042544836,2.441106526,-0.489206728,-0.459476316,2.525052303,-0.258597432,-0.485957672,2.562933211,-0.528452691,-0.853786066,2.608993237,-0.212868918,-0.864677378,2.619245921,-0.58133613,-0.928950421,2.596269211,-0.173422761,-0.939788226,2.596349816,0.003609589,0.00328506,0.002836067,0.0035494,9.85573E-4,0.001713926,0.001351704,8.6076E-4,0.001999498,0.002892229,0.002186296,0.001356729,0.001434569,0.00637544,0.006099332,0.002956376,0.006308559,0.008018921,0.007007178,0.016510014,0.020567452,0.008114284,0.010197724,0.026999839,0.007932603,0.013867398,0.023757875,0.01046666,0.012267183,0.022769248,0.001403886,4.98617E-4,0.002321394,0.001149291,5.23609E-4,0.002257464,9.61181E-4,6.5918E-4,0.002563809,9.71481E-4,0.00111502,0.002145096,9.80115E-4,0.002870047,0.002276266,0.001941416,0.004813413,0.003657614,4.61554E-4,0.002009278,0.00120685,0.001163025,0.003303598,0.001389618,0.01832515,0.007710348,0.022008226,0.003929576,0.003141498,0.008100973,0.101459766,-0.049977975,-0.039593686,0.23089211,0.009028212,-0.084299012,-0.027234346,0.109329396,-0.046064652,0.239572972,0.044849238,-0.070080512,-0.039492879,0.017322321,0.028579877,-0.017048287,-0.093190355,0.128717929,-0.016134927,-2.84056E-4,-0.038106962,0.035751051,0.051269911,0.070605625,-0.051808338,0.004022003,-0.025467248,0.050525506,0.015634786,-0.056182057,0.119909727,0.115183019,-0.052158569,0.018959466,0.16084414,-0.019208656,-0.037071457,0.00586954,-0.005250494,0.065147209,0.090948478,-0.042016716,-0.024568901,-0.133125271,-0.051380589,0.02354641,0.063513877,-0.050495763,0.028399906,-0.023020223,-0.035456131,0.046719889,-0.11926463,-0.041742098,0.009758614,0.045431207,0.02763525,-0.047704483,-0.006650242,-0.043000109,0.38823246,0.581524468,0.490730044,0.614082293,0.406015743,0.433713093,0.501085236,0.535371941,0.464646511,0.450768545,0.570811065,0.440168626,0.203649862,0.621436564,0.527005716,0.32081094,0.499916265,0.543671568,0.191306608,0.425049309,0.61894856,0.221380451,0.317582428,0.64138003,0.203154908,0.46079415,0.603743638,0.24563211,0.500148668,0.577473486,0.508256405,0.443814158,0.49892055,0.430127621,0.485932849,0.518747695,0.433000613,0.473605028,0.535440013,0.437003544,0.526550181,0.50108828,0.315661731,0.720219897,0.414962043,0.24991703,0.795251251,0.375477248,0.290634862,0.659646294,0.481229003,0.379259438,0.72277461,0.387471922,0.443812167,0.424964319,0.550166775,0.393303997,0.395115207,0.578690074,big,3
0.005442528,0.701897243,2.41177287,0.010320547,0.515029098,2.450964389,-0.169071215,0.414426981,2.440559481,0.179987543,0.403160413,2.429644148,-0.330874557,0.315800454,2.296691944,0.34330137,0.302106591,2.2815365,-0.300463463,0.509230961,2.135581389,0.341197491,0.494152902,2.125134593,-0.287601246,0.564418993,2.117811574,0.325764926,0.564286287,2.094312111,0.007713178,0.153166481,2.464332333,0.005605914,0.088461388,2.410654259,-0.074103232,0.010761304,2.401981722,0.083790701,0.010292205,2.400095444,-0.100253941,-0.479635152,2.531403741,0.115385493,-0.467336691,2.512985926,-0.102782356,-0.8567469,2.615624944,0.121212337,-0.847411439,2.606806481,-0.150031507,-0.92009815,2.561165204,0.18161807,-0.922358026,2.583285,0.002066023,0.001877736,0.004082242,0.001765141,9.19768E-4,0.003757406,6.87461E-4,2.51285E-4,0.001087204,0.001267885,0.001327475,0.001880743,0.004822801,0.008294859,0.012503938,0.004192584,0.007922659,0.012032038,0.024485086,0.015321177,0.046839228,0.024058103,0.018043372,0.046602429,0.031471145,0.015638333,0.059233123,0.034355435,0.019139437,0.046910138,2.39779E-4,6.89796E-4,0.00145015,4.17867E-4,4.04316E-4,9.30086E-4,4.45392E-4,6.87367E-4,0.001245695,6.15203E-4,3.66805E-4,8.00311E-4,0.001064846,0.007948381,0.003265881,6.00217E-4,5.02541E-4,4.92394E-4,5.10196E-4,0.001217705,0.00136039,7.11673E-4,9.58474E-4,8.93639E-4,8.63568E-4,0.001140823,0.002317881,0.001287988,9.79851E-4,0.002995493,-0.041014212,-0.077963366,-0.090813823,0.02000303,-0.01115725,0.040368719,-0.03551146,-0.014335825,0.064260269,-0.059046753,-0.10691297,-0.104565913,-0.026832968,-0.035527003,-0.021058047,-0.011916816,-0.014379927,-0.059430722,-0.025798069,-0.026408332,-0.012305275,-0.019793301,0.05049428,0.010072546,0.028486565,0.003287958,0.036360929,-0.009034599,0.027856855,-0.013918771,0.03238413,-0.137236592,-0.073531366,0.026170259,-0.062599322,-0.111109166,-0.008205714,-0.099024028,-0.067447343,0.095168042,-0.093387123,-0.100368355,0.030366509,-0.246540299,0.146585881,-0.084142991,0.014502609,0.051009344,-0.017899491,-0.011547865,-0.039711549,-0.031439151,0.055013107,0.098941042,-0.025367778,-0.037696178,-0.064216485,-0.095961733,0.043392075,0.110869423,0.373274527,0.247081677,0.614831871,0.254728903,0.256899933,0.650535326,0.318952003,0.325473643,0.617883388,0.450502435,0.474115948,0.507895009,0.425926775,0.430983509,0.552742472,0.262038027,0.385117953,0.615060823,0.409851166,0.30797705,0.59858459,0.367546195,0.418154578,0.577920813,0.359122807,0.262716872,0.624343974,0.412617315,0.288439473,0.602666206,0.276420004,0.520047678,0.549089681,0.419299665,0.405425454,0.552767265,0.387129571,0.443874451,0.554485758,0.485343511,0.449513827,0.502428984,0.2006114,0.762897879,0.355119562,0.468422298,0.513142075,0.492781808,0.325844737,0.685286832,0.448142506,0.530339485,0.577046042,0.414035801,0.357943535,0.389533084,0.587692892,0.439980364,0.318696182,0.569926921,big,3
-0.327260161,0.674226044,2.436770078,-0.315386865,0.486391704,2.521995623,-0.487922474,0.363162425,2.522087753,-0.153128416,0.382350343,2.540301558,-0.60738743,0.246253679,2.374821481,0.005400108,0.290660631,2.397940013,-0.604082421,0.436159904,2.247675013,-0.018163404,0.477312905,2.252564182,-0.603665844,0.505393097,2.229772351,-0.029525619,0.529107061,2.236271364,-0.3128733,0.131825355,2.533126403,-0.311620832,0.061209084,2.52591139,-0.38683673,-0.015723516,2.518427753,-0.235082803,-0.01310465,2.52993813,-0.41689189,-0.477803751,2.635235195,-0.222527635,-0.483022277,2.654617403,-0.419864425,-0.848296351,2.671057156,-0.228897247,-0.861255187,2.678596468,-0.447677353,-0.926408848,2.650264221,-0.207048655,-0.938063087,2.651376169,0.002504272,0.001039346,0.005494529,0.002150067,0.001211171,0.005856356,0.001800885,0.001120067,0.001895113,0.002158399,0.001415696,0.003111929,0.004447701,0.012690436,0.011857372,0.003727434,0.005289968,0.008087656,0.02339667,0.027778221,0.039521308,0.035628652,0.028304334,0.042255152,0.027870743,0.018905882,0.0476286,0.035482675,0.014400525,0.052854036,7.33845E-4,4.49032E-4,0.00427643,6.99805E-4,4.19152E-4,0.001223165,6.84363E-4,5.36838E-4,0.001071707,8.55197E-4,6.11168E-4,0.001513133,5.49464E-4,0.001590651,0.001406866,7.27758E-4,0.001604282,0.001139179,6.08633E-4,0.001138632,8.26609E-4,6.55715E-4,0.002185381,9.94891E-4,0.002068753,0.001341855,0.002093883,0.001962667,0.001884198,0.001431727,-0.109764697,0.089921081,0.174664179,-0.089909548,0.012541855,0.062195808,-0.108124541,-0.108163217,0.057115866,-0.160698131,-0.00301002,0.023681334,0.020072751,0.094234518,-0.066875309,-0.050697578,-0.012260183,-0.028763257,0.04598292,0.074204595,-0.072040925,-0.022307318,0.062164239,0.003147573,0.02879701,0.04533706,-0.084673322,-0.024045485,0.032759073,-0.021769435,-0.040547699,-0.045773619,0.163365981,0.061552597,8.24744E-4,0.008829894,0.097064535,0.008727284,-0.035306331,0.064118686,0.03320855,-0.091653728,0.042556998,0.054677582,-0.053580086,-0.052835521,-0.110210637,-0.009911991,-0.007760661,0.027617508,0.113866446,-0.033834608,-0.026794249,-0.040740046,0.083274534,0.02871165,-0.063293495,-0.027319142,-0.02127214,0.060712801,0.375698641,0.341507745,0.568703834,0.421480936,0.319440768,0.587777861,0.469109729,0.463146198,0.510864713,0.433485039,0.483157287,0.518740126,0.295554217,0.555557951,0.534966196,0.384635802,0.493015537,0.543783188,0.359954609,0.438896195,0.568510125,0.418935753,0.454696777,0.547789331,0.343066117,0.312297189,0.614071544,0.387433157,0.348907932,0.59681134,0.278152927,0.221341328,0.633487693,0.473120974,0.434844707,0.533812458,0.548413939,0.443662113,0.488415627,0.470998126,0.417094756,0.533259009,0.396156231,0.679942601,0.422433014,0.452691162,0.630302685,0.429707885,0.444446712,0.603288312,0.446232182,0.263716773,0.753492943,0.414905743,0.515311348,0.388140947,0.526623333,0.446913098,0.648800027,0.422779854,big,3
-0.41543939,0.541683267,2.355837795,-0.431620982,0.35396936,2.420907072,-0.58960767,0.249525642,2.375381277,-0.265850959,0.237079228,2.411560867,-0.678285912,0.115497631,2.244127217,-0.134138934,0.120345096,2.296515819,-0.623170411,0.296629876,2.166680494,-0.148982259,0.29347868,2.20364406,-0.609591666,0.36434642,2.147736831,-0.158845814,0.361833533,2.19224059,-0.422303325,0.006374493,2.435442072,-0.414830346,-0.057977908,2.392422904,-0.486834612,-0.131960424,2.369241096,-0.336896,-0.132311916,2.400741133,-0.526777658,-0.536719833,2.45926406,-0.328561586,-0.527469169,2.508444614,-0.546558694,-0.87252791,2.494736458,-0.320340164,-0.86943744,2.557912687,-0.54999139,-0.93898867,2.455426614,-0.276950157,-0.942402465,2.533331747,0.001999992,0.001717356,0.0062481,0.001026009,0.001246895,0.003918383,0.002153215,0.001252478,0.003130625,0.001230516,0.003439924,0.003628397,0.008543554,0.016352181,0.01447051,0.007433384,0.01091617,0.006880878,0.00519533,0.008674942,0.012146572,0.008629598,0.008774519,0.010852043,0.005559292,0.005466603,0.018580952,0.011201823,0.007833846,0.013617758,7.59514E-4,8.4144E-4,0.003707488,6.13521E-4,0.001134433,0.002192006,0.001015429,9.10512E-4,0.00175137,3.45883E-4,0.001248734,0.002455023,3.78038E-4,0.001919248,0.001331277,8.55911E-4,0.007582107,0.003328864,6.26259E-4,0.002479666,0.001747868,7.49659E-4,0.002070085,7.26664E-4,0.001094056,0.001339343,0.00238916,0.001340463,0.001324097,0.00276741,-0.044080691,-0.032725496,0.118663312,-0.006848649,-0.004240214,0.093263323,-0.086183911,-0.049989795,0.152587696,0.007195856,-0.088263339,-0.002397583,-0.04783063,0.04335537,0.009230556,0.135796022,0.179527644,-0.00983179,-0.056542,0.03890412,-0.078969612,0.072964358,0.027881936,-0.082625815,-0.047336002,0.031726107,-0.116156964,0.091635224,-0.025690383,-0.070154295,0.091798707,0.003941121,0.001449547,-0.043506643,0.045648255,0.06597966,-0.135911772,0.030169632,0.050465265,-0.002876243,-0.025522547,0.052452029,0.019063318,0.070938052,0.010719923,-0.086363914,0.283863126,-0.029876331,0.022719889,0.012723508,0.084169074,0.038338326,0.108964909,6.13E-5,-0.062742445,0.018981823,0.069514055,0.041492786,0.047113097,0.077988288,0.392676393,0.527941402,0.511532883,0.398120313,0.419021149,0.563938141,0.564850796,0.484943699,0.433818207,0.268768952,0.69417127,0.461381028,0.407575406,0.571230187,0.495475769,0.304386113,0.657461205,0.453549545,0.235303418,0.3832084,0.619756414,0.512898751,0.415717398,0.515714371,0.191983996,0.331398603,0.63660081,0.529237618,0.270319687,0.554756225,0.311745264,0.380500669,0.607161125,0.309814709,0.486247863,0.566808982,0.43137772,0.470139763,0.52721559,0.238995896,0.542819519,0.561157535,0.291119012,0.777788966,0.382364269,0.354427655,0.708557246,0.366888922,0.245819554,0.658452776,0.489279858,0.356573572,0.713751573,0.410921495,0.424388401,0.468080337,0.535942426,0.342168704,0.409272999,0.586054185,big,3
0.057276853,0.62965898,2.247138713,0.061793254,0.443164546,2.271281325,-0.126421063,0.33318081,2.271901188,0.227219103,0.333454143,2.241578088,-0.272808111,0.239158011,2.137617025,0.367389779,0.248738226,2.089339488,-0.292656745,0.370760903,1.991324213,0.378119544,0.386957131,1.9470266,-0.302275716,0.434537151,1.962261038,0.377376244,0.468164355,1.9006463,0.061444,0.090024862,2.286023825,0.057366279,0.023968448,2.244705188,-0.022338858,-0.056924342,2.239543138,0.135415681,-0.053607323,2.23439635,-0.041370812,-0.543607288,2.389606375,0.15357727,-0.545038059,2.380356163,-0.038652383,-0.884027653,2.4605649,0.155542506,-0.898020216,2.474606763,-0.0774285,-0.943549695,2.42187515,0.192054685,-0.947505961,2.4295264,0.001094749,0.001180267,0.00250261,0.00137305,3.58401E-4,0.001248873,4.28255E-4,9.71438E-4,0.002027924,0.001206891,0.001131697,0.001506426,0.003675947,0.012116189,0.00976467,0.004214468,0.011652363,0.010129303,0.012649659,0.012749188,0.01755842,0.013594964,0.014230349,0.020024652,0.013901305,0.018337796,0.014923247,0.018556777,0.019096357,0.025482175,3.75585E-4,2.86743E-4,0.001124961,3.15748E-4,3.85737E-4,0.00112374,2.66935E-4,3.52918E-4,7.65409E-4,3.41419E-4,3.21134E-4,0.001747213,4.34423E-4,0.003069637,0.001861441,5.09839E-4,8.12361E-4,8.76893E-4,0.001145907,0.001884803,0.001498296,0.001036722,0.002400567,0.002452145,0.002601096,0.001987116,0.001581744,0.001100868,0.001394562,0.001990054,0.102368503,-0.030515514,0.153514149,0.002669071,0.026302239,0.151743489,0.051073956,-0.109640021,0.34216426,-0.012385172,-0.151848295,0.167638268,-0.063750599,0.067106661,-0.140529068,0.045947333,-0.008545504,-0.079210551,-0.009732255,0.035658104,-0.078169203,0.049768012,-0.031230654,-0.096401319,-0.066940081,-0.078060446,-0.075294242,0.080859778,-0.00565118,-0.054624897,0.020077267,-0.103074545,0.361049113,0.033439082,-0.08323674,0.323958531,0.040917738,-0.025761805,0.131042708,0.057671907,-0.107207344,0.315175801,0.082643522,0.173157702,0.016858372,0.016885682,-0.002330803,0.120452793,0.026406627,0.012378791,-0.048164769,0.048463155,0.070019399,-0.014545049,-0.061023445,-0.062542147,0.147248158,-0.013852957,0.055596624,0.01774489,0.416535439,0.597105293,0.446105657,0.605322574,0.492957369,0.406556574,0.315296533,0.577512347,0.388894568,0.462021776,0.517808401,0.461156353,0.357671873,0.510493816,0.524469245,0.272337103,0.647247712,0.48955356,0.422539258,0.489787254,0.526854695,0.33504264,0.509961268,0.54438502,0.43476315,0.539350956,0.49256121,0.42400498,0.442785231,0.547177339,0.530749232,0.39725602,0.369225233,0.526726534,0.50273467,0.343842407,0.563733332,0.534579584,0.416307892,0.501090313,0.466825416,0.388671358,0.410670049,0.692832659,0.387827055,0.362539526,0.614257911,0.473769344,0.415044168,0.597777722,0.475490365,0.373007777,0.513349832,0.537078795,0.548670333,0.462333972,0.458750996,0.434354374,0.545648447,0.49848954,big,3
-0.324764379,0.673492235,2.431995952,-0.313815005,0.485760376,2.512937222,-0.484821486,0.362587876,2.513588111,-0.150127795,0.380444203,2.53198927,-0.607343225,0.238953551,2.36425254,0.00911404,0.289119317,2.391747397,-0.612810738,0.436725149,2.251993016,0.005142786,0.472669137,2.248551302,-0.614165265,0.507449176,2.237023825,-0.003278862,0.528529468,2.234423317,-0.3116111,0.130762438,2.521119349,-0.310785867,0.059957319,2.520032143,-0.386101114,-0.016666318,2.514018349,-0.234310444,-0.014014526,2.524269794,-0.416881225,-0.477171141,2.634214095,-0.222857937,-0.481936714,2.653202175,-0.420484841,-0.849488567,2.671713222,-0.22952724,-0.862227398,2.679785079,-0.448717149,-0.928429932,2.649818159,-0.206135379,-0.937857819,2.650934381,0.00305975,0.0011837,0.004262533,0.002793249,0.001044349,0.003543597,0.001655842,4.74087E-4,9.20469E-4,0.001865478,0.003497866,0.003189287,0.005710169,0.026998421,0.01247899,0.007765057,0.010727199,0.016220902,0.039315417,0.030448414,0.046071372,0.052512289,0.023213082,0.050721214,0.04696014,0.017066641,0.052908499,0.060416465,0.013914947,0.060194946,8.24121E-4,0.001108108,0.002592208,6.03755E-4,0.001216481,6.72915E-4,6.27831E-4,0.001292152,5.19662E-4,5.04854E-4,0.001522727,8.15449E-4,8.55941E-4,0.001309909,0.00144422,0.001327672,0.002016566,0.001721376,8.06838E-4,0.001046103,8.29297E-4,5.24193E-4,0.002100305,9.25868E-4,0.002957391,0.001972306,0.002648185,0.001651444,0.001772214,0.001378203,0.070819454,-0.09248487,-0.073235651,0.059090566,-0.019300276,0.055496191,-0.027717765,0.005555734,0.045557375,0.046661481,-0.064882039,0.020507632,-0.03227339,0.175639976,-0.122966156,-0.053357761,0.006018161,0.011000826,-0.021951992,-0.007378036,-0.082089975,0.017127263,0.005614699,-0.040442343,-0.071690333,-0.035144768,-0.106982841,0.020731817,0.03448352,-0.07249468,0.004320804,0.114177201,-0.114086851,0.021741752,0.208486414,0.021875658,0.131783505,0.364428521,0.014010442,-0.016025704,0.250381776,0.124212822,0.134279988,-0.034107007,-0.021851715,0.114599233,-0.00938699,-0.074689968,0.032000825,-0.07240128,0.008469828,-0.014857018,0.057862351,-0.043482164,0.105634397,0.003316262,-0.083496839,-0.052722653,0.038501522,-0.050173303,0.433204206,0.305619446,0.5822861,0.492021982,0.272976515,0.573185674,0.533529522,0.458864814,0.491747074,0.353503171,0.643285401,0.467838481,0.322738671,0.564240239,0.499103803,0.395046176,0.530821737,0.52099043,0.458392698,0.43495308,0.534005167,0.523842716,0.414542473,0.51670121,0.494223929,0.254730213,0.56788593,0.542756163,0.28334778,0.546202906,0.331184479,0.302757641,0.609429433,0.446992124,0.482055482,0.503026345,0.532263212,0.453775678,0.413314856,0.426819644,0.576844267,0.432219939,0.405959223,0.646737053,0.436076182,0.429116554,0.671707341,0.402347933,0.402307821,0.617673551,0.465825029,0.325735725,0.731224553,0.409639553,0.540526998,0.370713973,0.514176315,0.537984925,0.565180549,0.427532117,big,3
-0.420929749,0.726320336,2.383440526,-0.420056571,0.541531183,2.439498974,-0.582274486,0.418896936,2.390537789,-0.252244316,0.440475792,2.4354225,-0.69115418,0.301234739,2.222101171,-0.090028109,0.321485791,2.247827,-0.671620866,0.470403037,1.998313566,-0.109139579,0.481737391,2.028368395,-0.670116684,0.523909049,1.973647421,-0.122763282,0.537161203,1.990748395,-0.392933433,0.182515464,2.451931671,-0.383621597,0.112793309,2.427800026,-0.451738721,0.033628824,2.410400171,-0.302795893,0.041709512,2.436614145,-0.489681529,-0.46283458,2.520539697,-0.258080405,-0.484154138,2.559562105,-0.529518205,-0.853925478,2.606814632,-0.213102157,-0.862647904,2.618028066,-0.579766628,-0.929574808,2.580741197,-0.173822796,-0.940137924,2.597418289,0.002729801,0.003316058,0.003211937,0.001907813,6.61404E-4,0.004134298,0.001288341,0.001311358,0.004331469,8.75693E-4,9.05021E-4,0.004149748,0.002521246,0.005025636,0.007682277,0.00563403,0.006380153,0.007587959,0.008075557,0.013838667,0.017896685,0.00973905,0.012408674,0.026874934,0.009582084,0.01155788,0.022024457,0.012877956,0.019409337,0.022543963,0.001019593,5.37286E-4,0.004143436,7.87114E-4,6.75644E-4,0.003045332,8.77562E-4,5.75367E-4,0.002968605,6.16474E-4,6.05719E-4,0.002947235,0.001809479,0.001819103,0.003794202,0.001540398,0.005018018,0.002972242,4.6576E-4,0.001667946,0.001370746,9.69726E-4,0.002477497,0.001590212,0.027905064,0.012302331,0.029089295,0.001413369,0.001438742,0.003775708,-0.053556517,0.007432076,0.05089532,0.025741168,0.065396398,-0.102784331,-0.090751717,-0.004186711,0.027705349,-0.044512818,-0.055078903,0.042511204,-0.059016967,-0.064763532,0.029235952,0.116173919,-0.195730096,0.025613629,-0.050928776,-0.036492203,-0.01955067,0.03926736,0.095707635,0.044623724,-0.041037577,0.068265108,-0.025991916,0.047485724,0.071365663,-0.044695137,0.090705964,-0.001635328,-0.097457843,0.070520385,-0.022094067,-0.186650664,0.062023492,-0.05904403,-0.160816687,0.061833798,-0.059516835,-0.151296097,0.053631354,-0.189512353,0.014808144,0.040483581,0.054267568,-0.008213797,0.027092176,-0.137970572,-0.032509336,0.004164334,-0.116200034,-0.068941844,0.022617469,-0.033402985,-0.006965938,0.046304704,-0.066755692,-0.026900068,0.316046376,0.664471399,0.467464895,0.522122389,0.350773029,0.531317723,0.345802978,0.512445329,0.545237408,0.51091144,0.399386819,0.527911828,0.216855375,0.592967818,0.537827864,0.414518802,0.565041167,0.469969303,0.213345021,0.52644428,0.57413177,0.272107418,0.39593391,0.608679035,0.207257547,0.494933256,0.587772948,0.315446064,0.528618811,0.545998211,0.309445323,0.315629637,0.617939667,0.369717705,0.392282227,0.556754023,0.439912482,0.360021806,0.549401229,0.414872996,0.330358248,0.570769296,0.27399378,0.67767713,0.454199792,0.232288648,0.831282536,0.344162938,0.208033516,0.684280922,0.475905969,0.4016572,0.593557669,0.474180714,0.509019212,0.353772918,0.54802531,0.397024774,0.382351494,0.580814236,big,3
0.050790702,0.633458251,2.25267625,0.058120009,0.446732526,2.267619762,-0.131789583,0.32900351,2.273651429,0.222286356,0.33070063,2.231668274,-0.270197813,0.220233002,2.152818988,0.354225992,0.232297594,2.081255869,-0.303686049,0.346424658,2.00124506,0.357812714,0.359125454,1.925093905,-0.318852205,0.404577795,1.974803143,0.362291805,0.426837645,1.884635786,0.05855095,0.090707593,2.281738857,0.053291605,0.023596025,2.242426083,-0.026536678,-0.057747243,2.24007125,0.131457567,-0.053906053,2.229934429,-0.042418427,-0.544516438,2.388805952,0.151900094,-0.54541701,2.37797256,-0.038219426,-0.885707464,2.46093175,0.153881305,-0.899033279,2.472684714,-0.078718581,-0.94453912,2.421504512,0.19319456,-0.948011767,2.42738169,0.006905482,0.002362749,0.005318224,0.001233285,0.001653154,0.001874807,0.001447282,0.001150971,0.001791822,0.00237326,0.001412827,0.002397124,0.003365992,0.008382346,0.006732586,0.003658846,0.007185227,0.009190082,0.015113331,0.015520034,0.015346256,0.011829728,0.017530416,0.027147186,0.017535926,0.023830815,0.016712448,0.015710089,0.028358512,0.029748034,9.77954E-4,5.3607E-4,0.001925175,0.001047727,4.90168E-4,0.001733717,9.91412E-4,5.22101E-4,0.002451922,0.001285814,6.21565E-4,0.00144811,6.64981E-4,0.002866313,0.001695346,4.42879E-4,8.92402E-4,0.00156373,0.001299362,0.001846381,0.001817937,0.001284892,0.002413375,0.003001914,0.001557421,0.001418207,0.001537613,0.002062223,0.001434487,0.002096594,-0.164526455,0.051536291,0.212894594,-0.11861947,0.195349108,0.093407532,-0.146689639,-0.008250999,0.225618666,-0.07773307,0.035630295,0.064040849,0.028894404,0.065053281,-0.037662246,0.076853413,0.047365593,-0.073362798,-0.054658571,-0.028102217,-0.083413801,0.037105934,-0.013342616,-0.125307015,-0.009006087,-0.06724541,-0.105307089,0.028758333,-0.022904482,-0.079064213,-0.155763036,0.182119592,0.133069829,-0.242960204,0.125229463,0.314302989,-0.173725449,0.18073227,0.369004113,-0.223059984,0.145907404,0.157693841,-0.003594858,0.184663611,0.03074427,-0.008005129,0.079684688,0.107852011,0.065744242,-0.166743472,0.094686007,-0.066290011,0.050560017,0.021673412,0.029297791,0.027284159,0.03674579,-0.018339566,0.083172189,0.036352695,0.476339259,0.459860258,0.462470443,0.462560942,0.419294296,0.513643918,0.517309488,0.407842659,0.463209943,0.506232047,0.443721968,0.509455791,0.426489974,0.619642337,0.455028874,0.347538842,0.54414639,0.525324299,0.440952225,0.560787408,0.480168844,0.352925156,0.497238065,0.539812136,0.448503232,0.584582837,0.457140387,0.326133056,0.566457693,0.522825902,0.391288262,0.335825423,0.560403046,0.475467915,0.387420446,0.410013481,0.539302328,0.35630575,0.339808797,0.396998251,0.409908036,0.519656137,0.382022144,0.684643176,0.41038813,0.373453271,0.587334366,0.486563149,0.460342683,0.575214254,0.444131355,0.392245355,0.54838912,0.512532704,0.552305163,0.501932198,0.461854817,0.519103352,0.466820653,0.495250323,big,3
-0.407991761,0.537695037,2.355367225,-0.430860123,0.352299692,2.423481141,-0.579020335,0.246201294,2.373331141,-0.265477341,0.245539051,2.422399225,-0.660476585,0.102581551,2.245962169,-0.145982373,0.106485336,2.292083451,-0.60727431,0.276496308,2.139121549,-0.148784206,0.268180828,2.181764817,-0.594505656,0.331355528,2.118991817,-0.153265566,0.329558404,2.165722775,-0.421905001,0.002371188,2.437959113,-0.411896337,-0.061592801,2.391739056,-0.481302627,-0.133803449,2.366547873,-0.335759454,-0.133799099,2.401494366,-0.527643555,-0.53881563,2.45689631,-0.328646514,-0.530371754,2.504515549,-0.545540755,-0.875337011,2.496474155,-0.320548214,-0.871650876,2.558067648,-0.549196825,-0.940547965,2.455525099,-0.276832038,-0.942821,2.531871873,0.002300855,0.001871714,0.00298644,0.002167044,7.17403E-4,0.002700766,0.005010054,0.002634629,0.003056393,0.001383196,0.001522718,0.004498867,0.003995262,0.011932686,0.011632621,0.002341789,0.004065512,0.005328802,0.00420823,0.004603693,0.015605026,0.008769597,0.005333734,0.01136554,0.0051243,0.007185411,0.019448254,0.011251073,0.007818848,0.014682325,9.83267E-4,5.50504E-4,0.002627842,6.4429E-4,4.42761E-4,0.001827343,8.31824E-4,0.00122489,0.001425795,3.11228E-4,8.05453E-4,0.002247343,8.04116E-4,0.002414331,0.001789799,7.19009E-4,0.005573688,0.003119078,5.39433E-4,0.003182158,0.001822494,6.59224E-4,0.002292272,0.001085506,8.71267E-4,0.00208659,0.001859454,8.66882E-4,0.001026249,0.001745204,-0.080278115,-0.045477396,0.048901216,-0.163214587,0.030071766,-0.013767266,-0.063449197,0.054113125,-0.137402659,-0.034357493,-0.074981277,-0.104172984,-0.05997715,-0.004604883,0.002026975,-0.010633405,-0.04444047,-0.034558612,-0.039012114,-0.032616553,-0.092971569,-0.011203205,0.026769867,0.03054301,-0.033995818,-0.051963599,-0.05907913,0.001524485,0.009444215,-0.022054611,-0.04002294,0.008739398,-0.116544764,-0.061669688,0.02459586,-0.077772184,-0.065945496,-0.065795097,-0.059290308,0.038946242,0.003417816,-0.075228156,-0.008031279,-0.098565238,0.056032723,-0.0827764,0.117454999,-0.122537953,0.005057777,0.050158485,0.024527511,0.048371511,-0.007493003,-0.036526822,0.00464783,0.061488961,0.033469394,0.063636455,0.00170097,0.132171381,0.409433828,0.537796606,0.507625686,0.495196496,0.292451077,0.559752537,0.621758585,0.511710273,0.382054561,0.27589371,0.564844828,0.529921399,0.256937108,0.607701811,0.522837272,0.37739507,0.41924333,0.575752423,0.193501562,0.329035059,0.640253953,0.511893214,0.351073394,0.54666284,0.167011064,0.42489124,0.618990144,0.463844697,0.311450593,0.579862646,0.367003109,0.300724573,0.604703277,0.405841152,0.395314838,0.569206687,0.483239705,0.57892925,0.447829044,0.423843203,0.460644683,0.538909607,0.335636619,0.752683517,0.380947185,0.324946731,0.749618445,0.365235132,0.297354655,0.678291287,0.465519751,0.379695238,0.683968444,0.429299584,0.356694654,0.630680161,0.476758073,0.465105139,0.37196867,0.543821087,big,3
-0.329164143,0.674283907,2.438497611,-0.319819428,0.485991656,2.518556222,-0.486884839,0.357429336,2.510008611,-0.155476365,0.37639926,2.533095736,-0.605977714,0.256905015,2.344371792,0.009164209,0.289589061,2.390200569,-0.626454885,0.459206142,2.248875708,0.011794273,0.488363757,2.275559153,-0.631397508,0.519012624,2.244665361,0.008846167,0.542478429,2.268623972,-0.315284932,0.128281358,2.529759833,-0.313312883,0.057026858,2.521352333,-0.387765419,-0.019367669,2.513346042,-0.236261411,-0.016151172,2.525587403,-0.418839857,-0.476605582,2.633720319,-0.225543714,-0.482495907,2.656628819,-0.420265406,-0.849120131,2.672362917,-0.22994754,-0.860805204,2.679146014,-0.449104364,-0.92740406,2.652195889,-0.207209911,-0.936501442,2.650129,0.001518242,8.9391E-4,0.004062143,0.001981918,4.7849E-4,0.003264753,0.001285239,9.46423E-4,9.29699E-4,0.001110475,0.001891303,0.00230954,0.004677745,0.008212652,0.005940129,0.009249401,0.006792703,0.013208572,0.05190175,0.025958429,0.046299692,0.065962891,0.024643898,0.047670088,0.060362218,0.018891904,0.053914497,0.074595005,0.018409298,0.055201837,9.15143E-4,3.70416E-4,0.001852869,8.01202E-4,3.63272E-4,0.001369733,8.56233E-4,5.80489E-4,0.001416631,6.81796E-4,6.31556E-4,0.001876131,6.56744E-4,0.001210772,0.001682251,7.04701E-4,0.002041854,0.001087008,4.5661E-4,0.001167319,7.20397E-4,4.29474E-4,0.00257158,0.001239049,0.002203632,0.001809004,0.002113384,0.001685713,0.002109167,0.001431359,-0.018614869,0.047734687,0.045612308,-0.042001396,0.014041063,0.07205371,-0.296063264,0.051389989,-0.056334781,0.082615316,-0.071951629,-0.050502941,-0.028896287,-0.053519656,0.060660813,-0.015970343,-0.036876965,0.025818007,0.007253332,0.075035738,0.018892428,0.008995023,0.069175388,0.022921722,-0.054313749,0.042089898,0.035140694,-0.001257692,0.099303663,-0.006533659,-0.082690305,0.045373979,0.12197172,-0.238284832,0.072973736,-0.1254179,-0.177218137,-0.060245716,-0.20900844,-0.070435396,0.041917729,-0.164571719,-0.029356253,0.119765971,0.077855747,-0.051007588,-0.089443477,0.018640908,-0.074228164,-0.054722712,0.083198849,-0.001552713,-0.083114665,0.023064526,0.034370729,-0.002824963,-0.006919863,-0.100546291,0.044961986,-0.05993725,0.228480004,0.320609974,0.641887828,0.393277616,0.224041485,0.61989314,0.440898762,0.416246413,0.510029385,0.350829743,0.594773339,0.49584995,0.383504552,0.641712879,0.45597684,0.454861068,0.503051561,0.511354283,0.548073128,0.413719774,0.503924782,0.626638795,0.384352347,0.468781556,0.599532419,0.24846071,0.527944638,0.628281681,0.393343657,0.461719665,0.221498929,0.231555989,0.649630849,0.386378816,0.490674862,0.500491335,0.462008302,0.484680442,0.454653609,0.490445643,0.467548724,0.482199784,0.424969333,0.691671757,0.386777143,0.496111473,0.706884382,0.338117866,0.37051359,0.587182869,0.49050392,0.248388,0.710596765,0.453422768,0.539401335,0.344922758,0.536044209,0.48780989,0.612579675,0.42018746,big,3
-0.409734385,0.540121462,2.352791167,-0.428679942,0.35280143,2.415522133,-0.589798962,0.251644467,2.3730554,-0.260892925,0.231646308,2.404967133,-0.687946752,0.145937523,2.225304667,-0.121612199,0.133892395,2.290758417,-0.627809805,0.316849338,2.15865345,-0.13418391,0.304614112,2.198024617,-0.615498237,0.37742798,2.1473154,-0.143556178,0.378320975,2.18530065,-0.420131157,0.00702742,2.428765933,-0.413917893,-0.057628449,2.389738767,-0.487416772,-0.131848737,2.367786383,-0.335329002,-0.133834687,2.397800717,-0.526612915,-0.5357727,2.458734433,-0.329663795,-0.530581455,2.51109415,-0.546161492,-0.871716832,2.495928217,-0.321100537,-0.869488373,2.558708,-0.549351728,-0.939129905,2.45745955,-0.275613677,-0.943442395,2.531325667,0.003726017,0.00228646,0.005892313,0.002662138,0.001823715,0.004352953,0.001572986,7.77047E-4,0.00204594,0.003242745,0.001582107,0.003363109,0.004975124,0.003721115,0.003587351,0.011519601,0.013097779,0.004058891,0.005195411,0.003768343,0.014829691,0.014461047,0.011538035,0.013651954,0.006911926,0.007394338,0.023933066,0.018469222,0.010335147,0.020846262,0.001765665,3.72351E-4,0.00513737,0.001076705,2.50861E-4,0.002444961,5.91333E-4,2.24218E-4,0.001873012,0.001067168,6.76629E-4,0.002383154,7.63821E-4,0.001647137,0.001837719,6.40349E-4,0.004750506,0.002160348,8.16648E-4,0.002178958,0.002271399,7.23492E-4,0.001700475,0.001014332,0.001183093,0.002107877,0.003729918,9.95327E-4,7.71697E-4,0.001534949,0.139812018,0.057826619,-0.124517346,0.193555867,-0.035792293,-0.169324276,0.152148266,0.022994923,-0.290997291,0.157096084,0.060092397,-0.203784794,-0.135786771,-0.040103123,0.011741774,0.128981667,0.070074575,0.097300272,-0.026822813,-0.024372827,0.005762887,0.019663651,0.042212419,0.008590416,0.012572228,0.007083356,-0.031543083,0.018884104,0.033973136,0.006115019,0.131798949,-0.023724314,-0.241589487,0.130535039,0.005850198,-0.321766779,-0.005983848,0.003103564,-0.37738431,0.142644008,-0.035956725,-0.341161729,-0.031411349,0.068849094,-0.104952154,-0.038567576,0.323949141,-0.108641721,-0.022024184,0.025765455,0.047537306,0.032967336,0.195871395,-0.069575354,-0.016619491,0.057346778,-0.052412251,0.092322085,0.036986106,0.117641548,0.334367991,0.498221749,0.53301499,0.391440235,0.30649062,0.564877829,0.548045661,0.523111695,0.32614601,0.495763897,0.591478134,0.370262495,0.357281139,0.568316132,0.505841537,0.454272303,0.56401382,0.456841551,0.242510053,0.314819642,0.641765146,0.546662084,0.341339679,0.531668714,0.184526748,0.432643513,0.616273029,0.505175621,0.320262737,0.558420887,0.287073369,0.266879842,0.588416374,0.424886297,0.440403961,0.436249061,0.502817261,0.405416782,0.371585171,0.400257642,0.529751705,0.376478882,0.328418503,0.774184384,0.351854686,0.260298842,0.749050943,0.33314973,0.226957577,0.668313325,0.489455725,0.351023216,0.596658794,0.476374404,0.342530446,0.545983686,0.528399974,0.466258922,0.484188691,0.496491482,big,3
0.003842541,0.700541796,2.409103449,0.009364221,0.512448331,2.450085653,-0.168738784,0.413144533,2.439960429,0.178964069,0.404008278,2.427658122,-0.332319498,0.318423931,2.290104837,0.341547994,0.307209659,2.270358531,-0.310920816,0.50556402,2.117472224,0.344461541,0.487643143,2.106072918,-0.301326382,0.563927822,2.09518651,0.330264778,0.55991481,2.073895163,0.008014643,0.151846241,2.463084816,0.005780996,0.087433199,2.409103327,-0.073500123,0.010052071,2.401105592,0.083549054,0.009602809,2.397122061,-0.100320479,-0.476022071,2.528631408,0.114476057,-0.469373498,2.512158204,-0.102105494,-0.854019473,2.613673224,0.121322245,-0.848008884,2.605856694,-0.151544718,-0.920158659,2.559998735,0.183604367,-0.923604596,2.582594796,4.42503E-4,5.18126E-4,0.002833622,5.18072E-4,3.7643E-4,0.003754852,7.27406E-4,5.52936E-4,0.002283749,3.06423E-4,6.30148E-4,0.001423315,0.003098838,0.00569588,0.011595829,0.002471452,0.005676809,0.011131291,0.020230129,0.01450684,0.040147029,0.016473059,0.016128291,0.046735455,0.028321465,0.017270986,0.049572566,0.027761749,0.019897947,0.045568107,5.67401E-4,5.72956E-4,0.001710836,3.93526E-4,3.67343E-4,0.001340761,7.37388E-4,2.24897E-4,0.001559144,1.95211E-4,2.36072E-4,0.001151418,0.001343799,0.006389612,0.002671093,0.001513895,0.002719684,0.001330181,6.24093E-4,0.002751306,0.001262324,2.75112E-4,9.62881E-4,8.60429E-4,0.001542972,0.002635471,0.0026564,9.25877E-4,6.54332E-4,0.002442845,-0.061492828,0.057011006,0.110655709,0.025515806,-0.037261043,0.032857705,0.146466022,-0.03403596,0.084447442,0.078513892,-0.078376582,0.138907694,-0.01563977,0.083161321,-0.105662246,0.004612819,-0.001502555,-0.077841923,-0.058704244,-0.018502447,-0.102023732,0.014212966,0.066019902,-0.099444099,-0.081156107,-0.013144676,-0.118524404,0.048217523,0.010440997,-0.104946169,0.047338152,-0.029907791,0.151220732,0.089184651,-0.109499418,0.183565892,0.013691342,-0.067131166,0.137545234,2.92234E-4,-0.070658386,0.289881641,0.02599836,-0.286112102,0.166339517,0.00300002,-0.168740138,0.012808566,-0.107651355,0.016250989,-0.052487984,-0.041387077,-0.105619874,0.060297235,-0.062181547,-0.078511038,0.082517622,0.03030814,-0.049828859,0.015402062,0.281729354,0.299028094,0.623778709,0.249581555,0.167673264,0.665009481,0.309848318,0.319541433,0.609677078,0.311716836,0.411161726,0.574885609,0.365144459,0.34879348,0.589099104,0.289829755,0.371541535,0.610215961,0.31823866,0.334391066,0.608668462,0.261448929,0.406919003,0.600159186,0.3496539,0.282353886,0.608935048,0.364534213,0.345974572,0.592288831,0.351558737,0.603006388,0.470142255,0.361989663,0.447323977,0.528618479,0.495490644,0.370736394,0.525734112,0.429544034,0.348998492,0.498095321,0.183860142,0.764710865,0.331536815,0.366319627,0.645063048,0.446911452,0.310833214,0.728422456,0.40879426,0.45470731,0.525542119,0.487675028,0.46661429,0.377439919,0.545360133,0.35777909,0.311805794,0.612364778,big,3
-0.395094142,0.728410275,2.259048972,-0.403774428,0.543336636,2.266551722,-0.453602269,0.3943714,2.13134675,-0.296755326,0.473178639,2.434008306,-0.258248385,0.28765515,1.977333861,-0.072353352,0.365756789,2.437367597,-0.067757577,0.467072408,1.937550542,0.0767135,0.53322541,2.284604694,-0.007709898,0.545570543,1.930556194,0.110573522,0.579090703,2.240738736,-0.353056696,0.186035204,2.301497056,-0.335270265,0.115661026,2.307617208,-0.360915968,0.02752605,2.237967986,-0.284500349,0.049084253,2.386670389,-0.392504399,-0.484947253,2.364772653,-0.294314353,-0.495010713,2.561531014,-0.402618428,-0.880592672,2.355870042,-0.292004674,-0.846131382,2.645132903,-0.322469111,-0.927832819,2.317808958,-0.213499769,-0.905554083,2.703790944,0.00507069,0.002409757,0.004603528,0.002804236,0.001853599,0.003330395,0.002175616,0.002094414,0.002170418,0.004314757,0.003375459,0.004248233,0.02052565,0.008508973,0.007877463,0.012904725,0.013682552,0.017527767,0.023318563,0.00713407,0.011076244,0.027371872,0.02630381,0.025469452,0.027774326,0.016220198,0.014922882,0.044556494,0.030965985,0.063926791,0.00216469,0.010772341,0.003391291,0.00261017,0.013946695,0.0038077,0.004127472,0.00666091,0.005540817,0.002981648,0.010398562,0.008299672,0.00259796,0.002881859,0.006195987,0.012578622,0.008279333,0.020348966,0.001206315,0.00156614,6.67767E-4,0.002288007,0.004555661,0.002003128,0.001300129,0.001452239,0.001228433,0.005140263,0.00476112,0.005860016,0.004722378,0.065463814,-0.021325771,-0.052763314,0.084221371,-0.006851815,-0.037748661,0.039256793,0.109961903,-0.038613509,0.135515713,0.028440035,0.161576714,0.055147211,-0.050799989,-0.008877842,-0.038711113,-0.026531529,0.061717839,0.067845508,-0.017722281,0.098534886,0.046756274,-0.066282253,0.106779658,-0.0486078,-0.052198163,0.097612438,0.006913058,0.015068567,-0.123798785,-0.022606392,0.050920385,-0.112367112,0.009222793,0.044097235,-0.143105822,-0.030188076,-0.002539909,-0.086509687,-0.025364291,-0.031308652,-0.042641231,0.020457435,0.036500395,-0.029947601,0.001310693,-0.028519305,0.131806679,0.129546562,0.071404587,0.002446515,-0.013370675,0.059568579,0.129276077,0.089928935,0.102340364,0.023330089,0.074786489,0.036721,0.761968601,0.301503624,0.393143762,0.527746618,0.450606693,0.497112195,0.654571059,0.366472679,0.444757414,0.449026168,0.503997554,0.504233001,0.737088051,0.523699074,0.258421379,0.622811938,0.5190879,0.403448435,0.799091257,0.354194623,0.326149686,0.640115974,0.588690207,0.322984234,0.713951054,0.48535952,0.332513904,0.646701001,0.606837398,0.307628274,0.453762284,0.763662348,0.296239804,0.441839971,0.77733944,0.291206076,0.485667132,0.526780837,0.474784121,0.371168391,0.66115388,0.447657932,0.340913426,0.361985466,0.605677174,0.298500013,0.384188019,0.611004073,0.400796119,0.727561489,0.354228046,0.408058146,0.721971731,0.381298251,0.345716987,0.661747617,0.437089472,0.484515637,0.474907787,0.508263752,big,3
0.043804522,0.706527317,2.396019565,0.005660483,0.525679929,2.421063116,-0.098350163,0.418203296,2.296227826,0.189096177,0.433578317,2.600872899,-0.087212594,0.270267238,2.118930435,0.364768896,0.325403481,2.650809116,0.08890194,0.450217694,2.025241623,0.44955868,0.504547026,2.514392261,0.145275847,0.517397881,2.007770377,0.473174326,0.578677614,2.471867246,0.059646711,0.169550694,2.429981014,0.07337194,0.098656542,2.432251942,0.015071156,0.021146441,2.377995696,0.156984486,0.017792326,2.485390493,-0.04024525,-0.49910739,2.484915058,0.137737455,-0.45578348,2.638706493,-0.08335788,-0.87263923,2.542792826,0.09893719,-0.820221329,2.705040261,-0.065057041,-0.930687564,2.476384797,0.164262412,-0.8870439,2.750872232,0.005897623,0.002478404,0.004744672,0.004869877,0.003155485,0.003937912,0.003241872,0.005910429,0.006588842,0.008463695,0.006161995,0.007196329,0.012395644,0.008837711,0.012985467,0.020577784,0.009810821,0.017898897,0.015178071,0.036135525,0.030906452,0.047864938,0.016414712,0.012009749,0.03695845,0.028090801,0.050245201,0.060715168,0.016161919,0.012070348,0.002499885,0.003128928,0.002109357,0.002620667,0.004297885,0.002229001,0.00242869,0.003574841,0.003289403,0.004289028,0.004145426,0.003087443,8.28764E-4,0.002307364,0.00305993,7.97183E-4,0.002207898,0.003024889,9.13387E-4,0.001368665,0.001056047,0.001684934,0.003170287,0.00162683,7.02223E-4,5.54533E-4,0.001590037,0.001722167,0.001550906,0.004470896,0.002418828,0.047394581,0.103061793,0.072631136,0.063894745,-0.04874749,0.060071751,0.085710604,0.099435175,-0.042715717,0.067284371,0.035757536,-0.086084268,-0.013812741,0.117761676,-0.095639524,0.074878985,0.110626529,-0.012049628,-0.110758753,-0.102732183,0.161044438,0.009184057,-0.01084557,0.072855232,-0.04212438,-0.142183878,0.248768691,-0.026131635,-3.90239E-4,-0.096041779,0.11490797,0.039001546,-0.100228466,0.088451838,0.030482622,-0.044220063,0.100775787,-0.022466455,-0.104015147,0.0974752,0.092718744,0.041765906,0.059669719,0.081089088,0.042268236,-0.036411698,0.047860991,-0.00172871,-0.120972756,-0.012871495,-0.01002036,-0.171015182,0.051547447,-0.017295495,-0.062567332,0.060890807,0.005407839,-0.013575464,0.031485913,0.62956709,0.388002374,0.455275998,0.529582414,0.320430459,0.542145249,0.326356511,0.507162918,0.543318407,0.518263988,0.429503402,0.511460334,0.541760807,0.540122706,0.4267319,0.576355216,0.432016779,0.461878301,0.369491594,0.588620376,0.483881539,0.792103594,0.431929812,0.268943897,0.434442845,0.394155793,0.544509475,0.841120826,0.313487066,0.240880231,0.472758285,0.705168889,0.345460485,0.488008078,0.72452604,0.317951475,0.424230765,0.62210989,0.449993363,0.57636644,0.562383735,0.386493599,0.286934111,0.642633047,0.485416597,0.409588463,0.742473483,0.359484094,0.373321014,0.572333501,0.501583007,0.381130985,0.728583616,0.370154433,0.382303271,0.441926182,0.562156283,0.35693988,0.333661932,0.610052946,big,3
-0.340386583,0.724556621,2.270533315,-0.375611155,0.541417854,2.273138944,-0.432467953,0.39766712,2.137543034,-0.266933369,0.473781433,2.450800607,-0.244937749,0.282568663,1.980844888,-0.03288404,0.358958745,2.443813876,-0.049340912,0.4646876,1.934344045,0.106713238,0.517972146,2.292632989,-2.63982E-4,0.529493998,1.923173146,0.138478893,0.581656862,2.25724209,-0.328329339,0.191003518,2.307402382,-0.311259189,0.121822416,2.31341536,-0.338428361,0.033274685,2.244496551,-0.259925825,0.053677296,2.392439966,-0.382400596,-0.488965946,2.373702315,-0.272411807,-0.482494825,2.57182136,-0.401053374,-0.878824534,2.356787843,-0.289727509,-0.845790001,2.646894652,-0.333684215,-0.933482255,2.322291404,-0.210343293,-0.906395496,2.704189461,0.01482661,0.002765356,0.004910183,0.006673683,0.001337523,0.002219793,0.004371845,0.001429028,0.002869722,0.004515058,0.00324008,0.006362688,0.008562777,0.004771189,0.003653107,0.007553487,0.008559146,0.005175738,0.011924291,0.006584547,0.007516485,0.015132621,0.026950466,0.013515783,0.012744022,0.013114579,0.008656099,0.024597827,0.017573468,0.006091842,0.005183288,0.002669493,0.002692219,0.00487502,0.00325637,0.002902714,0.004138283,6.91558E-4,0.005373367,0.004036117,0.002193343,0.002437341,0.001801918,0.001696682,0.003272366,0.008366984,0.009271778,0.011305,9.10665E-4,0.001341413,5.0053E-4,0.002553957,0.004130198,0.004701925,0.022291702,0.012949837,0.007649126,0.004389749,0.004452103,0.00627041,-0.174073741,0.019887094,-0.081025998,-0.329803963,-0.034558043,-0.193799097,-0.267893123,-0.077996871,-0.179662448,-0.146516423,0.078242363,-0.293052406,-0.017398405,0.110208132,0.019597647,-0.07039484,0.024233497,-0.035572955,0.039781525,0.134293589,-0.015972628,0.07332294,0.041592279,-0.041445297,0.031759753,0.046748636,-0.006789634,0.014205394,0.032511425,-0.012090773,-0.234407833,-0.070194924,-0.103527932,-0.190175827,-0.047763422,-0.092485935,-0.227826227,-0.034282146,-0.065775107,-0.092848628,-0.019926506,-0.034119315,-0.056436324,-0.119098405,-0.040543902,-0.027151906,0.035711104,-0.047670816,-0.030082429,0.063420323,0.016642375,0.030510477,-0.032384477,0.107622942,-0.029410245,0.063938177,-0.009131724,0.010415092,-0.023036293,0.033706126,0.780235404,0.319209928,0.341795605,0.458150714,0.59269017,0.346603781,0.529052733,0.428798083,0.436374885,0.427712041,0.569665491,0.373875866,0.694385451,0.568857819,0.291117784,0.609068142,0.536224703,0.401229435,0.664017716,0.427281966,0.415205159,0.680327239,0.562265269,0.315426372,0.59791045,0.555132733,0.399777092,0.701294711,0.621618712,0.23328468,0.469155277,0.723229026,0.285687818,0.47844474,0.744363912,0.273370226,0.523709069,0.318489076,0.524640634,0.307784198,0.588152285,0.517931954,0.303646817,0.446917553,0.581295033,0.293287448,0.755772779,0.402985299,0.431822034,0.750334424,0.341775537,0.426753758,0.625103957,0.441775882,0.514404784,0.631266072,0.400218203,0.444789496,0.478952341,0.528421654,big,3
0.032061285,0.71019353,2.416481585,-0.004471293,0.53186906,2.43190934,-0.105597204,0.419987317,2.307732962,0.178760625,0.431548645,2.615063849,-0.093242535,0.266678874,2.125763377,0.360734145,0.336686566,2.652374604,0.076641764,0.441537402,2.016128943,0.459178057,0.513056326,2.524711981,0.132351869,0.511494258,1.993718396,0.485047291,0.583010206,2.485219396,0.051175869,0.174460502,2.442825717,0.065159671,0.103302826,2.44553934,0.007515816,0.022983588,2.389722113,0.148825477,0.023206685,2.501152189,-0.044522986,-0.502138825,2.491234887,0.131898743,-0.457048547,2.646363962,-0.084587603,-0.872269268,2.542787906,0.097703208,-0.8186616,2.706213,-0.065183502,-0.931378477,2.476281321,0.165132657,-0.886245058,2.753222642,0.005174442,0.001420486,0.002790712,0.002790915,0.00199433,0.003017735,0.002110122,0.007456261,0.006531123,0.011517816,0.00506739,0.009238779,0.01209069,0.014264884,0.01419669,0.023976562,0.011951077,0.015345215,0.009499279,0.038334013,0.036593003,0.056214308,0.018325277,0.012830884,0.030934904,0.026522981,0.058231151,0.071053633,0.012550496,0.008446792,0.002154594,0.004191383,0.002181562,0.003151586,0.005522127,0.002979376,0.005892403,0.004972683,0.004453612,0.004124095,0.00480951,0.005631794,0.001485985,0.00340686,0.001601342,0.001726987,0.002073374,9.72644E-4,6.89666E-4,0.001509133,0.001826041,8.54607E-4,0.002107998,0.002779698,5.47943E-4,0.001705271,0.001319425,0.001303855,0.001155456,0.00426783,0.02842868,-0.074219281,0.116493399,0.125051253,0.076297686,-0.031797948,0.066734206,0.116300243,0.157766824,-0.057549632,-0.086735604,-0.077569075,-0.064552998,-0.14573854,0.081763492,-0.091305227,-0.033477899,0.068429665,0.014181357,-0.175301596,-0.103109798,0.230739421,0.027811307,-0.035908557,0.083172739,-0.017172777,-0.108437653,0.241123397,-0.008836427,0.002075953,-0.0452755,0.062216801,-0.043007278,-0.071290568,0.040948165,-0.030113489,-0.018820962,0.055138103,-0.060665313,-0.121455714,0.079659544,0.01047253,-9.37397E-4,-0.049838036,0.051231881,0.062444095,0.006972789,-0.046854786,-0.076177653,-0.073226987,-0.026279948,-0.085741726,-0.151121087,0.070132315,-0.021313356,-0.152451546,-7.05241E-4,-0.02528641,-0.070290709,-0.064051332,0.690336622,0.3644314,0.410665796,0.581767311,0.416896898,0.47147644,0.220083173,0.657951828,0.463879835,0.570878257,0.431481,0.471901821,0.521675874,0.526699326,0.442542804,0.631822575,0.46673512,0.415056121,0.261293056,0.536130001,0.534724705,0.7898565,0.404242467,0.26057882,0.353546546,0.346342458,0.593506509,0.890900427,0.229699946,0.19359319,0.391456796,0.804342484,0.29219764,0.449284815,0.781177721,0.282786273,0.485219868,0.566790067,0.454487681,0.506116416,0.625707475,0.394575181,0.43855831,0.711458018,0.370392005,0.506255372,0.70357171,0.332387269,0.433016343,0.576127965,0.473579385,0.47075467,0.610782897,0.415516231,0.341307873,0.553771778,0.516460333,0.321709852,0.320180344,0.616727701,big,3
0.101346515,0.634002651,2.284726042,0.100251624,0.455887175,2.303328139,0.011382359,0.333335043,2.182803847,0.232851472,0.403035488,2.425601903,0.017380573,0.182591563,2.000400792,0.393348068,0.222129778,2.493114042,0.179108535,0.290010926,1.881079736,0.515615733,0.355050632,2.364720875,0.218722881,0.379906808,1.854520778,0.544124029,0.430306978,2.33998325,0.1150176,0.122005744,2.306282167,0.131478556,0.057096552,2.297354458,0.085355814,-0.00414156,2.264936347,0.187213831,-0.002482725,2.324235639,0.057848239,-0.536719938,2.387223458,0.222467014,-0.538481414,2.515332125,-0.008841603,-0.895344222,2.460975903,0.210745203,-0.866864549,2.558619875,0.018975635,-0.950847849,2.406004417,0.262971485,-0.919076831,2.560004028,0.002766061,0.002741495,0.005287297,0.003711123,0.005695585,0.003661109,0.006631991,0.002833251,0.006700055,0.003809965,0.006120573,0.005291639,0.011316417,0.004419775,0.008520917,0.013721767,0.013001815,0.012826744,0.01614841,0.036232434,0.013510711,0.019584827,0.016222157,0.009669112,0.021810056,0.024237131,0.019452605,0.030014653,0.025956997,0.011260677,0.002380265,0.009985196,0.003097754,0.003114572,0.012756675,0.003291802,0.007110782,0.008187507,0.007927518,0.003192627,0.010832621,0.008372148,0.002085273,0.002592665,0.002773314,0.001028255,0.005601757,0.00267982,3.21943E-4,6.54968E-4,5.43044E-4,6.37305E-4,0.004052729,0.001384617,0.001190368,6.92366E-4,9.73969E-4,0.009605108,0.004321569,0.013652643,-0.040973206,0.034581716,0.161309763,-0.066465327,0.096995062,0.024800786,0.020304566,-0.033703498,0.053330929,-0.068719688,0.085199895,0.036554733,0.058373836,-0.019236877,-0.11368933,-0.01242189,-0.004816184,0.069749233,-0.027444255,-0.053899442,-0.062036709,0.071696116,-0.006135966,0.04874899,-0.041795903,0.055535582,-0.055843676,0.094700031,-0.017003518,0.010821932,0.014195441,-0.085446775,-0.04081369,0.02091122,-0.097581703,-0.03858393,-0.044786061,-0.047454333,0.03001954,0.039187997,-0.054738023,-0.118771389,-0.019833336,-0.016862129,-0.023424955,0.029012439,0.092937763,-0.01430002,-0.014112476,0.023118726,-0.014405864,-0.021246335,0.162819924,-0.001168709,-0.037307738,0.00868333,0.009069306,0.022157478,-0.021283874,-0.046580466,0.526043488,0.40117179,0.496268621,0.543978356,0.506164953,0.457456111,0.553726867,0.347599467,0.52494674,0.536499999,0.498007513,0.466482289,0.504625458,0.313069677,0.549186048,0.637497138,0.491400083,0.404964134,0.357187745,0.735021993,0.391509705,0.622469199,0.607433474,0.331210946,0.471513825,0.564558542,0.465639258,0.666033566,0.609194653,0.284228368,0.313263133,0.827869005,0.309376665,0.377912727,0.82742448,0.2695803,0.576569051,0.493012949,0.449597849,0.237853691,0.610625767,0.511503104,0.447872108,0.576981596,0.474667333,0.398042124,0.748915349,0.358173394,0.373030816,0.603614369,0.490534567,0.244789261,0.787431134,0.373230273,0.711438383,0.375975081,0.410340653,0.480756835,0.376349029,0.551267592,big,3
0.0685255,0.646674176,2.204062487,0.065302193,0.474803776,2.197661118,-0.036127202,0.341045679,2.082018974,0.284702972,0.372351053,2.363711776,0.006403568,0.238267987,1.852497895,0.470601929,0.350614504,2.356766513,0.132252403,0.420717489,1.726262934,0.570159708,0.533774004,2.264102263,0.144730407,0.461901064,1.70737525,0.588414687,0.57743347,2.255060395,0.118516722,0.126635808,2.205494408,0.134814601,0.058277202,2.203724632,0.073485683,-0.034009331,2.145643461,0.225622886,-0.027699803,2.258742908,0.045912748,-0.469927525,2.239655908,0.201029916,-0.488533471,2.421818382,0.020495552,-0.852791712,2.311014829,0.173653358,-0.86388377,2.506271026,0.071207259,-0.897403521,2.265473921,0.21931498,-0.916932834,2.484862487,0.019353367,0.004736033,0.00350505,0.0036191,0.00338267,0.004475184,0.017286525,0.022683661,0.012360314,0.002867095,0.002271144,0.004521959,0.004007741,0.012330747,0.005660121,0.007243934,0.022284357,0.009949264,0.010361577,0.020041265,0.023180763,0.033880091,0.023565656,0.009683071,0.012114861,0.025525162,0.027656703,0.044015037,0.025503955,0.011907989,0.003767193,0.006826285,0.002538395,0.002951524,0.008681067,0.002084306,0.004416777,0.005195108,0.003927386,0.00507168,0.005012686,0.004942938,0.002465745,0.005233,0.002525997,0.003683653,0.013402877,0.005574333,0.002842241,0.005789126,0.003707504,0.001247618,0.003477782,0.001991848,0.008755044,0.011094954,0.029657448,0.01932771,0.01295033,0.041812905,0.047107561,0.130680763,0.078547323,-0.005320967,0.07911984,0.213417758,-0.007720259,-0.132138307,0.185322886,-0.098151085,0.171968989,0.140354561,-0.00926237,0.085089782,-0.059319427,-0.09511736,-0.068094377,0.059595076,0.033926262,0.135594045,-0.017713196,0.054767539,0.056268462,0.054444097,0.031336836,0.063736602,-0.123702718,0.099524817,0.020835582,0.056782301,0.020212526,-0.125751042,0.1684546,0.137940935,-0.16999115,0.105553251,9.08622E-4,-0.087872291,0.119258171,0.119022944,-0.014525114,-0.018021147,0.0400932,-0.013096602,0.07490028,0.020461299,0.05483175,-0.023263776,0.070454006,0.044328752,-0.038600464,0.01681075,-0.025820198,-0.022756686,0.04920558,0.07737308,-0.06523742,-0.036663986,0.076286967,-0.011444591,0.673274376,0.490975271,0.360731066,0.512270582,0.464692206,0.452562535,0.435787624,0.612968308,0.408452526,0.459851198,0.533335123,0.453378064,0.365414941,0.594997489,0.492220179,0.408388211,0.629561022,0.448594576,0.305272223,0.477871884,0.567750337,0.730864048,0.520664813,0.290824145,0.30532069,0.514826936,0.544185066,0.761223034,0.47697031,0.285213846,0.482816118,0.650633653,0.357968103,0.552529102,0.722966265,0.209229856,0.624027567,0.467769435,0.413399564,0.581284377,0.445962612,0.466189428,0.439838866,0.62536955,0.440992604,0.288168264,0.819636742,0.337085773,0.494565836,0.644327959,0.398040116,0.323878226,0.696787258,0.443985132,0.490332699,0.553494154,0.459749667,0.399897564,0.432290078,0.562293951,big,3
-0.463953923,0.548366443,2.36792808,-0.508945344,0.358020512,2.401043813,-0.608901305,0.235097515,2.308944133,-0.3497179,0.241027279,2.490304547,-0.647056784,0.098069873,2.16386332,-0.218056688,0.119355772,2.403856653,-0.553616936,0.260222491,2.11489464,-0.239239444,0.281248508,2.29560544,-0.543002052,0.293840295,2.108929627,-0.247799233,0.341423976,2.280852693,-0.472393931,0.006194421,2.409024867,-0.454570064,-0.062210265,2.398570813,-0.506257971,-0.130690535,2.34736552,-0.384060629,-0.139244879,2.444665853,-0.557214777,-0.513632232,2.38446224,-0.425175455,-0.505449395,2.56162364,-0.581833367,-0.875570304,2.423101827,-0.438644685,-0.846409237,2.62769624,-0.537758791,-0.946095556,2.395363213,-0.382655907,-0.914152841,2.651651147,0.005844005,0.004737885,0.007457272,0.002577637,0.001098852,0.003705645,0.007035424,0.005408445,0.001903768,0.003227054,0.004486265,0.004010571,0.007392441,0.012655374,0.013056368,0.006978365,0.011743221,0.008579516,0.008871809,0.013550017,0.012943829,0.012267648,0.016352222,0.016758272,0.014252012,0.021030279,0.019235003,0.021065878,0.022349497,0.024027027,0.003593574,0.001206955,0.003143043,0.002721199,0.00138984,0.001282175,0.003579786,0.001369917,0.001248276,0.002946705,0.001913879,0.001710187,0.002256456,0.001368468,6.5688E-4,0.001824262,0.00127851,0.001267736,0.001774612,0.002457837,7.06057E-4,4.01627E-4,0.001746397,8.72802E-4,6.82824E-4,6.94258E-4,6.16564E-4,0.007200353,0.006874937,0.017552494,-0.066715857,-0.076703005,0.069447647,-0.083421191,-0.010500625,0.116714423,0.071716658,7.8469E-4,-0.023030688,-0.135640783,0.137605327,-0.041523413,-0.012665797,-0.041287569,-0.03210773,-0.045182999,0.037032613,0.025040406,0.019324148,0.029614152,-0.056683371,0.064096985,0.065916357,0.011659382,-0.004833732,0.017622892,-0.020774785,0.079567093,0.052851389,-0.047836286,0.014315748,0.045872952,0.091991345,0.011175244,0.104607191,0.096196052,0.064515492,0.028106868,0.019266721,0.013532775,0.087972799,0.158642865,0.029984755,0.017240606,-0.004738291,0.002267875,0.107972149,0.038474198,-0.025739214,-0.178864992,-0.003707698,-0.010583549,0.162734448,0.10756457,-0.048043603,-0.099897451,-0.034776116,-0.069777711,0.041110032,0.088212737,0.410417606,0.648811263,0.434072292,0.598236179,0.412426165,0.46028635,0.583546062,0.469037744,0.45808051,0.410631112,0.594412988,0.460004691,0.442734903,0.535238898,0.500005825,0.440744891,0.517265876,0.509870774,0.315749626,0.420753827,0.592441859,0.48156292,0.43202011,0.528724448,0.292436951,0.538358405,0.552233669,0.546896038,0.413645542,0.501199869,0.579769355,0.368143153,0.497659822,0.608266282,0.533760448,0.388345097,0.626129567,0.536025315,0.388171032,0.549103627,0.570894404,0.387302558,0.531775423,0.606540764,0.408993697,0.594698978,0.571256174,0.381880035,0.441894779,0.731946967,0.333425242,0.393495004,0.681581194,0.397924847,0.39082283,0.575472209,0.493796799,0.490584368,0.351487249,0.547653766,big,3
