0.208927112,0.625082546,2.294515762,0.189353255,0.432239457,2.349840025,0.01429334,0.34725777,2.350076893,0.354439833,0.323454598,2.342879893,-0.127105357,0.210444957,2.256853951,0.435880431,0.137075355,2.25075532,-0.064426398,0.179247784,2.075634803,0.335595874,0.066531876,2.104723877,-0.063691882,0.193950884,2.018972246,0.307019998,0.050152975,2.042387459,0.171136766,0.096304203,2.360353213,0.167179934,0.029587722,2.349778385,0.088679824,-0.04398236,2.345740656,0.237213498,-0.050115752,2.348745492,0.041514847,-0.516382389,2.489221746,0.27756483,-0.510730403,2.456128582,0.015553117,-0.866563431,2.584839082,0.275504257,-0.881319708,2.543079156,-0.030948969,-0.927374294,2.553267459,0.313347441,-0.933438865,2.490100705,0.002683815,0.002682779,0.005210586,0.001322278,0.001768166,0.002784942,0.003038366,0.002707155,0.007638754,0.001968608,0.001832266,0.006298689,0.018133884,0.043130797,0.058932923,0.018684136,0.007048705,0.051659998,0.113829422,0.064738789,0.108789358,0.05773631,0.028618239,0.095303516,0.134586194,0.076634135,0.11762903,0.085597968,0.045191748,0.092373599,8.04268E-4,0.001142827,0.003032942,8.37644E-4,0.001245873,0.003563264,0.001410522,0.001293291,0.003893744,8.87597E-4,0.001012164,0.004122705,8.49913E-4,0.001871423,0.002029935,0.001286628,0.005341458,0.002362753,9.92357E-4,0.002571148,0.002924473,8.16455E-4,0.002111495,0.002242473,0.002750431,0.002600816,0.003985059,0.00204644,0.003026524,0.007356607,-0.02700643,-0.181230137,-0.18601684,-0.069878707,-0.207381213,0.191456602,-0.076193422,0.026784247,-0.006969461,-0.003307038,-0.024969897,0.149349854,-0.042709251,-0.061365623,-0.021937183,-0.012804475,-0.05413437,0.018149547,0.071350765,-0.110824862,0.055367449,-0.043135247,-0.02034552,-0.028318149,0.066758889,-0.092980709,0.037765366,-0.072193741,-0.039920572,-0.002405348,-0.032454596,0.083726533,0.086467408,0.027289877,0.066138354,0.170916717,-0.00659849,0.019861332,0.105808625,0.016272201,0.013771874,0.1650569,-0.003140068,-0.041995781,-0.082861744,-0.047600954,0.076199471,-0.038393037,0.008570979,0.05846594,-8.03387E-4,0.012099458,0.008506801,-0.030455702,0.0179105,0.003659289,-0.035716032,0.028682305,-0.00639753,0.028934617,0.615666862,0.232542473,0.47696237,0.54062054,0.372132767,0.468390461,0.389861822,0.345444761,0.597384518,0.304359104,0.339620719,0.607511203,0.420432281,0.391801921,0.572213701,0.525444069,0.326484745,0.55012156,0.528991805,0.485607331,0.475599773,0.514447027,0.367198296,0.542371979,0.59681154,0.407606651,0.476089213,0.566364818,0.420349851,0.493659261,0.43509279,0.45798798,0.533605628,0.371989343,0.441663368,0.545079677,0.47393214,0.42432966,0.531060539,0.325850726,0.31970413,0.603303421,0.363184335,0.712200449,0.410468883,0.307683721,0.770234718,0.382552876,0.346628009,0.588918117,0.510508631,0.287736223,0.579786986,0.534181361,0.381326434,0.330364323,0.605919058,0.324403547,0.33315068,0.621670933,born,4
0.071177516,0.604834674,2.235718926,0.017185028,0.425335441,2.275496383,-0.157920258,0.354652936,2.245442753,0.186331581,0.297463478,2.295932568,-0.315583298,0.280086831,2.101095136,0.227131786,0.102612565,2.210132099,-0.30631248,0.244361133,1.914256938,0.252972418,0.031786526,2.044544222,-0.300151086,0.246574336,1.871605543,0.272798084,0.017852403,1.986806049,-0.002467318,0.082063231,2.28431842,-0.006274838,0.013377879,2.288883099,-0.087116689,-0.059864073,2.275395691,0.065865567,-0.072827871,2.302748901,-0.119683273,-0.510365914,2.427618148,0.092114309,-0.535091393,2.422448481,-0.117939468,-0.869613798,2.519645778,0.095177122,-0.89743716,2.483739012,-0.165077622,-0.937938994,2.488955407,0.11121176,-0.953163716,2.439506,0.001802197,0.003141042,0.008152162,9.59323E-4,0.002005328,0.005026338,0.008970941,0.004295456,0.003913975,0.003244375,0.002519934,0.005010869,0.018905357,0.033713358,0.045227181,0.019972986,0.011159593,0.032254754,0.07268652,0.093231866,0.096757864,0.090269145,0.02948679,0.047964507,0.108490208,0.124860026,0.10114016,0.142027629,0.024501433,0.047599736,9.02547E-4,0.002246699,0.00422853,0.001170961,0.003033406,0.003451132,0.002035843,0.002068575,0.002564775,0.001363337,0.001427148,0.003872663,7.99158E-4,0.001418015,0.002132044,0.001041263,0.002293425,0.002632084,0.00148925,0.003132376,0.003927501,0.002469689,0.00238903,0.003735968,0.003558842,0.001627142,0.001148809,0.003023475,0.002039398,0.002075449,-0.121918092,-0.080120492,-0.191984839,-0.005952458,-0.097326207,-0.092439081,-0.18500484,-0.083396137,-0.015915056,0.064840567,-0.002250432,0.017908628,0.015607434,-0.094048821,0.07405408,-0.073464313,-0.054440687,-0.036538676,0.134100475,-0.111890691,0.007114915,-0.108415098,-0.055542826,-0.09637929,0.146817311,-0.210085909,-0.001595481,-0.221411524,-0.072717097,-0.023927652,-0.019525169,-0.0633278,-0.182817523,-0.027336543,-0.082544233,-0.137612339,0.016967745,-0.14164945,-0.056341894,0.044066813,-0.099786911,-0.127045766,0.021182384,0.033603054,-0.056623536,-0.003055195,-0.00688256,-0.121318128,-0.008696253,0.02397669,-0.012600522,0.036288461,0.03820247,-0.014698128,0.110426649,0.021373511,0.013936485,-0.006352207,-0.001475353,0.043464455,0.389647564,0.525153826,0.481508602,0.396953581,0.500293063,0.525692136,0.597265886,0.592097031,0.344953025,0.51173014,0.410780383,0.525347649,0.315132415,0.60863844,0.498720019,0.610989366,0.371401698,0.482226059,0.458677942,0.504555742,0.495757902,0.59005866,0.319776286,0.501617096,0.51647778,0.584089812,0.39564636,0.694945999,0.28262888,0.429256259,0.324977333,0.614352901,0.464937447,0.327896808,0.662512827,0.444441981,0.458164517,0.621144167,0.427042237,0.385972315,0.523641381,0.509701998,0.478904992,0.646722167,0.407314535,0.354399131,0.71371209,0.401655802,0.316276624,0.52310206,0.553558117,0.424617476,0.511185963,0.520884082,0.629544453,0.509451776,0.399017766,0.582663627,0.571269592,0.398613564,born,4
-0.337725365,0.679704603,2.441084838,-0.348497901,0.486098305,2.505657162,-0.503747218,0.363866935,2.473354952,-0.192153876,0.358579385,2.508360895,-0.538874833,0.232454134,2.28314319,-0.187559592,0.133990179,2.4337682,-0.387706064,0.265231383,2.131270676,-0.280514431,0.060905339,2.261704667,-0.335616223,0.273613762,2.081879333,-0.309483587,0.022653245,2.181054552,-0.354552791,0.122443147,2.516502038,-0.35469213,0.050018285,2.512054248,-0.426645633,-0.017908917,2.504936505,-0.284883671,-0.022752836,2.516393752,-0.472151879,-0.469957727,2.631495629,-0.258842789,-0.488547235,2.642442705,-0.471019472,-0.849170436,2.68278901,-0.23596182,-0.855189132,2.671810067,-0.493250687,-0.926435333,2.658135714,-0.210032742,-0.935269596,2.637803286,0.004906109,0.003376904,0.009145604,0.002855748,0.003740772,0.016522305,0.017598339,0.014279583,0.024323323,0.001826489,0.008697616,0.019548241,0.038334477,0.04896974,0.109111962,0.03456574,0.010868983,0.061633401,0.030219702,0.047264889,0.147025585,0.016254226,0.092297859,0.056330669,0.036018628,0.058455994,0.148235747,0.026480501,0.127131842,0.050640375,0.001400252,0.005248212,0.013542332,0.002141561,0.00694075,0.013148787,0.001556685,0.002846065,0.014811527,0.003879366,0.00438982,0.011951961,0.001640462,0.005668501,0.009456575,0.001432472,0.002409911,0.006687569,8.53735E-4,0.001577821,0.002901811,5.27511E-4,0.001464748,0.001502786,0.012093137,0.009596504,0.021063789,4.5438E-4,6.36402E-4,0.001938627,-0.05987488,-0.077339501,0.005788283,-0.027222007,-0.050530815,-0.022767812,-0.107154233,-0.072957607,0.043606252,0.032190321,0.100232084,0.165529363,-0.036065808,-0.213647252,0.190069063,0.111540443,0.012228418,0.07820312,0.083031019,-0.190394833,0.192229247,-0.033203037,0.335560396,0.049420087,0.079192101,-0.227735519,0.208867212,-0.059163352,0.36092589,0.037977029,0.054508127,0.046915391,0.052528425,0.023387774,0.01910547,0.169401467,0.020455621,-0.037479417,0.118950332,-0.005424386,0.033687003,0.223435468,-0.07053311,0.041029667,0.133610033,0.039729865,0.098348863,0.229735699,-0.031783885,0.159376613,0.137004848,-0.006113843,-0.091033932,0.038027404,-0.027918936,-0.056419829,0.084361183,-0.039007953,-0.082505229,-0.226616542,0.441755478,0.337168636,0.579580877,0.286599287,0.288207882,0.640628163,0.417381969,0.480496841,0.531269088,0.206564661,0.405910843,0.598513128,0.310212317,0.444448756,0.536783807,0.341154382,0.440700841,0.572153885,0.370433395,0.435813171,0.52204244,0.267059765,0.601134788,0.467959659,0.293518622,0.475787878,0.515302585,0.275228674,0.642481864,0.426546934,0.277172695,0.461006679,0.58746885,0.295496347,0.554489726,0.518045034,0.298612268,0.452888198,0.576930012,0.458014098,0.487369196,0.46962573,0.23413435,0.632252417,0.496514675,0.337877958,0.638455151,0.418728446,0.196403878,0.743074368,0.409318896,0.311840117,0.670950778,0.464564761,0.458660435,0.49324342,0.509094737,0.301625419,0.472897414,0.530880509,born,4
0.02984949,0.699037261,2.415684408,0.025420374,0.511933408,2.461477673,-0.154007896,0.406784794,2.465392327,0.202053624,0.401984755,2.459199918,-0.232364096,0.208065412,2.403280755,0.271904704,0.19055442,2.457193449,-0.20883758,0.169729571,2.170260102,0.185032655,0.063563229,2.259859061,-0.193731592,0.148810633,2.089592122,0.144566053,0.022255313,2.189992878,0.026968811,0.159960641,2.475723286,0.026565619,0.093125106,2.439716531,-0.05250397,0.014678089,2.432806143,0.106000627,0.01165358,2.433304755,-0.078550694,-0.459791678,2.570068633,0.149845471,-0.467522184,2.573856,-0.086576625,-0.821008296,2.652683837,0.165874963,-0.835813088,2.670460592,-0.132928363,-0.898917435,2.627391286,0.216298984,-0.90634101,2.648033367,0.003553012,0.003244014,0.011881124,0.001907039,0.001895221,0.009252464,0.001626492,9.42823E-4,0.001739843,0.001632793,0.001957654,0.00217613,0.018549447,0.023447108,0.059090985,0.011781941,0.012004448,0.035049385,0.053537341,0.035872121,0.058754829,0.015284828,0.022502636,0.059742316,0.041709175,0.043589282,0.082009467,0.010796412,0.041394623,0.05563412,0.001212389,0.001374659,0.00673689,0.001456308,0.001025291,0.003863652,0.002527209,3.83941E-4,0.004552057,0.001455387,0.001544076,0.00258134,2.06579E-4,8.70378E-4,0.001860445,7.01715E-4,0.001731791,0.001628209,7.16977E-4,0.001115693,9.44131E-4,7.24347E-4,0.002475732,0.001624796,0.001374246,0.001527264,0.003501309,0.001406642,0.001239031,0.00239942,-0.071190604,-0.049343978,-0.146750942,-0.048943464,-0.096148321,-0.182711709,-0.03648491,-0.040894422,-0.012137158,-0.231498882,0.14416807,-0.255974263,0.085098385,-0.104189945,0.015862379,0.031676218,-0.018922096,0.09452533,0.082658874,-0.013059242,0.114637774,-0.042216104,0.024610096,0.134784998,0.096857916,-0.00715974,0.093165065,0.046124054,0.019663083,0.120034446,-0.023707726,-0.006843691,-0.199677054,-0.103692746,-0.032239911,-0.217935303,-0.089307507,0.022921762,-0.140170922,-0.12991538,-0.053624674,-0.308857524,-0.096707637,-0.097973831,-0.120792534,-0.115169799,-0.135502757,-0.159483786,0.031619321,-0.097809386,0.107336302,-0.004378514,-0.053040598,0.075512181,0.005237336,-0.006546961,0.024873769,0.035848004,-0.048558282,-0.081819063,0.349824422,0.213957087,0.616191391,0.253765927,0.237602092,0.623808539,0.50884901,0.295248839,0.561115247,0.379938466,0.420487899,0.473445838,0.365813601,0.402406298,0.576380181,0.286634397,0.325418423,0.621078931,0.478750066,0.455786639,0.504104868,0.39248231,0.404963094,0.557494683,0.377253822,0.44453824,0.553119167,0.360463991,0.543812827,0.510645015,0.226101161,0.139914527,0.642823514,0.369504259,0.30997356,0.564598008,0.431338597,0.214813517,0.590836716,0.469972767,0.44370284,0.416229662,0.241389519,0.541635162,0.537770136,0.340311997,0.526263024,0.501092683,0.344260976,0.543764212,0.515103256,0.330489937,0.677927902,0.444872777,0.42654089,0.430662108,0.552460288,0.451229088,0.367108678,0.558302635,born,4
-0.339464677,0.679018625,2.441284556,-0.346740236,0.488175862,2.505025222,-0.504811807,0.360678894,2.47606212,-0.191059848,0.358374652,2.507436308,-0.544616326,0.222058608,2.297660761,-0.182212917,0.135935015,2.432320675,-0.390658385,0.283217354,2.157342974,-0.276241097,0.070103281,2.259920017,-0.347255657,0.295990119,2.112824137,-0.307823837,0.033691198,2.178606342,-0.352169702,0.121527883,2.516547547,-0.351553832,0.048774439,2.505216128,-0.423820002,-0.020667542,2.497761863,-0.280836033,-0.023657955,2.508109265,-0.466916372,-0.469552868,2.624310077,-0.25559949,-0.488427394,2.636693684,-0.469592326,-0.848496502,2.680907761,-0.235200439,-0.857287877,2.672261402,-0.496998361,-0.928747646,2.662971342,-0.21046691,-0.935354441,2.636654761,0.00490988,0.003767755,0.004210914,0.00335079,0.005201883,0.015539818,0.0139494,0.009272436,0.017268205,0.003921739,0.009690415,0.018020609,0.022284145,0.042091398,0.092786845,0.032896419,0.008189937,0.058136577,0.023945387,0.058476779,0.120208373,0.013898992,0.076213532,0.053142827,0.031624229,0.067644394,0.124295463,0.021457708,0.116229834,0.065047947,0.00186489,0.004706885,0.013153723,0.001801352,0.006876148,0.009102481,0.001809979,0.00368044,0.008501027,0.002845541,0.004566693,0.00827339,9.87656E-4,0.002801023,0.005530772,0.002690148,0.002891159,0.005153338,5.35161E-4,0.002541212,0.002036789,0.001054188,0.002760381,0.001311523,0.007777973,0.007267341,0.014516328,0.001051234,0.001928734,0.002437451,-0.19731492,-0.065969768,0.005342455,-0.213486772,-0.014886586,-0.056152902,-0.133032501,-0.017138161,0.009957885,-0.046353352,0.175516654,0.150272017,-0.049605834,-0.123734381,0.15821215,0.117095617,-0.090188541,0.16177428,-0.006062872,-0.067488419,0.179422516,0.035796292,0.172586292,0.094440427,0.074017528,-0.099763536,0.1374865,-0.007258382,0.223603593,0.079913536,-0.033286615,0.092106718,-0.040194092,-0.034903573,0.065444882,0.008183757,-0.109560853,-0.019770954,-0.079459706,0.07620004,0.040180823,0.09761933,-0.042426185,-0.090215528,0.116287121,0.084307185,-0.036268073,0.105258296,-0.003650747,0.113162778,0.059063041,0.042879622,-0.052996737,0.034179758,-0.146802628,-0.069841202,-0.025634826,-0.031668832,-0.061690958,-0.103656914,0.478886203,0.480937345,0.493472731,0.399014703,0.340698523,0.575993666,0.472440418,0.468061176,0.51514639,0.242444411,0.384777983,0.59403468,0.314655223,0.403640095,0.574903558,0.333606477,0.436724589,0.55431531,0.414732892,0.448864094,0.523605776,0.346880692,0.634011715,0.458124029,0.305434811,0.470744065,0.558029365,0.318493367,0.675798061,0.43004249,0.304170826,0.478414132,0.573169268,0.306382271,0.609557012,0.510032177,0.342292005,0.510169373,0.542542549,0.42862562,0.474662356,0.527089531,0.292344119,0.592127546,0.508918537,0.377754584,0.633397632,0.456422445,0.214274719,0.768588729,0.409127326,0.287899043,0.671843859,0.474381306,0.47224411,0.462600672,0.513022013,0.346050795,0.430002739,0.574543685,born,4
-0.370055209,0.697535497,2.276957761,-0.402908745,0.514686307,2.34159409,-0.539169985,0.41355999,2.27662997,-0.23044521,0.40857454,2.400033985,-0.594437176,0.253081472,2.10796206,-0.194495931,0.168876522,2.350493642,-0.405549109,0.228039403,1.984870776,-0.246049269,0.003880096,2.180857448,-0.299874073,0.268711522,1.959571701,-0.266200946,-0.06289673,2.137223388,-0.393102521,0.15980037,2.370631328,-0.391262185,0.088945933,2.379537373,-0.463052585,0.020504017,2.35979003,-0.31557027,0.012371049,2.407345881,-0.490152272,-0.4566288,2.52140991,-0.271274655,-0.437526024,2.539459224,-0.536924749,-0.846939922,2.583326866,-0.21544804,-0.828631515,2.577503701,-0.600616152,-0.931207179,2.570649463,-0.173203836,-0.896681281,2.531643672,0.014460457,0.004310699,0.009250053,0.012090855,0.005581721,0.017173829,0.02199614,0.016731313,0.016047168,0.01485119,0.008860361,0.015276598,0.030524269,0.034832147,0.06463616,0.014165571,0.024584642,0.05984427,0.038579696,0.043218499,0.117790573,0.02909545,0.113414795,0.043330295,0.04632912,0.053875298,0.131344803,0.04243903,0.14537265,0.034642994,0.00447962,0.005950488,0.015061259,0.003791052,0.007853457,0.01504603,0.004865883,0.003819701,0.014461443,0.005196868,0.012070286,0.016626134,0.004334568,0.003556522,0.008437856,0.003944602,0.011929751,0.007450491,6.49613E-4,0.002374639,0.002080005,0.028011064,0.034864637,0.015227947,0.003525481,0.002943287,0.005496791,0.020316893,0.02643553,0.043474463,0.039136929,-0.132672604,0.097210198,-0.047127473,0.053537106,0.021623203,-0.038163637,-0.078829664,0.106351134,0.047334445,-0.03250148,0.113971125,0.060230659,-0.071296371,0.068547004,0.043588948,-0.063014079,0.084331006,-0.0197144,-0.020941186,0.087096988,-0.085592764,-0.020149801,0.133057327,0.046604101,-0.106605097,0.146374518,-0.111971012,-0.033763379,0.088790431,0.002948889,0.027200318,0.051046809,0.001473718,0.050020019,0.046115493,-0.051596334,0.084353667,0.092871417,0.014841862,0.099218963,0.016158152,-0.06948611,-0.077411266,0.132868342,-0.116502546,0.010084359,0.210521261,-0.080476709,-0.148849407,0.028255785,-0.005834309,0.012283797,0.079333777,-0.004548204,0.002075486,0.004437052,0.020416841,0.075545833,0.056914274,0.579412969,0.563149042,0.383003019,0.572971149,0.306276274,0.527557484,0.507614229,0.51758249,0.462889822,0.46682235,0.407263612,0.534482192,0.323682569,0.418170609,0.586015685,0.304234679,0.429516943,0.586262004,0.464152833,0.483716323,0.509503573,0.289938745,0.663546656,0.456451289,0.356449405,0.575399558,0.484492368,0.358622373,0.741486435,0.371850276,0.215245001,0.400119586,0.621438645,0.209322992,0.420655332,0.615313588,0.346760608,0.337666653,0.601310801,0.268411331,0.444870899,0.593357592,0.413786208,0.427610794,0.540347448,0.313585952,0.673426152,0.405676236,0.262883949,0.690788514,0.451588472,0.549718324,0.716964872,0.278974434,0.493078144,0.461725378,0.514036361,0.501481309,0.626113981,0.405310269,born,4
-0.476289971,0.550266863,2.442824,-0.515190838,0.361176327,2.500766104,-0.646439242,0.263710875,2.419892958,-0.353218481,0.249689979,2.519839771,-0.713882327,0.187605715,2.237949375,-0.30070254,0.031585606,2.444901646,-0.649343175,0.121564879,2.085540146,-0.275564756,-0.082309501,2.305235375,-0.619830377,0.094894642,2.028532104,-0.258670979,-0.111791086,2.267852854,-0.512434867,0.019951132,2.510121188,-0.501243073,-0.045800609,2.484693833,-0.56457034,-0.112175056,2.461306,-0.432947546,-0.116347242,2.498912563,-0.619714152,-0.482324827,2.543477104,-0.428302921,-0.506267231,2.592719979,-0.631147694,-0.849177954,2.602461479,-0.419992735,-0.85483805,2.644104458,-0.64628749,-0.923435933,2.576602521,-0.37519666,-0.931142321,2.622094833,0.003206707,0.006349947,0.015622954,0.001512202,0.002871735,0.006129464,0.006083671,0.002596795,0.006001799,0.002130084,0.0034006,0.007359113,0.011929681,0.026984519,0.022192383,0.0144501,0.014433058,0.01222973,0.082353498,0.032099981,0.076263055,0.111790729,0.101305305,0.031952674,0.12379073,0.041680607,0.105386666,0.153064075,0.131273796,0.06432394,0.001411161,0.001971939,0.006000035,0.001523937,0.002475115,0.002655686,0.00207765,0.001744628,0.003031273,0.001726529,0.002367612,0.002313832,0.002034468,0.00213593,8.00912E-4,6.36548E-4,8.67581E-4,0.001036685,6.74027E-4,0.003952157,0.001543992,7.86332E-4,0.001156999,0.001450712,0.009223505,0.007262956,0.011069127,0.002130609,0.00161749,0.001185504,0.152748939,-0.191333461,-0.31427511,-0.022899227,-0.316543907,-0.06190316,-0.052537547,0.038901928,-0.023743907,0.150044934,-0.260019093,-0.366767192,0.217189737,0.021660672,-0.103831395,-0.041178944,-0.037136317,-0.29474982,0.107834589,-0.086159139,-0.033019432,0.043994067,-0.029161425,-0.151336235,0.060969196,-0.049813984,-0.00660958,0.033487991,-0.024683448,-0.097415849,-0.094029306,-0.056443648,-0.298307709,-0.204687044,-0.118012485,-0.132856019,-0.144346411,-0.073571884,0.089411031,-0.239678744,-0.166575148,-0.233439049,-0.099390155,0.050323218,-0.031240264,-0.102561613,-0.220982104,-0.052241014,-0.02014365,0.049545963,0.049603989,-0.13384375,-0.041439665,-0.060818518,-0.001252287,-0.026045843,0.143340611,-0.169458402,0.017190994,0.042604668,0.341019984,0.372729321,0.479867139,0.325964108,0.37639253,0.55682354,0.665487927,0.33898382,0.455753868,0.346243016,0.480337383,0.361464882,0.514481574,0.524546386,0.429073611,0.498562367,0.360208457,0.458157604,0.588377793,0.385883883,0.480595773,0.543575888,0.508995701,0.432751084,0.543339757,0.372475056,0.518819743,0.555332644,0.486147938,0.454333677,0.42916837,0.452317686,0.444916648,0.531086301,0.564029746,0.377807611,0.567116417,0.333169163,0.50148013,0.53276046,0.490060572,0.358062891,0.561136412,0.568249023,0.403902248,0.562464487,0.546352542,0.385789348,0.259596937,0.757716716,0.405740659,0.390310203,0.509813345,0.519070051,0.266330259,0.510845301,0.549621175,0.609613875,0.415300705,0.447930322,born,4
0.030099781,0.699871311,2.416647436,0.020821404,0.513490084,2.460045582,-0.157882715,0.404912778,2.458360891,0.197200911,0.4021674,2.4576904,-0.236794669,0.209655178,2.394022836,0.263156284,0.187999644,2.445819418,-0.194547133,0.180837822,2.141026727,0.182316011,0.06809307,2.244186509,-0.189478675,0.16540848,2.074400164,0.138520562,0.024131023,2.171597964,0.023915894,0.159377198,2.473437127,0.024519563,0.091781868,2.439318018,-0.053555867,0.012797917,2.432229764,0.104083147,0.011593966,2.433727636,-0.079693286,-0.460323615,2.571206855,0.148920684,-0.468128924,2.576847455,-0.086150204,-0.820044527,2.651291564,0.165259133,-0.834814422,2.670750345,-0.134795058,-0.900816475,2.630261236,0.214943922,-0.905957813,2.6450908,0.002243938,0.00274325,0.010547885,0.001651063,0.001897417,0.008389402,0.001343494,5.96522E-4,0.001863296,0.001395866,0.002318009,0.002320324,0.02116217,0.031956262,0.052923066,0.018272548,0.015501623,0.046428939,0.041423801,0.024672517,0.059982593,0.019319789,0.021069206,0.066736847,0.040341636,0.031453285,0.088297578,0.019464979,0.036139204,0.065506982,0.001163457,0.001904177,0.006749395,0.001620999,0.001801567,0.004946976,0.002202547,5.80721E-4,0.006414242,0.002127518,0.002166768,0.002974532,2.09477E-4,0.001019684,0.001676167,3.31066E-4,0.001062267,0.001383884,8.66366E-4,0.001744635,9.29994E-4,6.76082E-4,0.00247936,0.001668362,0.001834381,0.001792471,0.005180861,6.7514E-4,0.001148529,0.001667607,-0.10424697,-0.024920863,-0.073216275,-0.078440979,0.108063732,-0.165468696,-0.035049303,0.052477472,0.189290183,-0.132665839,0.181776662,0.041729846,0.092371012,-0.089881401,0.042944996,0.007851729,0.032550038,0.086299308,-0.036301996,-0.018855272,0.025337915,-0.023906392,-5.11E-4,-0.003753539,0.002624701,-0.09225967,0.012172164,-0.032296004,-0.085747962,-0.016531717,0.040211279,0.048291543,-0.147338292,0.063607397,-0.030570199,-0.071012598,0.172284389,-6.31239E-4,-0.061046953,0.042609826,0.104420826,0.048739437,0.039302467,0.007891201,-0.035402224,0.05624675,0.011925899,-0.061792653,-0.036056653,-0.140185382,0.067159741,0.006012827,-0.112273131,0.022127241,-0.05955588,-0.042354088,0.060817879,0.050387336,-0.044013368,0.019513643,0.349673386,0.237311561,0.624608762,0.213098094,0.29771176,0.621893715,0.55801445,0.351234893,0.484608454,0.514621468,0.558690648,0.417961073,0.335821249,0.425431779,0.577510969,0.311377553,0.283166642,0.627705847,0.507114818,0.43440397,0.516041225,0.333454555,0.342259869,0.613407148,0.336062656,0.407783511,0.588760427,0.280024472,0.460981493,0.583719068,0.086644398,0.213404282,0.663396385,0.283872093,0.383509303,0.60764863,0.322115616,0.239042871,0.625602928,0.392158794,0.381616609,0.576310606,0.226871943,0.643569147,0.505786313,0.442003039,0.514036258,0.505339635,0.358657151,0.672090162,0.43047265,0.327977581,0.67225768,0.451723879,0.400812823,0.453089924,0.548892424,0.376211295,0.454157692,0.560514369,born,4
-0.336712853,0.680784954,2.441865989,-0.345471744,0.491729831,2.502592957,-0.503025416,0.365897291,2.480701505,-0.193877774,0.35778101,2.507392409,-0.526857894,0.238694037,2.279743581,-0.201109613,0.139722841,2.428378892,-0.380600081,0.296345699,2.134281161,-0.285869446,0.049137803,2.26342886,-0.337457329,0.31171078,2.092875065,-0.303180322,0.005568992,2.196565419,-0.355615916,0.123562822,2.518675355,-0.357454376,0.049830044,2.522489226,-0.430346135,-0.017122308,2.520375806,-0.28830117,-0.022769889,2.526478538,-0.472591834,-0.472326031,2.638189806,-0.258864045,-0.488775954,2.648077441,-0.470883597,-0.848639483,2.683536742,-0.234454898,-0.856416245,2.672004215,-0.494975045,-0.927198771,2.661386215,-0.209639813,-0.935940338,2.635120387,0.005839898,0.004720708,0.005354496,0.004198043,0.00928463,0.018749202,0.016849771,0.012463973,0.018413983,0.00385864,0.010117433,0.018988336,0.041574113,0.046888241,0.098811435,0.03218337,0.009471227,0.058942069,0.01776093,0.043035685,0.138738346,0.009029877,0.075950811,0.048569894,0.012454057,0.049608098,0.137968698,0.021189716,0.112116517,0.065653224,0.001634044,0.004950279,0.009754158,0.001739568,0.007295002,0.007008285,0.002184024,0.003413071,0.006886148,0.0024457,0.004377558,0.004393061,6.54234E-4,0.0049392,0.004847184,0.002169297,0.002266599,0.002626585,7.03293E-4,0.002934667,0.002415443,8.29504E-4,0.002169306,0.001348157,0.008965779,0.00764167,0.0169227,5.79983E-4,9.62776E-4,0.003021599,-0.176054357,-0.086611405,-0.054527412,-0.143102614,-0.053300761,-0.01136829,-0.146956275,-0.03098145,-0.017164047,-0.029089314,0.115760686,0.078974198,0.003968472,-0.153158807,0.058479773,0.064001838,0.011674161,0.081297884,0.018499842,-0.083524119,0.155426589,-0.001855143,0.177398362,-0.016040724,0.020012388,-0.103949008,0.166012744,-0.058358946,0.150269826,-0.0644756,0.032118444,0.136266621,-0.051243953,0.025575358,0.121447639,-0.048343483,0.021992914,0.015534615,-0.052488412,0.063389367,0.110084583,0.008582126,0.007277379,0.077408034,0.031737654,0.061608418,-0.103292303,0.170007806,-0.004599974,0.088663966,0.090627469,0.074861194,-0.184073627,0.089017512,-0.135899473,-0.028785812,-0.037961117,-0.003772496,-0.060142319,-0.2767184,0.483467392,0.457040115,0.500788289,0.357476954,0.35091422,0.5976478,0.437150634,0.518969459,0.502644842,0.283030755,0.400288113,0.600742224,0.393123348,0.49996361,0.526297553,0.33777127,0.405510033,0.588626247,0.378342178,0.419921516,0.553812003,0.337232959,0.572535796,0.507578172,0.22130607,0.473677194,0.569533441,0.353971521,0.637576822,0.459704559,0.286879941,0.471841045,0.574053203,0.315061266,0.582339466,0.515000743,0.325674462,0.51039147,0.555096512,0.49611753,0.528197841,0.473045314,0.315600116,0.659684069,0.472332937,0.42096185,0.688650538,0.363748705,0.189984927,0.761591754,0.417397172,0.31394076,0.712745302,0.40412174,0.461348416,0.402827395,0.543873929,0.231164529,0.364160832,0.567714147,born,4
0.109979819,0.703583827,2.447504153,0.060526969,0.515782532,2.476376576,-0.037567632,0.393621937,2.370613729,0.209785276,0.418066117,2.605912119,-0.06881726,0.208329507,2.258097525,0.297659441,0.161527075,2.585471458,0.126341401,0.1784906,2.135765661,0.417020151,0.056649272,2.432520559,0.233845597,0.174312756,2.065487068,0.459589646,0.018667743,2.391203186,0.102451151,0.170925266,2.48220722,0.116018117,0.102861303,2.481206678,0.070868448,0.028024566,2.423159373,0.181846976,0.022414892,2.535857068,-0.016811136,-0.491750664,2.523719932,0.160987142,-0.460454105,2.69117778,-0.046771704,-0.861252451,2.580501068,0.1184981,-0.81254502,2.766320254,-0.011871536,-0.926381225,2.523198814,0.168351039,-0.883645898,2.816049864,0.005652445,0.001886513,0.007676695,0.005437653,4.76522E-4,0.005613566,0.005046927,0.005014155,0.001656776,0.002600594,0.00261451,0.011229742,0.023370376,0.031036393,0.050636546,0.029003141,0.011614617,0.038881394,0.015718907,0.021496221,0.08772816,0.053058968,0.039723886,0.028738376,0.040387524,0.037914276,0.121939519,0.055662195,0.053027324,0.034089623,0.005467693,0.003701364,0.003388623,0.004697309,0.004797637,0.003451039,0.004841403,0.004972865,0.004605912,0.0052781,0.003790702,0.002751147,0.001763234,0.001923227,0.002771074,0.001774338,8.7186E-4,0.002583612,6.63935E-4,0.001799332,0.001822141,0.00143211,0.003720146,0.002205031,0.001626344,7.002E-4,0.001336606,0.005716967,0.004174618,0.010081833,0.044042218,-0.072508337,-0.010010107,0.023058312,-0.019398494,0.003158809,0.054738253,0.133195783,-0.013078065,0.062727712,-0.045981857,-0.006256297,-0.014374537,-0.010318654,0.009316777,0.078780503,0.03354192,-0.229650901,-0.004052776,-0.002197117,0.017310083,0.002444271,0.00563842,-0.118612787,0.079166598,-0.106232116,0.02593482,-0.020001951,-0.048926053,-0.120559847,0.087971322,0.028806121,0.008758919,0.093051523,0.048789153,0.052116539,0.065782364,0.006623745,0.032975975,0.095252092,0.017288268,0.090352147,0.111784807,0.101060921,0.115488401,0.133540238,-0.082828963,0.098568449,0.041241923,0.074574956,-0.098347055,0.048333983,-0.218125347,-0.004120047,0.092503072,-0.010588448,-0.032630025,0.017219948,0.014440494,-0.006809732,0.462394285,0.30598357,0.577840409,0.550298771,0.247104104,0.555844179,0.675314177,0.557066785,0.312204322,0.346392865,0.361241756,0.60251223,0.406314066,0.518568749,0.523573708,0.50587802,0.287875191,0.514401796,0.353289856,0.366318688,0.601300378,0.624634374,0.509106792,0.390345521,0.366194542,0.400856189,0.578252032,0.599367236,0.578081497,0.358417887,0.543356033,0.57909837,0.414303846,0.538479404,0.617848896,0.383605313,0.53149431,0.486310858,0.478077025,0.644551768,0.508532255,0.375875402,0.396702086,0.639260941,0.42807463,0.485194264,0.471338859,0.490050476,0.259464513,0.652925526,0.480655648,0.32148271,0.720701176,0.393184006,0.463854305,0.438917247,0.5310202,0.446408853,0.422383258,0.549755415,born,4
-0.581399311,0.554314423,2.380208579,-0.624034786,0.362245407,2.399803158,-0.660554105,0.252488398,2.283963281,-0.497536925,0.249724186,2.536209421,-0.659122635,0.157947789,2.087842158,-0.400870496,0.045747363,2.529701561,-0.491751516,0.075950869,2.010783947,-0.293549868,-0.071214298,2.410845632,-0.404022214,0.048335687,1.974853105,-0.240130639,-0.111162889,2.400240105,-0.580544079,0.01410094,2.405376175,-0.565484868,-0.054810152,2.405639088,-0.592350696,-0.1171659,2.348837193,-0.52066897,-0.123920274,2.460256614,-0.662897428,-0.5245135,2.401357772,-0.544276389,-0.503712575,2.584796,-0.686332098,-0.881048326,2.439460754,-0.539094609,-0.853099854,2.656935632,-0.652071425,-0.949581475,2.413505719,-0.465030842,-0.926718525,2.674946947,0.002712148,0.001165096,0.005350019,0.002378568,0.001417446,0.002191935,0.004288335,0.002771495,0.0037321,0.002438702,0.007317111,0.003239741,0.009766202,0.017916741,0.018744324,0.019656941,0.023456649,0.035077675,0.03045318,0.027745821,0.109060725,0.066469722,0.09343468,0.093092087,0.032759655,0.046196708,0.148424856,0.084644396,0.090712059,0.109160786,0.001126271,0.00319385,8.34973E-4,0.00104742,0.004191987,6.71808E-4,0.001295137,0.002656985,0.002297649,0.001304732,0.003899215,0.002623114,6.48313E-4,8.63973E-4,0.001680588,4.10143E-4,6.16161E-4,7.89407E-4,6.90568E-4,9.5406E-4,6.0594E-4,0.001460215,0.001319186,0.001812056,0.001493024,0.001223402,0.001365932,0.002071038,0.001094956,0.002277856,-0.128417534,0.096351837,0.024138631,0.066502424,-0.037695848,-0.103869731,0.066777712,0.025384038,-0.057559201,0.053110808,0.174326805,-0.166514715,0.0100841,-0.194031619,0.087367495,0.055150063,-0.029979453,-0.21632027,0.101090968,-0.059999177,0.091548696,0.045466415,-0.06800541,-0.138637968,0.104238523,-0.026922083,0.100156701,-0.003325221,-0.033576847,-0.134376152,0.135471194,0.301284741,-0.056684235,0.120186263,0.228495181,-0.009459108,0.046497601,0.033620956,-0.142483178,0.063893128,0.255099396,0.116813934,0.008599161,0.001314385,0.131954457,0.052668244,-0.164706428,0.102938294,-0.149265766,0.060026114,0.125264082,0.021271707,0.092693338,0.023586296,0.197691421,-0.031647771,0.042462195,-0.053441942,-0.030189284,-0.027504983,0.500783138,0.342584001,0.541559853,0.467196348,0.578931245,0.44765946,0.57232395,0.555371521,0.40878566,0.386749659,0.611571544,0.429126794,0.434791455,0.657219305,0.391917849,0.423756918,0.432437848,0.508084457,0.43951321,0.433506887,0.533814135,0.346228233,0.454668392,0.552089972,0.437808282,0.359480218,0.560812939,0.322482065,0.422618155,0.575162797,0.488812269,0.678207495,0.287772009,0.49765457,0.737988764,0.246807796,0.482353573,0.525987311,0.462674878,0.470838549,0.594018064,0.393335181,0.325633646,0.451783503,0.564125169,0.424756058,0.514555224,0.492417976,0.463171589,0.55082186,0.450511949,0.4880567,0.489240299,0.497116133,0.586894993,0.438813918,0.447587837,0.381985038,0.379730711,0.585943725,born,4
-0.252100911,0.695705282,2.154092333,-0.298809058,0.506395796,2.196452111,-0.377099897,0.371494267,2.086185856,-0.185404638,0.41264029,2.368552511,-0.287291902,0.182137869,1.969266311,-0.128044397,0.203011998,2.362103444,-0.078075246,0.157574917,2.010433967,-0.031305606,0.097738539,2.176808811,-0.011402269,0.164118386,2.029765167,-0.008224074,0.079349205,2.1451929,-0.287843927,0.151733949,2.254093089,-0.285733566,0.080677431,2.268955611,-0.327204907,0.010070265,2.217402322,-0.240294267,0.008928018,2.340452167,-0.397063906,-0.475410812,2.323876244,-0.264594213,-0.465355159,2.535713456,-0.413562161,-0.862459782,2.332587744,-0.333529188,-0.774793463,2.606121089,-0.34033966,-0.913458352,2.288219411,-0.258953108,-0.851907218,2.6426629,0.01757083,0.002566661,0.006263408,0.015909402,0.001772854,0.005958572,0.012765208,0.002074838,0.004662487,0.015042097,0.009144816,0.011271698,0.086687662,0.01480164,0.019598752,0.043204206,0.025352698,0.063354416,0.088041766,0.059893354,0.071119974,0.088950472,0.111256073,0.056151178,0.095649346,0.08154062,0.081759185,0.098236402,0.163308675,0.067340742,0.010244469,0.002331574,0.00629862,0.009463044,0.002869425,0.006532939,0.008469408,0.00822078,0.009850266,0.009562449,0.004872184,0.009109912,0.003936185,0.003708278,0.002995701,0.005234236,0.003286669,0.00406026,9.97457E-4,4.59537E-4,5.4685E-4,0.020836848,0.006813014,0.007048537,0.001572666,8.73318E-4,0.00170048,0.017117385,0.008576925,0.011267028,-0.108685516,-0.101312587,0.097235833,-0.106396302,-0.009567777,0.084177877,-0.093683433,-0.045716155,0.040821595,-0.127197162,6.83859E-4,0.044269856,-0.185968686,-0.035380724,0.130405998,-0.136936564,0.0797095,0.079106743,-0.054175485,-0.01121348,0.101681405,-0.208115949,-0.041473727,0.043609405,-0.076732947,0.002250334,0.120100788,-0.243956267,-0.037627013,0.052477549,0.012260269,0.042196256,0.054885297,0.01739136,0.020587637,0.048472716,-0.005083982,0.058704032,0.071618165,-0.004413611,0.009996968,0.038406523,-0.107168252,-0.06667659,0.121238577,-0.292801756,-0.188719124,0.149248441,-0.017834957,0.094121201,0.057909317,-0.03554232,-0.006735925,0.032278938,0.026473652,0.064747506,0.138004182,-0.007601323,0.011325575,0.031691064,0.737624042,0.40741404,0.344413777,0.75172996,0.246951649,0.410371779,0.808862389,0.272745236,0.350540166,0.548386848,0.437472154,0.488020985,0.754047831,0.432817688,0.284791469,0.471855075,0.411108003,0.528707554,0.614404889,0.463829699,0.431350795,0.557451934,0.552509544,0.402094512,0.583861678,0.465774223,0.444855144,0.50366547,0.561291388,0.420031178,0.68088793,0.47788505,0.379958242,0.632056541,0.544329569,0.379135473,0.559017302,0.440398119,0.483956915,0.616946297,0.536709934,0.398107855,0.463023252,0.576303664,0.445202148,0.457085723,0.539134241,0.400879635,0.49117588,0.584524086,0.441463225,0.775971083,0.370839215,0.350485801,0.482083814,0.467157111,0.497321382,0.709357462,0.488778613,0.349608458,born,4
0.139755549,0.69567037,2.452232544,0.064869628,0.519063786,2.474505772,-0.032182372,0.39909804,2.365354175,0.206742379,0.419811253,2.615736947,-0.032130642,0.215041179,2.227693807,0.295701468,0.178367305,2.597732474,0.164799039,0.192358609,2.122361193,0.430382775,0.100769343,2.422246158,0.262588463,0.191336868,2.060361088,0.478211354,0.068219324,2.387542947,0.109271364,0.170849777,2.483523719,0.12232527,0.101869259,2.48463714,0.079141062,0.027910853,2.425286596,0.187202968,0.021108833,2.542679649,-0.016025235,-0.494162191,2.521871018,0.161364858,-0.464307602,2.691801439,-0.047449218,-0.865355077,2.580258509,0.118544746,-0.812487972,2.764903088,-0.012244176,-0.927905005,2.522113175,0.167771996,-0.88371334,2.81428493,0.024482705,0.009706899,0.010621895,0.009717831,0.003207609,0.006956083,0.005399003,0.004875668,0.001517096,0.00636106,0.006799585,0.011412067,0.057620678,0.025453108,0.056509837,0.026106407,0.017701788,0.043319311,0.053006657,0.026429516,0.083416289,0.061070795,0.039605488,0.032863961,0.055979454,0.042337575,0.113937841,0.070049597,0.053399811,0.030913414,0.007698657,0.001630455,0.00226985,0.007107492,0.002357642,0.002261131,0.007984165,0.002299874,0.00291711,0.005531626,0.002457606,0.002640734,0.001965944,0.002834582,0.002323814,0.001136722,0.001324506,0.001561053,8.31543E-4,0.001329884,0.001400632,0.001167461,0.003216919,0.00171755,5.26848E-4,9.37962E-4,0.0010572,0.004846295,0.003941143,0.00965925,0.05662207,-0.005799432,-0.095272183,0.106586962,-0.016201622,-0.053210481,-0.291427988,0.212282752,0.101932657,-0.108678441,0.025694066,-0.03607261,-0.055966799,0.005158024,0.042835033,-0.035422019,-0.087607694,0.087588743,0.039891312,-0.035293077,0.070223204,-0.1059268,0.045208363,-8.06E-5,-0.016071586,-0.023049795,0.09317938,-0.094974576,0.044470471,-0.035113573,-0.046713214,0.011839895,-0.021392242,-0.100883583,0.019945802,-0.079193341,-0.074238331,3.64964E-4,-0.041058965,-0.108332051,0.010260964,-0.053243651,0.137491763,0.110231181,-0.062407543,0.038706462,-0.096638359,-0.051098254,-0.007432674,0.055535357,-0.109617301,0.057409636,-0.113234819,0.091093863,0.055115043,-0.078844644,0.066242858,0.002678834,-0.014328139,-0.01857051,0.753837375,0.321153969,0.380103213,0.620088441,0.286316388,0.499029782,0.414519124,0.640127813,0.351486811,0.351262604,0.516121563,0.537137387,0.62543922,0.392603136,0.463616711,0.42473436,0.40090477,0.555118046,0.345330177,0.382487476,0.59315553,0.619536337,0.470271775,0.426415808,0.31335479,0.37075496,0.603329853,0.704977,0.513870529,0.322011819,0.683171624,0.50031165,0.361809525,0.651572181,0.549876779,0.340367995,0.691301858,0.468500699,0.371288248,0.607513304,0.397627254,0.467514396,0.438907493,0.664674848,0.392538194,0.508490393,0.441279506,0.506214765,0.385394994,0.558609753,0.496946763,0.361762291,0.7418682,0.365789638,0.446204814,0.406461827,0.547485413,0.442350431,0.372914312,0.568544439,born,4
-0.263378134,0.693438083,2.143848485,-0.309214542,0.504046047,2.186955703,-0.389523931,0.371053929,2.079333505,-0.190456641,0.410079349,2.357759733,-0.287571409,0.195444045,1.955353812,-0.12033985,0.17061235,2.331752228,-0.064063017,0.184498505,1.981207911,-0.009477068,0.079427375,2.155937109,0.008514039,0.208651573,1.995894624,0.017279073,0.066170233,2.130727822,-0.293566881,0.151864439,2.248038188,-0.290486056,0.081469097,2.263689337,-0.33314095,0.008685058,2.213721366,-0.241961427,0.011493886,2.335336624,-0.399857457,-0.473532291,2.319911208,-0.264371703,-0.466628,2.531611178,-0.413726123,-0.862729406,2.332170158,-0.33840278,-0.773949866,2.601641366,-0.341691134,-0.913826679,2.285956782,-0.262443919,-0.850188979,2.639095218,0.025894102,0.003313111,0.008302164,0.022091409,0.004087282,0.004438294,0.017952125,0.005021805,0.003302478,0.019699613,0.005375689,0.011303435,0.103111304,0.029235333,0.02890353,0.056714446,0.024690075,0.040709797,0.114482758,0.042262056,0.082203147,0.117284993,0.106421103,0.030926736,0.126763599,0.061091628,0.086530899,0.133075731,0.161894408,0.035116011,0.014619574,0.005903745,0.004284657,0.013341962,0.006724474,0.004567392,0.01223614,0.004590734,0.010562746,0.012770326,0.004636384,0.008729409,0.005156918,0.00207903,0.001576198,0.006080593,0.003741477,0.00275534,9.50413E-4,5.17601E-4,5.80521E-4,0.018715587,0.003692629,0.005817874,0.001775171,8.63189E-4,0.001507403,0.01419128,0.006281578,0.007612945,-0.099623201,-0.100038653,0.050999578,-0.135414427,7.93374E-4,0.072119042,-0.152508869,-0.080577318,0.025652297,-0.0925412,-0.073581467,0.020276847,-0.152875049,-0.140156902,0.110757355,-0.049629559,-0.015197624,-0.020599328,-0.030188574,-0.104156598,0.048598755,-0.113330496,-0.154986411,0.028506154,0.010211098,-0.071712619,0.081647854,-0.177698364,-0.124984726,0.038288681,-0.007024354,-0.066547542,-0.007092958,0.012655034,-0.062360999,0.008118695,0.026988681,-4.90415E-4,0.040201293,-0.011541141,-0.062325568,-0.040418486,-0.005998508,-0.073378124,-0.025641896,-0.055302631,-0.265435869,-0.009600193,-0.004339848,0.00563839,-0.035698536,0.099612683,-0.128816742,0.0891631,0.031991766,0.032142275,0.025893576,0.07809613,-0.119795129,0.11036816,0.726052995,0.482280581,0.320052119,0.81075084,0.316939073,0.318751699,0.809518983,0.372821924,0.286622061,0.632541152,0.397075903,0.456767997,0.7236889,0.423541166,0.330652873,0.512859613,0.419887686,0.523015868,0.628268024,0.492044662,0.41019683,0.58112298,0.547976441,0.395691303,0.623396189,0.521177648,0.394325718,0.579897661,0.553374463,0.385268848,0.661252835,0.497345886,0.387793395,0.604842727,0.538419727,0.406230719,0.542376933,0.375526674,0.524788745,0.594982965,0.46913057,0.451970103,0.584273451,0.529738665,0.424969871,0.501414849,0.620473933,0.373603633,0.466838605,0.584835006,0.462279322,0.700660823,0.438237282,0.3634431,0.463471405,0.470701647,0.524501043,0.609423675,0.487699368,0.409567973,born,4
0.249320569,0.622301225,2.243801363,0.184368534,0.440746417,2.247345798,0.111452445,0.312248301,2.131211879,0.32003511,0.339268073,2.392982879,0.111901705,0.167118662,1.96077421,0.427289092,0.116796218,2.356948782,0.321481152,0.135716868,1.932770048,0.524686175,0.058195258,2.193987435,0.388400839,0.143522114,1.90150171,0.560095642,0.054886122,2.169562774,0.206743849,0.102468193,2.255491573,0.222053942,0.03583499,2.25191171,0.184814772,-0.043308219,2.18612671,0.275200123,-0.048121207,2.315669742,0.092014596,-0.526682244,2.277444194,0.246141956,-0.538225811,2.466222669,0.024373389,-0.883223296,2.329919597,0.195253019,-0.865427219,2.512936274,0.038659335,-0.944993428,2.298094944,0.261196581,-0.922915805,2.529088806,0.018056703,0.003340651,0.014990583,0.006140037,0.020059555,0.003927564,0.010179424,0.00604447,0.006314244,0.005112438,0.013692795,0.011266202,0.043243962,0.03669225,0.053236688,0.033256698,0.018346434,0.081392164,0.014690033,0.039607714,0.148612259,0.101064442,0.034594052,0.089233757,0.016866761,0.044735061,0.172360456,0.136664045,0.041252873,0.110128035,0.006447351,0.011999634,0.009963915,0.006964354,0.015271708,0.011535717,0.008912574,0.005392294,0.011717615,0.007515733,0.009906755,0.018801102,0.001562686,0.003216143,0.00349598,0.002236633,0.014156837,0.004291162,8.16428E-4,0.00145829,0.001020337,8.52462E-4,0.001294124,0.00211389,0.006164714,0.004425831,0.005640144,0.003380875,0.001681358,0.007189284,-0.212879981,-0.063753258,-0.268122299,-0.018589681,-0.133773619,0.105050636,0.006745685,0.018803532,-0.169924144,-0.045548735,-0.103751065,-0.080189656,0.088292103,-0.034911057,-0.022017692,0.121466045,0.002522991,-0.204194358,0.114216424,-0.016880721,-0.025941859,-0.057663694,-0.080488618,-0.091506125,0.067966797,-0.027428021,0.003735806,-0.036964274,-0.051883901,-0.095539472,-0.105259524,-0.052380839,-0.145632081,-0.107399819,-0.072260712,-0.140351666,-0.060508408,0.036935552,-0.030449756,-0.070885978,-0.017887277,-0.152536662,0.04575369,0.034508703,0.023105846,-0.008260235,-0.140261734,-0.031717892,-0.02106273,0.072604602,-0.065060575,0.013029203,-0.082282753,-0.012007808,-0.04674214,-0.076311939,0.14397939,0.105103959,-0.048856148,-0.00592901,0.534935706,0.411973741,0.413073498,0.523587849,0.573255817,0.417410756,0.561664219,0.528481782,0.411393959,0.279518449,0.622532782,0.500141788,0.593675567,0.440312169,0.466625883,0.431416193,0.468420837,0.493651139,0.383363552,0.375801274,0.586890142,0.578310312,0.387015047,0.490346989,0.35781941,0.386890505,0.595276126,0.573170061,0.390671418,0.494078208,0.398634019,0.667773997,0.406411589,0.394427145,0.67352553,0.40376383,0.471735523,0.490885866,0.510602962,0.411356171,0.482276255,0.518538428,0.448094069,0.466048955,0.533616249,0.247466454,0.822431511,0.340812404,0.446251457,0.521588016,0.503179581,0.307496716,0.57045864,0.531321594,0.425874298,0.389918327,0.551631239,0.437348316,0.32215188,0.584465857,born,4
0.127494323,0.625852388,2.301373672,0.058126224,0.455277619,2.2846315,-0.046134862,0.336164181,2.176941859,0.219326608,0.303856952,2.407424047,-0.095237932,0.231461414,1.977190391,0.31267257,0.132283608,2.407242531,0.059807151,0.216106736,1.844089781,0.455664733,0.089844665,2.293084234,0.103567187,0.232589466,1.815785734,0.511848977,0.080254054,2.258030922,0.062734857,0.077207983,2.299693641,0.063786129,8.22117E-4,2.305515016,0.00696091,-0.070943268,2.262789109,0.122659883,-0.079748355,2.350288625,-0.083696661,-0.501723152,2.358988047,0.132513539,-0.511594131,2.477195109,-0.100556984,-0.893465997,2.45542875,0.184333184,-0.858301897,2.525435578,-0.098542847,-0.955454681,2.418421031,0.245833556,-0.918337586,2.527217078,0.011322436,0.006139612,0.006745588,0.012049977,0.015240993,0.003268193,0.012348461,0.039713722,0.010430131,0.005095322,0.013185495,0.013231686,0.053103517,0.055616497,0.062139349,0.042865218,0.022356707,0.053497518,0.024054068,0.112668612,0.127568668,0.085682139,0.041531897,0.030825065,0.022824502,0.129441854,0.135183616,0.118852712,0.049064276,0.03960331,0.004710278,0.008457742,0.004182559,0.004143679,0.01235721,0.005279141,0.008052771,0.009656427,0.008118033,0.004129986,0.011029545,0.007067102,0.006852763,0.002410089,0.004401646,0.001808421,0.007821942,0.003039175,0.001472634,0.002055252,0.002428397,0.001987609,0.002783585,0.001741897,0.001122026,0.002111442,0.00257628,0.006802047,0.002562141,0.006356556,0.242144313,-0.083927061,-0.004424447,-0.159392734,0.198097732,-0.081189863,-0.033453286,0.137247109,-0.096538304,-0.002734939,-0.286160238,-0.005325439,0.068247453,-0.087670305,-0.02375805,-0.088120167,-0.207078876,-0.063224754,-0.058409132,-0.160288953,0.016848437,-0.107853671,-0.14849719,-0.020275902,-0.006913396,-0.213901798,-0.022877608,-0.086409819,-0.14465433,-0.018873456,-0.079073604,0.199581337,-0.038149574,-0.086667531,0.072133264,-0.045621734,-0.05224741,-0.013944545,0.001314055,-0.02847309,0.022967878,-0.058596182,0.021696786,0.055602256,0.035791188,-0.040059774,0.117328278,0.015129762,-0.049255214,0.019860545,0.118957102,-0.062910356,0.056340638,-0.019878556,-0.013924667,0.061306124,-0.024888383,0.019760705,-0.009925374,-0.007673294,0.487670473,0.469648686,0.479048385,0.343465516,0.699090859,0.386239963,0.566978156,0.635461697,0.331393562,0.442065941,0.558599696,0.443519088,0.452785453,0.537476026,0.488131796,0.582612713,0.405626455,0.45857617,0.341850902,0.556445296,0.513561428,0.640959401,0.593950259,0.304522045,0.287521384,0.662184224,0.455729261,0.691892835,0.49817436,0.33739271,0.351833262,0.690410876,0.408594739,0.278445773,0.696971141,0.449266691,0.410554018,0.541046418,0.509836734,0.373931965,0.640397907,0.461441699,0.486772752,0.622668023,0.42026314,0.458240724,0.710018668,0.356325791,0.373120218,0.49104321,0.534868558,0.390397815,0.645697456,0.450967449,0.353047993,0.55411318,0.523053096,0.468103283,0.43644575,0.535679484,born,4
0.135984865,0.622499363,2.299391772,0.065077291,0.437952881,2.28592714,-0.040490039,0.340586398,2.182829175,0.215266842,0.308991516,2.411395614,-0.111883578,0.234776575,1.983534982,0.287916696,0.120071979,2.420317614,0.044357217,0.21802428,1.854495211,0.422617398,0.058248163,2.301170877,0.081821375,0.226991944,1.837392649,0.481894749,0.039911205,2.258648614,0.065550195,0.074754655,2.305196667,0.065928921,0.002290365,2.312349825,0.012444308,-0.069567493,2.270846421,0.12037254,-0.076424198,2.358780298,-0.080777647,-0.50307744,2.363837649,0.133381558,-0.513241847,2.480112632,-0.101613914,-0.893000546,2.455973386,0.185300265,-0.860881165,2.525586632,-0.09892394,-0.953092365,2.415935211,0.246915035,-0.920078096,2.525005228,0.008927877,0.006896798,0.012056865,0.011794167,0.020905318,0.010113762,0.013575457,0.038700114,0.012345192,0.004946373,0.008187234,0.013504895,0.04220098,0.050734699,0.05426044,0.026634749,0.028060071,0.053176652,0.029112018,0.113593865,0.123854483,0.064528882,0.031650761,0.03341546,0.025372442,0.134492544,0.132621183,0.097088538,0.036602357,0.028856868,0.00363732,0.007572067,0.006515036,0.003334632,0.008288591,0.005995213,0.004957528,0.004288499,0.005752831,0.003938196,0.006647288,0.007640009,0.010359136,0.002358847,0.008402939,0.002315003,0.004618284,0.002374489,0.001863719,0.001973614,0.003506835,0.001551053,0.002866309,0.001734472,0.00155742,0.00201136,0.00227647,0.009941246,0.003245226,0.007745629,-0.191264413,0.010184497,-0.097481714,0.06470336,0.232829176,-0.160001948,0.072539521,0.015394137,-0.10167107,0.024062284,0.083832104,-0.067972679,0.063537362,-0.063714157,-0.036323622,-0.198222491,-0.124467408,-0.08459806,0.058819088,-0.10356172,-0.067619393,-0.072122147,-0.18965396,-0.073866989,0.077223691,-0.163580403,-0.051543841,-0.058167498,-0.156834571,-0.016739872,0.006575779,0.172259019,-0.170940477,0.012090091,0.205214344,-0.155838544,7.411E-4,0.012254383,-0.162473135,0.106834233,0.100083434,-0.029738997,0.057617267,-0.019496329,0.101428314,0.11603495,0.039163212,-0.106302412,-0.060750279,-0.042020505,0.015594379,-0.024934585,0.004876835,-0.031835361,0.036592848,-0.060270122,-0.002332642,0.077066031,-0.040155002,-0.013936346,0.408149532,0.554566657,0.475040517,0.338130943,0.698506006,0.366295914,0.473515939,0.734942975,0.309147204,0.342710345,0.558015656,0.517765764,0.451361759,0.557795132,0.477678243,0.533995291,0.409429178,0.479076083,0.387810764,0.579521356,0.48587786,0.663811104,0.446267336,0.380348653,0.338530132,0.635941395,0.460653862,0.711035768,0.42728579,0.36396923,0.442947016,0.69728838,0.32403531,0.416487257,0.672834353,0.36298952,0.474786856,0.551521929,0.446459764,0.386544153,0.590313236,0.479918444,0.593554927,0.486115699,0.429428798,0.44829226,0.656105819,0.395241946,0.396659101,0.479490488,0.542606892,0.419727459,0.698523638,0.397061849,0.353540746,0.641967734,0.469019109,0.553237456,0.440591419,0.486758949,born,4
-0.294638508,0.67071962,2.403618481,-0.345129695,0.487017162,2.447244767,-0.401456934,0.341999836,2.329333541,-0.232241943,0.381940827,2.60030988,-0.25932565,0.232237098,2.232060729,-0.147330173,0.145015168,2.520747301,-0.043560063,0.299521628,2.244189489,0.013285244,0.106364083,2.374467015,0.025443037,0.334703238,2.249700835,0.063233351,0.097033219,2.360705579,-0.304851632,0.120012412,2.452020586,-0.2916392,0.047225931,2.452893113,-0.323661432,-0.019168049,2.389061481,-0.242423502,-0.024705269,2.513952316,-0.402137595,-0.498130326,2.500432233,-0.285213441,-0.511799513,2.687646549,-0.418811923,-0.881769927,2.562866857,-0.329175604,-0.851250647,2.70324918,-0.384383844,-0.949137323,2.52840285,-0.248510498,-0.920529592,2.733402451,0.011387208,0.004410167,0.004995952,0.01174266,0.012425032,0.007447543,0.01411201,0.001934124,0.009293948,0.013694622,0.008551999,0.010303427,0.102072584,0.086352256,0.032782412,0.045237479,0.023813836,0.030538989,0.113560151,0.093995163,0.071363852,0.086909055,0.095596902,0.019879439,0.116946768,0.095210835,0.077573096,0.100986277,0.12593645,0.028174322,0.010787227,0.007825899,0.005986506,0.010977235,0.010345572,0.006035661,0.012223044,0.007899821,0.01187695,0.011718829,0.008089146,0.009891459,0.004088373,0.007018045,0.005172527,0.0064285,0.005380941,0.002559874,0.00202605,0.002628742,0.004181321,0.005546769,0.0024752,0.008531946,0.001704656,0.001866839,0.002990708,0.005382257,0.004227866,0.007078612,-0.183842103,0.026567191,1.06927E-4,-0.056406271,-0.072957392,-0.105940659,-0.151653551,0.024653254,0.038727556,-0.136681245,-0.028462664,0.014595956,-0.180102546,-0.206550782,0.019504282,-0.162540876,-0.104113292,0.007047754,-0.134645949,-0.046981186,0.158071742,-0.226543409,0.047434271,-0.067660817,-0.067643499,0.029820519,0.130402869,-0.210900376,0.114486724,-0.0808153,-0.042687824,-0.052005963,0.03565633,-0.042145119,-0.064750353,0.034995197,-0.074064694,0.017852208,0.067349795,0.014370071,0.013805615,-0.032818274,-0.092101903,0.127200709,-0.045474209,-0.135881716,-0.070550724,-0.042469966,0.02126853,0.036616522,0.106881516,0.006395826,-0.020262644,0.042941409,0.083602912,0.042104682,0.01035799,-0.032854717,-0.007756809,0.031473299,0.59981914,0.456460695,0.441316058,0.582851246,0.462909843,0.451241271,0.612024466,0.346844903,0.485150037,0.531293733,0.507925706,0.464808468,0.599202658,0.587880759,0.325069946,0.550522052,0.505282535,0.445195349,0.532368841,0.551690602,0.408535416,0.603421555,0.537612229,0.371535093,0.573016733,0.51226555,0.425374129,0.605693776,0.542920096,0.360286998,0.492063684,0.665660627,0.387343728,0.488028021,0.689004753,0.368132736,0.533010745,0.507047127,0.467032135,0.451278528,0.566684529,0.48221887,0.308403793,0.710189781,0.426570661,0.448874819,0.63192907,0.426818307,0.451957793,0.554923137,0.477174811,0.419342867,0.274541527,0.60705518,0.415371061,0.468854471,0.543609132,0.569752016,0.438722391,0.485893592,born,4
