-0.265456299,0.656476459,2.4046638,-0.26140722,0.473984308,2.494175353,-0.428857781,0.359607542,2.523124576,-0.101357342,0.360027999,2.4879062,-0.4809497,0.097628979,2.591528624,0.044317283,0.19833362,2.370472094,-0.501306494,-0.134828661,2.580067976,0.183259944,0.301035282,2.209654882,-0.488084349,-0.233778932,2.537823235,0.198884843,0.329930756,2.190552565,-0.262408991,0.118888908,2.505076388,-0.263092815,0.047897332,2.506208576,-0.338291932,-0.02509223,2.507265753,-0.188421014,-0.026413854,2.504755671,-0.367596638,-0.483575621,2.6267834,-0.155427787,-0.503369465,2.645184541,-0.371884636,-0.861035029,2.671684082,-0.146983999,-0.871557984,2.695210847,-0.400392728,-0.936526568,2.620625447,-0.102156947,-0.934923396,2.619846647,0.032000757,0.003653229,0.005287004,0.031044482,0.001950706,0.006010717,0.031714547,0.002068847,0.004942177,0.029233131,0.003322855,0.007567354,0.032550156,0.001997232,0.002783125,0.027916968,0.015151771,0.014685179,0.028114564,0.00186323,0.008629352,0.063156409,0.072988541,0.041456932,0.025618339,0.012136689,0.009729955,0.098776504,0.057588241,0.065768457,0.028581704,8.83127E-4,0.006937508,0.027909083,8.88326E-4,0.007626946,0.027840495,9.22362E-4,0.006849822,0.027132614,0.001754101,0.009946874,0.016607206,0.004429442,0.006211621,0.007825247,0.006212723,0.016278038,0.00377024,0.001270137,0.001420011,0.004007539,0.004689148,0.00646262,0.002066983,0.001968551,0.005314757,0.003177011,0.001658912,0.005987571,-0.096769186,-0.043220423,-0.002826653,-0.094469447,0.049953696,-0.072801492,-0.13052057,-0.027320227,-0.103959666,-0.008723508,-0.081873002,-0.11339759,-0.089462365,0.016354042,-0.078344688,-0.016278462,-0.099825973,0.012620601,0.029809293,-0.020228088,0.016295744,0.041927367,-0.031431862,-0.049173963,0.043658004,-0.024741498,-0.002125007,0.078694131,-0.042462687,-0.057880355,-0.089207526,0.006170205,-0.167424453,-0.105207938,-0.036299793,-0.120916191,-0.127036689,-0.018227127,-0.118746942,-0.093376973,-0.07080897,-0.10349646,-0.020229992,0.135274898,-0.096531877,-0.039838486,-0.08827305,-0.004585899,-0.045187741,0.075938101,-0.069860309,-0.020729514,-0.024920772,-0.056082761,-0.001818693,-0.014964258,0.104290094,0.038619807,-0.034029323,-0.001770478,0.801556992,0.267773773,0.362295918,0.807695741,0.241842367,0.357038508,0.835476066,0.194001199,0.326015538,0.81742411,0.296575045,0.315493358,0.821329356,0.275707145,0.329171341,0.575332144,0.539915634,0.421251063,0.565605463,0.212895632,0.557229981,0.535728155,0.623868682,0.390003951,0.519931173,0.572459394,0.440170294,0.63027185,0.498115675,0.404884142,0.767630708,0.169190136,0.390763669,0.80315601,0.257928196,0.342334122,0.815659573,0.222372184,0.337743451,0.790232382,0.271614072,0.356566324,0.666264572,0.528052805,0.337310724,0.289296108,0.658487563,0.480241436,0.504145819,0.44594556,0.508569649,0.386990672,0.591781673,0.490254629,0.347989335,0.342114145,0.603205944,0.424520432,0.4397718,0.55307822,come,9
0.137271654,0.615716104,2.232666093,0.145844769,0.422817706,2.272800759,-0.016652151,0.30771358,2.278604315,0.306680626,0.315231178,2.24093037,-0.093709609,0.051895766,2.288452426,0.416736289,0.179294063,2.105759093,-0.12493423,-0.162141809,2.246309944,0.427304085,0.247888907,1.903382296,-0.119027906,-0.243705713,2.238237593,0.413997087,0.295684919,1.85946237,0.148238433,0.059594998,2.287377352,0.14162687,-0.005775956,2.234204481,0.06751707,-0.079013074,2.22580737,0.214252661,-0.076974419,2.224927111,0.031875944,-0.5357402,2.366977111,0.271571507,-0.527493654,2.338409537,0.015789038,-0.884880937,2.479157519,0.281373985,-0.884898074,2.424364481,-0.065847711,-0.947728139,2.462692296,0.306642869,-0.93768987,2.3741485,2.9013E-4,4.42201E-4,6.26052E-4,1.41994E-4,3.73092E-4,8.10257E-4,2.05769E-4,4.03468E-4,5.31036E-4,0.001181962,6.13195E-4,6.59957E-4,6.94892E-4,5.61839E-4,7.35205E-4,0.002732953,0.00683651,0.006547155,0.001274865,0.001318226,0.001648293,0.019305515,0.010006857,0.005943351,0.001344438,0.001007891,0.002191455,0.043403713,0.011153678,0.022042432,9.75E-5,1.68171E-4,3.44705E-4,6.36E-5,2.39518E-4,3.24976E-4,1.39556E-4,1.58887E-4,3.00123E-4,1.24854E-4,1.91522E-4,3.35019E-4,8.364E-4,0.001515193,8.67932E-4,2.91853E-4,4.46376E-4,0.001170213,7.2455E-4,8.59899E-4,0.001459172,0.007083988,0.001676267,0.002038949,0.001665769,6.51408E-4,0.00272445,0.001101785,0.001832276,0.002028841,-0.032027496,0.056009951,0.117916119,-0.016513297,0.161401959,0.164444993,0.141271538,0.066311096,0.031262193,-0.312119557,-0.142590194,0.066300697,-0.040388019,-0.015986923,0.202193281,-0.02464731,0.002860458,-0.044997166,0.004639873,-0.017117476,0.093447155,-0.197624471,-0.0691366,0.006826214,-0.047927032,-0.080843856,0.056527089,-0.123933269,-0.003597853,0.04498127,-0.040845865,-0.067205272,0.053684546,-0.01866919,-0.129841382,0.07076223,0.033088171,-0.089583542,0.01986943,-0.163628319,0.072376967,-0.026083217,-0.038897847,-0.085235078,0.084265137,-0.006561593,0.007675641,0.05984026,0.050159751,0.043289572,0.033025926,-0.097316302,-0.021419182,0.004101739,-0.011987794,0.046593938,-0.05223995,0.050192298,0.01726362,0.08526367,0.426641552,0.493768006,0.511237561,0.391623702,0.413470842,0.536134357,0.518813382,0.511146807,0.460373668,0.646511253,0.544810817,0.262113254,0.463381774,0.496820342,0.466020179,0.434029397,0.500343465,0.518485193,0.408952027,0.581499416,0.478348204,0.740812477,0.395202598,0.34013712,0.373957317,0.544501804,0.514439112,0.688497296,0.321648885,0.43809823,0.405302232,0.509736903,0.521946367,0.351949602,0.58587327,0.493092554,0.519804011,0.480944907,0.484526192,0.512171615,0.408644416,0.508831528,0.447003383,0.597963278,0.447407594,0.366603654,0.58152363,0.500581347,0.405064046,0.526329525,0.516399567,0.833096691,0.256030827,0.325099464,0.356612326,0.348779745,0.601827646,0.335087246,0.562381626,0.517151304,come,9
-0.095355622,0.652294627,2.386758585,-0.066392657,0.465295153,2.436053966,-0.233038712,0.361366035,2.468920737,0.101756648,0.359899574,2.424036051,-0.29452753,0.109462168,2.499389475,0.245441572,0.220666953,2.281873636,-0.298617885,-0.097901,2.511033424,0.240978747,0.269554248,2.07398822,-0.290308062,-0.139739408,2.514837602,0.252092146,0.282551973,2.065361508,-0.0521808,0.11197838,2.447025551,-0.052280378,0.042217755,2.430492627,-0.125194965,-0.035202264,2.431837864,0.025684576,-0.031126336,2.42280311,-0.133280706,-0.494140839,2.573077068,0.041344724,-0.492841619,2.581811492,-0.123085189,-0.859042866,2.630945271,0.028376063,-0.855844676,2.665506534,-0.154883929,-0.919098914,2.608508932,0.066875458,-0.913259743,2.643133992,0.001281802,0.001583567,0.002611134,7.53262E-4,3.99308E-4,0.001702022,7.97407E-4,7.58232E-4,0.002218035,0.003097379,0.001129981,0.001038891,6.75818E-4,0.001320551,0.00320238,0.011093092,0.006200337,0.022958996,9.73998E-4,0.001338388,0.003405677,0.051756356,0.022027409,0.018420058,0.002591599,8.18636E-4,0.004025994,0.063595882,0.017170651,0.017152752,4.60053E-4,5.25469E-4,0.002210946,5.13224E-4,5.94265E-4,0.001584691,7.18684E-4,3.73653E-4,0.001773741,5.64307E-4,2.20199E-4,0.00140659,0.00185999,0.002765023,0.002850511,9.97549E-4,0.001397089,0.001608099,0.001499067,0.001420211,0.002453213,0.001681838,0.002732793,0.003744936,0.001510189,0.001450028,0.002171303,0.002470586,0.002153534,0.003856039,-0.013951547,-0.003614544,-0.167600602,0.016960421,0.0024723,-0.231141507,-0.156787841,-0.023648352,-0.355765616,-0.192420364,0.046023462,-0.104473545,0.066468426,-0.164930029,-0.273992482,-0.095665353,0.097852363,0.105462146,0.114036773,-0.037156517,-0.105912543,-0.01954076,-0.045826002,0.05922792,-0.127365391,-0.052469519,0.202607472,0.001302244,0.054206564,-0.014855632,0.029041598,-0.095593353,-0.300113319,0.046304264,-0.092353999,-0.391105597,0.036832919,-0.10218568,-0.367530925,0.071220908,-0.101492105,-0.236961388,-0.078182401,-0.206934002,-0.006570953,0.015315222,0.04541638,-0.095091509,0.044964084,-0.07380516,0.025368446,-0.038224096,0.042708053,-0.011139682,0.031612339,-0.042076879,0.098415317,0.020972136,-0.00820486,0.012689829,0.518000278,0.466182757,0.473778831,0.529794673,0.410046601,0.466138411,0.355088398,0.52379529,0.393919557,0.685942353,0.418100273,0.377249191,0.372685893,0.574830857,0.411588653,0.45442812,0.39827745,0.540833381,0.391044141,0.495779849,0.527069818,0.644692117,0.441635071,0.430815851,0.409086276,0.328355982,0.554231587,0.704197578,0.350037268,0.4298967,0.419888924,0.442086179,0.462581693,0.470238756,0.563143393,0.258738781,0.520629473,0.417878447,0.361530859,0.608346073,0.427413842,0.393649435,0.490408219,0.641702986,0.380611708,0.488094435,0.635542506,0.40542961,0.426564061,0.423188684,0.557483859,0.43618211,0.507299066,0.519751082,0.470951642,0.48948618,0.503850488,0.490855093,0.423484704,0.534012487,come,9
-0.093845813,0.651126272,2.388786707,-0.066051312,0.464979702,2.438216253,-0.232391807,0.363041451,2.473150455,0.103155046,0.359067976,2.426756859,-0.295589878,0.109853257,2.504626586,0.243871969,0.214622732,2.287158242,-0.300123411,-0.097775409,2.515434293,0.259697507,0.25321908,2.076937263,-0.291674841,-0.140955482,2.520453919,0.259550723,0.267951883,2.071312434,-0.052633287,0.112608872,2.449400111,-0.052800576,0.042856824,2.434196636,-0.125984408,-0.034601173,2.435671293,0.025096858,-0.030821774,2.426539475,-0.133163397,-0.492817619,2.575342182,0.040929747,-0.492641117,2.583464545,-0.122959681,-0.857618525,2.630522121,0.029035659,-0.853543568,2.662875566,-0.154009004,-0.918180238,2.608005939,0.068138275,-0.913211402,2.643184545,0.00154123,0.001251367,0.001242487,7.46983E-4,2.61279E-4,5.5075E-4,3.48594E-4,6.97902E-4,7.19787E-4,0.001212713,5.26048E-4,5.49197E-4,6.29458E-4,0.001021672,6.86972E-4,0.009255362,0.005005207,0.020117793,5.49575E-4,0.001026939,6.50983E-4,0.043043914,0.024665431,0.015775057,0.003116968,9.82249E-4,0.003388391,0.052058515,0.018084532,0.010061579,3.56825E-4,5.43258E-4,6.37176E-4,3.85156E-4,6.67792E-4,2.5616E-4,3.0213E-4,5.41302E-4,3.34631E-4,4.36644E-4,4.26568E-4,4.20854E-4,8.26043E-4,0.001269862,0.001207559,8.7035E-4,0.001312652,0.001105087,0.0015682,0.001686011,0.002594123,0.002072137,0.002936011,0.003030927,0.001285515,0.001399987,0.001490358,0.002166961,0.001567588,0.004080081,-0.090234875,0.001291453,0.031140483,-0.135507544,0.034846952,0.098573396,-0.071436144,-0.029605012,0.11764497,-0.061990812,0.090728343,-0.022962087,-0.025792935,0.06681231,0.058613131,-0.030360129,0.030145378,-0.015533698,0.055304664,0.024587513,-0.019212399,-0.083583366,0.074437755,-0.014691251,-0.124570455,0.016015053,0.116945983,0.068443952,0.05081222,0.032431661,-0.022280297,0.091144502,0.274225829,-0.077585499,0.128928147,0.028717923,-0.095023977,0.069480317,0.039272521,-0.078004024,0.107038729,-0.057034865,-0.033204382,-0.103916482,0.06612002,0.091305325,0.080992548,-0.059003072,0.010555213,-0.049374822,0.019005489,-0.022174202,0.012053832,-0.002426124,0.024005602,-0.037154396,0.101861851,0.026488932,-0.011231967,-0.015459944,0.426212524,0.603947388,0.465403053,0.615447881,0.465908781,0.421034878,0.417877773,0.576468981,0.4737372,0.630330865,0.431822517,0.443139513,0.313867133,0.682292648,0.454773281,0.446040908,0.328697299,0.583294453,0.441173978,0.52156077,0.509259024,0.70095582,0.45105417,0.375443695,0.450889937,0.271734046,0.578397663,0.710514,0.36100392,0.415437269,0.448136837,0.609189754,0.35848938,0.458754723,0.665158349,0.395199385,0.469846004,0.53793106,0.480913827,0.516263662,0.531602612,0.456274675,0.554464072,0.568030996,0.411613142,0.478371513,0.643032771,0.403350491,0.439921204,0.456970675,0.540434069,0.423373532,0.567763978,0.493730419,0.501243574,0.491505019,0.486843663,0.482462743,0.490501126,0.507501281,come,9
-0.220550578,0.725388653,2.419613039,-0.232568319,0.543422681,2.482616753,-0.402021503,0.424686256,2.472395364,-0.06048812,0.418271174,2.468326104,-0.464931082,0.153085783,2.519735558,0.066684683,0.26035321,2.326166143,-0.476746249,-0.10165093,2.508000935,0.052439618,0.327740979,2.124012532,-0.459865726,-0.189037944,2.499683221,0.044457336,0.362240021,2.076267935,-0.216021196,0.171391975,2.495269935,-0.212974321,0.097950257,2.478945922,-0.288346468,0.021314623,2.473800727,-0.130327361,0.021437469,2.477702494,-0.289896755,-0.475518914,2.619633429,-0.095721448,-0.482980738,2.622080506,-0.340650651,-0.858273131,2.645793909,-0.04727045,-0.875308796,2.639080013,-0.386393379,-0.93213286,2.616565481,0.018914414,-0.956558235,2.585806195,0.006583609,0.006454766,0.006022855,0.00380054,0.004232778,0.009193261,0.003097938,0.002095671,0.004550344,0.010827799,0.016991503,0.004063741,0.002600551,0.002016223,0.004747556,0.010409313,0.010932308,0.01584043,0.004287227,0.004896994,0.00679334,0.098188927,0.064606636,0.06775989,0.005434116,0.006117722,0.008721519,0.140068786,0.071360163,0.101646472,0.002660299,0.003779386,0.005937793,0.002632036,0.005557482,0.002093249,0.002512764,0.003505793,0.001743793,0.002907495,0.005199338,0.00210395,0.001272198,0.001710713,0.001231198,0.002270182,0.006016653,0.001826814,2.82229E-4,0.00264907,8.2205E-4,0.0018352,0.003080726,0.002553521,0.00188397,0.00167296,0.004130254,0.001331352,0.001086888,0.003557168,0.035900659,-0.09513127,0.020238784,-0.077649639,0.03894359,-0.155728538,0.020034849,0.071290874,-0.091181598,-0.300424817,-0.164653346,0.098061572,-0.134462321,-0.009326124,-0.128255504,0.051590402,0.002626218,0.008851758,-0.077507534,0.010687825,0.016165569,0.013658153,-0.001045387,-0.013408191,-0.139719776,0.068517566,0.06418513,0.027202606,0.036839693,-0.070163569,-0.107350251,-0.102961499,-0.071454957,-0.16104786,-0.242701496,-0.129849342,-0.003987482,-0.093542232,-0.103624969,-0.218863873,-0.099787263,-0.137729121,-0.038336795,-0.026233777,-0.027551556,0.098073381,-0.029061248,-0.071536449,0.007972325,0.253491272,-0.025803384,-0.015882485,0.067408885,0.119383253,-0.076302979,0.012805606,0.01705536,-0.095720531,0.052643435,-0.031591777,0.445982435,0.742930034,0.335180466,0.490969143,0.394694227,0.516343667,0.499626156,0.468261529,0.49776704,0.492617486,0.575970805,0.370157041,0.423629521,0.491048756,0.507204738,0.484321773,0.496926186,0.501236742,0.483704549,0.527435283,0.483710819,0.444458048,0.445173803,0.543399042,0.447681637,0.484324716,0.509396723,0.52353266,0.506005235,0.471494549,0.374975255,0.393618045,0.573819765,0.46355627,0.573962663,0.401498687,0.560292072,0.518490171,0.4321126,0.477128925,0.561632767,0.416353649,0.568939909,0.629686418,0.362574154,0.600516,0.621846536,0.330574737,0.303205228,0.770561549,0.342510384,0.353260151,0.630782956,0.463909005,0.426622046,0.398645135,0.565359829,0.477333183,0.346969484,0.558790746,come,9
-0.022862278,0.711845094,2.471379465,-0.011906873,0.52417132,2.509795014,-0.195733975,0.410733573,2.527943324,0.145576463,0.396225938,2.476079254,-0.237615289,0.137323927,2.546681028,0.259670942,0.229390451,2.321201549,-0.23676302,-0.095168004,2.503615324,0.240980317,0.339946103,2.111915972,-0.231247638,-0.201025963,2.480471803,0.223671687,0.368553932,2.110414704,-0.011642448,0.162080983,2.523840662,-0.018668931,0.094325086,2.482185282,-0.097808968,0.017036849,2.483201831,0.058181038,0.017090731,2.466233155,-0.100870434,-0.463672242,2.618573676,0.102342331,-0.461135704,2.591776648,-0.097605897,-0.837525246,2.693810592,0.110096655,-0.83218871,2.690177803,-0.157517317,-0.915189563,2.673166803,0.160391999,-0.903302514,2.657210592,0.001137466,4.0563E-4,0.002422769,2.14087E-4,2.91377E-4,0.002019021,4.15395E-4,4.26042E-4,0.001751265,0.007850854,0.016516512,0.005976731,5.58856E-4,7.79488E-4,4.36227E-4,0.005282448,0.012265543,0.021512729,4.35004E-4,6.58319E-4,5.96645E-4,0.036187912,0.053137722,0.017490006,6.11434E-4,0.009539691,0.002040625,0.055166082,0.033496445,0.033338496,6.07974E-4,0.002860585,0.002010851,9.50861E-4,0.00364186,0.001040407,4.28571E-4,0.002133209,9.58737E-4,0.001687795,0.002981596,0.001173784,7.07246E-4,0.001309482,0.002173627,2.72382E-4,7.90985E-4,7.12731E-4,7.78549E-4,0.001333916,8.02099E-4,4.00922E-4,0.001596332,0.001293364,0.001913415,0.00141328,0.00364308,0.002608484,0.001384911,0.00187475,0.014256029,0.024513141,-0.246844924,0.046858075,0.066776188,-0.387506719,0.14976616,-0.019118191,-0.441531194,-0.274443756,-0.075694751,-0.121116894,0.212849564,0.019748696,-0.072118997,0.024007002,0.049509744,-0.057256624,-0.081406126,-0.01513944,0.028233792,-0.079240108,0.109749687,-0.008640536,-0.011986422,0.004859069,-0.044008354,-0.093888485,0.110591132,0.049887614,-0.042578016,-0.075554042,-0.306061009,-0.111139744,-0.172301364,-0.052671395,-0.068786164,-0.026479156,-0.02729316,-0.172620038,-0.211904917,-0.019826278,0.011357995,-0.025295538,0.196946836,-0.097183949,-0.062053504,-0.067875099,-0.021610891,-0.058177938,0.010629734,0.00851653,0.016543504,-0.002189978,0.030157212,0.006066451,-0.151534076,-0.170337218,0.109329064,0.020741422,0.549611813,0.381468363,0.45480856,0.404036139,0.395568711,0.421088727,0.387659249,0.401567581,0.357482468,0.480378434,0.68999423,0.288872088,0.489953132,0.670004908,0.346305501,0.260918795,0.464478887,0.588291561,0.425097255,0.501180307,0.522136828,0.533632172,0.51366895,0.457360902,0.328759718,0.694529173,0.442245453,0.516731559,0.503044911,0.468643707,0.308066257,0.734522006,0.277159772,0.306118657,0.793850322,0.326756126,0.404805876,0.695199399,0.407138107,0.466947872,0.691571119,0.326218815,0.365175529,0.546385455,0.487011221,0.445650379,0.669470024,0.397548068,0.378685086,0.600697369,0.488537933,0.272842008,0.669137164,0.481230759,0.46065222,0.350803671,0.549048996,0.60403786,0.417001906,0.449742366,come,9
-0.265230341,0.662229392,2.42609154,-0.260170335,0.478255346,2.514670825,-0.428058094,0.363921371,2.540151111,-0.098312432,0.365777827,2.506780889,-0.481265149,0.100743663,2.607803857,0.058823992,0.216566462,2.396356984,-0.498544192,-0.130511984,2.580250349,0.15632838,0.357983695,2.248142095,-0.493861624,-0.214835732,2.558546175,0.157873503,0.381369646,2.239814984,-0.261615073,0.122321149,2.524944651,-0.263481644,0.051525659,2.516189222,-0.339453689,-0.022335668,2.515878667,-0.188933933,-0.022910324,2.512755714,-0.367414565,-0.480558127,2.633220857,-0.157771103,-0.503157816,2.654252921,-0.371918975,-0.860067324,2.671651794,-0.151331581,-0.871681208,2.700215492,-0.39802529,-0.936097617,2.621382,-0.105151224,-0.937701722,2.626954476,0.010212984,0.00210789,0.00628699,0.006533774,0.00139052,0.003054386,0.007826377,7.27734E-4,0.003580873,0.00559601,0.003030778,0.004155839,0.00472213,0.001732157,0.002117926,0.004518664,0.007775752,0.013944773,0.002939049,0.001931563,0.001735317,0.058290083,0.068774841,0.041506553,0.003191012,0.019987891,0.004397468,0.092609807,0.049231455,0.069842712,0.005001786,0.001475928,0.002722926,0.004709007,0.001583549,7.94696E-4,0.004664902,5.7859E-4,4.19123E-4,0.004072878,0.001781812,6.13034E-4,8.57097E-4,0.001301312,4.70153E-4,0.001093749,0.007633995,0.005931873,9.21305E-4,0.001402105,0.001500706,8.4635E-4,0.001858009,0.002037082,0.001589324,0.001622747,0.00576926,6.52068E-4,7.29229E-4,0.001790053,0.221625334,-0.097559491,-0.021823502,0.068742032,-0.051820354,-0.031662242,0.140015403,-0.031256228,-0.148180933,0.24505637,-0.117231785,-0.329174463,0.071435042,-0.091060917,-0.060357911,0.07479562,-0.118453894,0.006045453,0.140282037,-0.077392909,-0.112547792,0.082832333,-0.047751534,-0.038903838,0.100796426,0.227793222,0.019200635,0.116399167,-0.006302502,-0.069874614,0.175867621,-0.055210295,-0.001703519,0.185452621,-0.070089388,-0.110991212,0.154864319,-0.008294628,-0.03224414,0.190370902,-0.183158914,-0.072580158,0.041339771,0.120490924,-0.045881999,0.014576562,-0.237408457,0.147921473,0.008429496,0.007497709,-0.029069704,0.110786553,-0.204736746,-0.054300929,-0.036500591,-0.011831725,-0.099417693,-0.106185791,2.56082E-4,-0.228955749,0.596581792,0.35562764,0.469542779,0.64404194,0.30999561,0.481360567,0.744910845,0.278533088,0.378061775,0.550370407,0.397127142,0.337683461,0.642340561,0.492331816,0.3923418,0.400733966,0.53650407,0.507656435,0.454625629,0.55862252,0.454588846,0.538982598,0.603815934,0.397750146,0.273380332,0.569656924,0.510306504,0.590066239,0.432210733,0.461062146,0.646823136,0.216335971,0.492015257,0.797850006,0.375096544,0.2661149,0.857830711,0.261727086,0.276535508,0.777953615,0.366802479,0.285039915,0.440560987,0.693806429,0.37923781,0.213927551,0.672402566,0.43819268,0.371284181,0.595793293,0.494571884,0.273019818,0.531796064,0.531726883,0.404301197,0.265033274,0.603567003,0.314457003,0.387551934,0.555338387,come,9
-0.20913827,0.721470499,2.403739771,-0.219837511,0.538639763,2.475629114,-0.394240279,0.425573954,2.462046771,-0.049903695,0.411160499,2.451454629,-0.460801647,0.150704709,2.510528586,0.075256731,0.253357606,2.310022843,-0.473979639,-0.104959313,2.495618343,0.057876798,0.349523651,2.120649157,-0.457674167,-0.186918321,2.4855421,0.056040836,0.381261096,2.072861414,-0.206837917,0.170869349,2.487492814,-0.204925534,0.098181778,2.470150957,-0.281565451,0.021139876,2.464352343,-0.12305996,0.02024401,2.4692764,-0.287094261,-0.476168893,2.6141493,-0.094207036,-0.481910954,2.616584514,-0.340137217,-0.859089631,2.645757057,-0.047650251,-0.874207629,2.639665857,-0.387757476,-0.933858501,2.620916071,0.018247218,-0.95661962,2.585308943,0.006323244,0.005166715,0.005915009,0.005333128,0.00119764,0.003694178,0.004330399,9.78959E-4,0.003834679,0.005103726,0.015665101,0.0074324,0.001922805,8.42349E-4,0.004569041,0.012217446,0.009337816,0.019674682,0.002428399,0.00145565,0.005149078,0.076929371,0.081030431,0.065129926,0.002526799,0.002371762,0.004818021,0.103998022,0.07112276,0.100904701,0.00231868,0.003099464,0.002780391,0.001938758,0.004176191,0.001223111,0.001810766,0.002445181,0.00108529,0.001789976,0.004464647,0.001466491,0.002166717,0.002277405,0.001120952,0.001634811,0.001814656,0.001306669,5.36326E-4,0.001600657,6.80975E-4,0.001442062,0.002341594,0.002363646,0.002304779,0.002029909,0.003831267,0.001791807,0.001201363,0.002843746,0.026338981,-0.023232631,8.56E-6,0.043157816,-0.011834148,0.011512127,-0.058763304,0.036546494,0.01659261,-0.052739739,0.163828772,0.113914839,-0.094514329,0.130567602,0.14198381,-0.148418847,0.058483243,-0.030702318,-0.107498725,-1.86119E-4,0.088136478,0.032717178,0.008356097,0.079928471,-0.069550436,0.053022369,0.121101542,-0.018165995,0.106739475,-0.031371831,0.082109085,0.047441543,-0.072539502,0.112009056,0.039929558,-0.06414636,0.127577882,0.118010857,-0.094126734,0.053370484,0.0242303,0.00548357,0.097177627,-0.0512421,0.062061532,0.142040213,-0.05122353,-0.060995893,0.040097191,0.150149694,0.064773828,-0.010197322,-0.001427849,0.091730212,-0.023314063,0.030677841,0.038481919,0.001710064,-0.007093166,-0.027434607,0.438099024,0.736356552,0.353627025,0.597310592,0.439808927,0.465292834,0.597699147,0.356029498,0.498040755,0.511260649,0.538546758,0.43457291,0.4218419,0.399042435,0.539008936,0.423168904,0.425185444,0.546773634,0.424726062,0.534293472,0.496064904,0.47232336,0.45821795,0.518813618,0.445328203,0.468390752,0.514919606,0.421284692,0.462625771,0.53856927,0.477414843,0.47079981,0.508001203,0.576176626,0.618801973,0.352077939,0.57322593,0.538835226,0.398722328,0.571250041,0.661639287,0.33005134,0.532188568,0.606502689,0.396470676,0.464647799,0.703328333,0.349471308,0.336408067,0.729375109,0.39200328,0.354128108,0.570083913,0.508883356,0.374702266,0.417342772,0.577243292,0.453110448,0.342636067,0.574985893,come,9
-0.095641989,0.649242466,2.384765681,-0.066976378,0.464208785,2.436103084,-0.23334452,0.360625636,2.470948908,0.101103348,0.357533827,2.422206412,-0.296986403,0.109024271,2.501411429,0.237890461,0.213014295,2.27686663,-0.303062037,-0.098309758,2.515386294,0.267907002,0.244907369,2.070700487,-0.292337773,-0.139706858,2.518930479,0.272983792,0.260195526,2.055935496,-0.053080976,0.111170131,2.447137336,-0.053213618,0.041239916,2.432627672,-0.126181558,-0.036093817,2.434452429,0.024595188,-0.032182117,2.424730168,-0.13379027,-0.493238332,2.574403731,0.040112977,-0.493218503,2.582483218,-0.123947347,-0.857612873,2.630580647,0.029171282,-0.854410503,2.663617655,-0.154141922,-0.918908782,2.609145437,0.066681643,-0.913859071,2.644441387,0.002133326,0.001573971,0.001562759,7.51046E-4,4.39282E-4,6.11231E-4,8.78977E-4,5.99325E-4,4.14928E-4,0.001005349,4.84301E-4,0.001115039,5.447E-4,3.9468E-4,6.68717E-4,0.015371497,0.004642703,0.021847554,0.001702888,4.06936E-4,0.001452274,0.050600325,0.025695365,0.016769325,0.00379066,6.32445E-4,0.003920291,0.053817065,0.017998711,0.00835983,4.15057E-4,3.07016E-4,6.62119E-4,4.2993E-4,3.18483E-4,2.24776E-4,4.30935E-4,2.47448E-4,3.17827E-4,5.40958E-4,2.74928E-4,4.00445E-4,0.001086068,0.002571684,0.00142093,5.91383E-4,0.002132629,0.001341423,0.001448715,0.001270288,0.002886029,0.003032393,0.002454953,0.002844574,0.001459507,0.001113021,0.00198759,0.002890915,0.001957438,0.003626961,0.045367265,-0.155630647,-9.90791E-4,0.133577981,-0.036727515,-0.012416393,0.229607471,0.054203595,-0.062283375,0.074780977,-0.010704378,0.201852205,0.087083734,0.061097544,-0.111178179,0.066888989,0.009819762,0.001871347,0.055850709,0.072576055,0.016600688,-0.14062248,0.078876706,-0.047872156,-0.16955795,-0.067040053,0.12592671,-0.042385533,-0.005185801,0.076382142,0.087923366,0.060305022,0.070954497,0.107719622,0.048962518,0.025844075,0.110534916,0.036764234,-0.051587014,0.063899325,0.058477966,0.067497211,0.043562561,-0.206500853,0.036500582,0.002842833,0.153801156,-0.052767414,0.010535613,0.009826925,0.031335849,-0.009489757,0.028260076,-0.007140105,-0.016589996,-0.026616032,0.073195802,0.001823969,-0.018634158,-0.013118271,0.436162887,0.614102814,0.445904318,0.59284815,0.477785062,0.442782312,0.410757916,0.551102737,0.477040694,0.563953094,0.549009308,0.376919596,0.341419323,0.607225081,0.484712753,0.50536166,0.318896357,0.561170103,0.506629333,0.431686075,0.51936778,0.650424891,0.520879332,0.364910094,0.547096059,0.322097838,0.511348446,0.709655834,0.370234247,0.410630245,0.533132324,0.509328958,0.461660808,0.559725472,0.576637554,0.406359017,0.575270031,0.470893397,0.458146868,0.609000972,0.457624118,0.444110382,0.477221344,0.640945008,0.390749142,0.485266362,0.603566006,0.425599962,0.411987953,0.45401349,0.55383809,0.454027563,0.50077385,0.516532139,0.533713023,0.537371229,0.450616222,0.533701244,0.405826583,0.520236757,come,9
-0.37875818,0.543623879,2.273121843,-0.396385027,0.357133571,2.345891814,-0.5560459,0.250630104,2.314614786,-0.235743743,0.24542977,2.332401443,-0.611782597,-0.002368964,2.332619757,-0.157030917,0.078444435,2.1967742,-0.62983321,-0.214998236,2.310553814,-0.257094099,0.216708083,2.068055443,-0.616353886,-0.274276094,2.3056875,-0.26762386,0.236200227,2.064789514,-0.3923843,0.01344224,2.361134471,-0.389033443,-0.050887535,2.321056057,-0.46037514,-0.123073106,2.309301643,-0.315274564,-0.1216119,2.318658857,-0.46626199,-0.549870676,2.425514057,-0.324280749,-0.552257003,2.4357919,-0.460227217,-0.88749123,2.471916071,-0.328380856,-0.883271823,2.458737643,-0.489356776,-0.951975276,2.435366186,-0.289131979,-0.946160579,2.424814829,0.002204646,0.001929148,0.002813161,0.001436698,0.002407959,0.003967383,0.001268702,7.89396E-4,0.002316967,0.016591791,0.015149034,0.013450615,6.25571E-4,0.001498224,0.003047987,0.006833899,0.016855583,0.032185141,0.002004121,0.001623958,0.003333337,0.059119238,0.038878789,0.043752007,0.001534884,0.008574218,0.002646602,0.067646079,0.046377138,0.04949032,0.001223935,0.003352806,0.002499476,0.001340845,0.004441812,8.73413E-4,0.001423066,0.001943229,0.001174567,0.00264963,0.00280093,0.001162721,8.1931E-4,0.003675531,0.001392119,5.27917E-4,0.002231067,8.46666E-4,0.001269176,8.57956E-4,9.30639E-4,0.001548485,0.002099569,0.001384724,0.001574769,6.81352E-4,0.002700069,0.002138935,9.98094E-4,0.002071309,-0.156657187,0.056421246,0.118587208,-0.076222187,0.273772385,-0.346125391,-0.031136737,-0.08105378,0.311372128,-0.174458431,-0.426307095,-0.24072735,0.003900111,0.122989901,0.144146801,0.097112001,-0.061585581,-0.051326934,-0.019617563,0.02765827,0.063187669,-0.024084545,0.067617728,0.156942867,0.054292379,0.043718843,0.085728456,-0.047452656,0.092307417,0.064019562,-0.015356877,-0.175516584,0.046821331,-0.172595608,-0.261396467,0.014740377,-0.070908284,-0.107516484,0.140037343,-0.289458158,-0.153362045,-0.133151709,0.018295525,-0.008319634,0.058706648,0.013122281,-0.058397153,0.027196116,0.083939859,-0.062810642,0.031335277,0.136328797,-0.107098503,0.030994698,0.147479469,-0.035854159,0.13287321,-0.186785863,-0.070711961,0.136617212,0.49236031,0.608391116,0.397673677,0.398883078,0.428042923,0.398854036,0.451247916,0.578182815,0.348728616,0.431660309,0.537341153,0.298004727,0.314503197,0.641991544,0.456575186,0.356430556,0.406153308,0.580837136,0.323320122,0.45698515,0.575703193,0.539314503,0.506149424,0.437753875,0.388931489,0.382990806,0.57780464,0.570190102,0.588989447,0.383560675,0.440502114,0.701469095,0.362950712,0.412685444,0.758946523,0.263835122,0.529488885,0.636697784,0.348674047,0.544806972,0.578915694,0.323044484,0.279574157,0.83593429,0.31714095,0.333581564,0.812449133,0.323281577,0.520264225,0.553717525,0.444458467,0.58111379,0.5745097,0.377698429,0.38719077,0.342939143,0.57393005,0.452785701,0.344748495,0.540048178,come,9
0.138200828,0.616000626,2.230341648,0.145496106,0.422874326,2.269427148,-0.016620636,0.307179463,2.275229185,0.306690502,0.312980794,2.238491148,-0.093785265,0.051743733,2.285545,0.413950133,0.179931244,2.098211648,-0.124739443,-0.162224952,2.240720167,0.420595906,0.255250498,1.89806587,-0.118454576,-0.243286469,2.233506537,0.403575669,0.303734102,1.861785574,0.148075269,0.059206594,2.285096759,0.141699544,-0.006416415,2.231948426,0.067629019,-0.079573764,2.223703352,0.21454953,-0.077495797,2.223117037,0.032046269,-0.536560437,2.364955796,0.271928315,-0.526884159,2.335063741,0.015065481,-0.885178411,2.477467611,0.284074493,-0.8854609,2.422537167,-0.065346356,-0.948785315,2.462887611,0.307352454,-0.939962381,2.373463296,0.001168264,3.15083E-4,0.002379548,4.21205E-4,2.92617E-4,0.001891248,3.64866E-4,8.35E-5,0.001793115,0.002647388,0.00242749,0.00180888,9.29024E-4,5.61007E-4,0.001204638,0.002656509,0.006186777,0.005387081,0.001229199,4.51315E-4,0.002258703,0.021952731,0.007125864,0.005465205,0.001781954,5.65632E-4,0.001635472,0.048055703,0.010491455,0.020166034,1.96591E-4,7.74188E-4,0.001541561,2.28949E-4,0.001092002,0.001526275,3.8195E-4,5.03083E-4,0.001550255,4.20944E-4,6.40039E-4,0.001023234,4.33949E-4,0.00125489,9.77354E-4,4.17577E-4,5.9918E-4,8.10015E-4,7.36565E-4,6.18389E-4,0.001188555,0.006988013,0.002009831,0.001494218,0.002061795,0.00114668,0.002481665,0.001358478,0.001793306,0.001900764,-0.01949744,-0.128184441,0.07992951,0.043580946,0.019422105,0.275841063,-0.131934072,-0.034450518,0.28188798,-0.234426432,-0.15221867,0.117926461,-0.086501346,0.134734579,0.114474529,0.075127083,0.214684143,-0.165675517,-0.083726391,0.048339403,-0.021878749,-0.14715065,0.120211047,0.006111757,-0.002339299,0.010349897,0.068891872,-0.114767187,0.106250894,0.036146386,-0.111340928,-0.149968798,0.305588321,-0.180845502,-0.181897314,0.286801054,-0.114914277,0.028722485,0.346959468,-0.281669089,-0.005483078,0.360242521,-0.034314371,-0.1761961,0.184268538,0.126683293,0.173247026,0.042979331,-0.103807803,-0.072003569,-0.050112178,-0.236147901,-0.007504966,0.044224068,0.094524135,-0.029256812,0.052223303,-0.030806654,0.099531172,0.02000961,0.568674525,0.332648862,0.508398938,0.424370265,0.398155196,0.492517555,0.422989236,0.277439269,0.521716009,0.63061878,0.584969686,0.25818991,0.512573651,0.400390491,0.502625534,0.380463873,0.568736011,0.449597967,0.405500198,0.47604763,0.538322271,0.775361528,0.317544655,0.348030627,0.525669385,0.584625054,0.420256663,0.673329382,0.36695636,0.427503181,0.433864977,0.542988465,0.368930014,0.357193459,0.615264737,0.346660846,0.472811594,0.353244849,0.431972184,0.514041983,0.414570573,0.316000482,0.424413318,0.583383286,0.423466489,0.359969174,0.637049451,0.444424239,0.458902331,0.450781945,0.522473647,0.830456325,0.260717748,0.285166514,0.432544249,0.310319762,0.584040335,0.398783783,0.581276584,0.485975771,come,9
0.134427294,0.606338892,2.091978143,0.108344498,0.418605829,2.101514918,0.027491338,0.268590055,2.003124082,0.292821045,0.306316061,2.225812959,-0.046933113,0.010549892,1.939139918,0.449059953,0.1788925,2.19889702,-0.005038104,-0.214878576,1.903701408,0.557347963,0.314192592,2.07643102,0.007090649,-0.286982669,1.90208849,0.574688053,0.355710135,2.04528702,0.140907018,0.0565601,2.107794327,0.174986539,-0.008657989,2.078283469,0.126349435,-0.08429828,2.019217816,0.248112963,-0.088080013,2.123712816,0.064930589,-0.532066039,2.097542327,0.233602269,-0.561710929,2.281418755,-0.0030639,-0.892806743,2.176787653,0.212612602,-0.883045463,2.328223612,0.048167127,-0.941396937,2.132817388,0.289905282,-0.944589494,2.359540714,0.001479379,0.001555074,0.006018535,0.001738796,0.001620578,0.004666695,0.003672983,0.002430731,0.004550491,0.001902117,0.001599624,0.003181788,0.005829997,0.003540081,0.003889569,0.007770676,0.008599348,0.005065033,0.007755108,0.003919657,0.003229815,0.030374319,0.01036579,0.015122835,0.007458192,0.002361673,0.003083187,0.061856768,0.022091186,0.017708335,0.003200944,0.001102496,0.004193541,0.003456551,0.001625676,0.003390021,0.004538372,0.001339058,0.004971818,0.003500115,0.001194878,0.001680875,0.002866872,7.99363E-4,0.00199241,0.001865528,9.22574E-4,0.001476104,0.004571066,0.024621073,0.007218416,3.50373E-4,2.76301E-4,3.73145E-4,0.00170019,0.018344783,0.021634095,5.09584E-4,9.87226E-4,0.002751795,-0.098576355,0.086621162,0.370255792,-0.327262459,0.163473019,0.529546661,-0.426082439,0.264116047,0.538136851,-0.078296681,0.058350124,0.3164486,-0.619671906,0.310169505,0.347586317,-0.267714645,-0.138088773,0.0344882,-0.616934429,0.350239237,0.15628568,-0.057331784,0.018740364,-0.010778547,-0.548231713,0.144386233,0.207496856,-0.090117351,0.005201152,-0.013870598,-0.370085881,-0.054951185,0.412095051,-0.434643754,-0.123744183,0.399015096,-0.429182774,0.020170132,0.457872805,-0.442396205,-0.103042814,0.181780822,-0.276402184,-0.063054606,0.255106058,-0.394001379,0.3009334,0.184775011,0.06719295,-0.297868691,0.164802355,0.020962144,0.097425026,0.013385674,-0.028568205,-0.348665505,0.096909774,0.091727115,-0.068971364,-0.246683732,0.46546016,0.232610789,0.453285607,0.364288897,0.188650263,0.225539033,0.241882987,0.152385117,0.157559827,0.502148221,0.39980918,0.42010759,0.234134832,0.288937883,0.228027866,0.467023238,0.5728596,0.410992312,0.276649817,0.306940197,0.349850393,0.676264201,0.387884264,0.428618753,0.448280848,0.442697586,0.288292046,0.747020859,0.409563535,0.349766685,0.409425518,0.432517234,0.259659539,0.384956851,0.508039607,0.140228589,0.403758775,0.382477005,0.163364497,0.515434256,0.527351648,0.280444507,0.438682424,0.341785002,0.476963871,0.359581578,0.570105187,0.319548789,0.510646372,0.545148548,0.367821665,0.441253534,0.514735881,0.504482505,0.518683105,0.482423673,0.40822429,0.293695724,0.372172266,0.555297543,come,9
0.028182648,0.691919694,2.355407975,-0.022968297,0.509647188,2.394088901,-0.12134176,0.374727381,2.296914284,0.143599986,0.405281254,2.534015383,-0.165740772,0.130774693,2.254877975,0.259223862,0.221800017,2.580797062,-0.113071767,-0.112318573,2.252433012,0.390142722,0.369779341,2.454099506,-0.079561088,-0.213900328,2.259805321,0.406035417,0.421728711,2.422299272,0.026309742,0.157823573,2.400654074,0.05034429,0.090646776,2.389037111,0.002733848,0.010568937,2.328954741,0.125583102,0.012138306,2.44223763,-0.063100957,-0.50816297,2.458082975,0.091953091,-0.493618998,2.608884568,-0.068935387,-0.871465647,2.520364938,0.058705444,-0.853500985,2.663749383,-0.044072806,-0.935111749,2.46242363,0.124498638,-0.906220916,2.67638863,0.005192393,0.002953839,0.006210375,0.003548361,8.02377E-4,0.00235303,0.002178235,0.001142131,0.002181528,0.003393231,0.001489414,0.003884039,0.002905773,8.95641E-4,0.002303426,0.007717067,0.004022923,0.007590787,0.008338232,0.027970756,0.004506642,0.015155239,0.010956893,0.010065257,0.005642804,0.016228481,0.0017333,0.053495656,0.00987897,0.013026322,0.002816395,0.001126959,0.002448688,0.002085394,0.001340413,0.001886828,0.002378158,0.001378771,0.002365591,0.001779214,0.001344224,0.00187946,4.58508E-4,9.52126E-4,0.001168254,7.31734E-4,0.001851335,0.001518143,3.66469E-4,6.23734E-4,0.001398957,7.40534E-4,9.57003E-4,8.70425E-4,5.27067E-4,6.01385E-4,7.89798E-4,0.005899445,0.001624057,0.005444245,0.109744515,-0.013969516,0.014722682,0.096602082,0.064239054,-0.090587663,0.17090173,-0.091558158,-0.147656056,0.148502885,0.062938756,0.035761923,0.175781572,0.08906719,-0.054928703,-0.153140996,-0.096880427,0.030418618,0.035684995,-0.026869987,0.024380668,-0.145812652,-0.095289846,-0.025115552,0.001541194,-0.039411695,0.00612121,0.028672331,-0.065399038,-0.056180801,0.257593963,-0.075771281,-0.114576796,0.188783385,-0.177051352,-0.017719815,0.316789375,-0.157376702,0.088439623,-0.006625469,-0.134556272,-0.026638482,0.043073738,0.027839058,-0.024381338,0.03216665,0.184138036,-0.061512907,0.005189011,-0.002777251,0.008013678,0.048106326,0.069572606,0.018923571,-0.059470259,0.011011124,0.018960039,0.135902317,0.039303777,0.011001266,0.5677879,0.396769276,0.497423419,0.666238639,0.325365048,0.451397501,0.515455917,0.372261909,0.500507948,0.466827032,0.514887662,0.487613495,0.542292178,0.395075203,0.495937243,0.588029647,0.45846042,0.445203888,0.39143942,0.820152267,0.281426179,0.627898505,0.523228059,0.379129108,0.404912214,0.839233836,0.242468235,0.71863796,0.455214802,0.355165186,0.472123344,0.344237642,0.522742278,0.463020205,0.45704457,0.497877013,0.466031089,0.316729061,0.513552374,0.527853169,0.454161772,0.491322199,0.456131429,0.513119198,0.506105625,0.343670152,0.749591242,0.363636664,0.338462691,0.512408283,0.552365659,0.452844098,0.591396108,0.460821936,0.422084801,0.464117007,0.542912604,0.624807273,0.296973528,0.494172596,come,9
0.12860295,0.583805111,2.038837759,0.129444017,0.395997911,2.076550074,0.043472204,0.260208335,1.978705185,0.310076648,0.296063006,2.199913111,-0.020552925,0.001388847,1.916338241,0.469392917,0.170988911,2.190267815,0.021684031,-0.212738185,1.879132852,0.600249922,0.306488831,2.08752663,0.03561048,-0.289672965,1.87912837,0.627125476,0.358751704,2.056081056,0.149118881,0.039190693,2.082255019,0.182079106,-0.025221989,2.050478704,0.126614589,-0.095858188,1.999593389,0.255577065,-0.099274258,2.087731852,0.073775391,-0.534646713,2.096423111,0.244591348,-0.561314965,2.27213587,-0.00607169,-0.904377569,2.181013185,0.212929506,-0.882425828,2.32800413,0.046725206,-0.949573078,2.124988333,0.288990124,-0.944210039,2.35762663,0.007208766,5.30128E-4,0.00196153,9.18788E-4,1.83952E-4,9.07126E-4,9.50146E-4,7.57813E-4,3.44317E-4,0.001291364,8.12636E-4,0.002055781,0.002083949,0.001536069,0.001367887,0.005529236,0.011252666,0.01281574,0.001831813,6.53363E-4,0.001725624,0.013613655,0.009688389,0.009470705,0.003162561,0.001093864,0.001789843,0.045453887,0.029515703,0.016127145,0.002230457,0.001108907,6.54394E-4,0.001538261,9.49868E-4,0.002567304,0.001902039,7.26729E-4,0.002774628,0.001484524,7.59782E-4,0.003434243,0.001909867,0.001253979,0.001907308,0.002176723,0.006646285,0.003806602,0.001041303,6.26814E-4,7.61168E-4,0.001108617,6.63035E-4,0.001140155,0.001009908,6.25025E-4,7.034E-4,6.63177E-4,6.06838E-4,0.003126588,0.185342993,-0.016116559,-0.145681481,-0.196299848,0.05281347,0.070837401,-0.232946946,0.198817522,0.055973557,-0.181879873,-0.011371429,0.077224376,-0.249158021,0.024858302,0.035864179,-0.022920252,0.092514652,0.013501108,-0.179974944,0.010494509,-0.008919906,-0.106188897,0.09437376,0.043662973,-0.256870488,-0.105915702,0.063098475,-0.195124344,0.118156283,0.04001688,-0.056385558,0.165955717,0.011520501,-0.006919967,0.08796731,0.039934815,0.058429226,0.033293833,-0.030258455,-0.035633465,-0.010358781,0.04714661,-0.168462647,-0.062255541,0.165560042,-0.140442809,0.200603613,0.134245842,0.107735899,-0.010779346,0.053954745,-0.052313416,-0.00810439,0.155580238,0.107808791,-0.025210959,0.05071711,-0.021867212,-0.212909993,-0.194132038,0.738206434,0.293485482,0.368468267,0.621557619,0.308469845,0.472925341,0.707793694,0.321827431,0.370567538,0.432415578,0.374717821,0.551247201,0.405845477,0.577589131,0.456240438,0.490954707,0.59741149,0.432185102,0.565281935,0.351314314,0.502439144,0.567235841,0.4560434,0.46203455,0.636649917,0.397870708,0.406655618,0.620247435,0.521551225,0.366149004,0.686833556,0.550173698,0.295913777,0.481644102,0.441159732,0.521222757,0.539415882,0.380661084,0.519030943,0.434910288,0.3762195,0.567675739,0.451052458,0.425651673,0.503877863,0.309157309,0.666063942,0.41478384,0.561363236,0.450710261,0.471692251,0.475361931,0.464337587,0.493646959,0.556463769,0.477215266,0.461527142,0.369508363,0.348856828,0.547459927,come,9
-0.035227585,0.622877151,2.234283918,-0.06479424,0.43449727,2.27816732,-0.19158283,0.313477731,2.204834412,0.110349896,0.338145432,2.396385299,-0.257881497,0.056252058,2.17688299,0.285060705,0.225700151,2.368112546,-0.226720735,-0.149153707,2.170420907,0.396885457,0.310678636,2.206181526,-0.226262655,-0.178450957,2.183189536,0.410477421,0.314067805,2.200864186,-0.032378745,0.095474129,2.286640464,-0.020998014,0.028380671,2.283583711,-0.082074701,-0.053174377,2.239358495,0.05692418,-0.048425049,2.324749866,-0.086909725,-0.494838262,2.331293845,0.043746569,-0.494324833,2.496210371,-0.085647688,-0.881849832,2.39627133,0.018325072,-0.863691846,2.560157021,-0.049664494,-0.938400454,2.370612567,0.075845809,-0.915249776,2.607823144,0.00218633,0.001577804,0.001356343,0.002302293,7.47133E-4,7.78983E-4,0.001755867,1.36227E-4,2.80484E-4,9.47857E-4,7.47588E-4,0.001714976,0.003186138,8.64492E-4,0.001340817,0.003333237,0.004070597,0.003871612,0.001399109,0.001342645,0.001460394,0.033476423,0.013057448,0.014077744,0.002055476,0.006179112,0.001016069,0.053876952,0.009579783,0.013429544,0.002056555,3.51294E-4,6.67911E-4,0.002195715,4.0158E-4,6.08499E-4,0.002330748,3.71921E-4,7.47212E-4,0.002054118,2.69777E-4,6.55342E-4,4.86564E-4,8.80742E-4,7.49576E-4,0.006052802,0.004617423,0.008058915,0.002381269,0.005558544,0.002692774,0.001750235,0.004082081,0.00239735,0.006706176,0.014001269,0.031091821,0.010617248,0.008952041,0.018211638,0.095835426,0.040604749,0.054093573,0.151887283,0.088831181,0.095170553,0.519191013,0.025075409,-0.025405145,0.163173816,-0.038788021,0.138984118,0.370916373,-0.007740641,-0.114874505,-0.022161383,-0.125846675,-0.093184025,0.098836893,-0.099653942,0.019688397,-0.116882442,0.143817494,-0.014642456,0.139421314,-0.104632179,-0.065807705,-0.011993802,0.192986525,-0.036792226,0.286240722,-0.022501016,0.177421487,0.338582832,-0.039979688,0.107720293,0.325775848,-0.012066977,0.052439147,0.250378256,-0.007039966,0.10024531,0.025489657,0.020566316,-0.004549386,-0.04683875,-0.053349672,-0.065554667,0.013113127,0.04303577,-0.034467255,0.017591168,-0.032576499,0.007684917,-0.028066753,0.022275626,0.030700209,0.024267276,-0.018348608,-0.003193191,0.466238632,0.633410671,0.420794833,0.614909895,0.441792835,0.428194726,0.484499621,0.40376542,0.398440776,0.469910998,0.451804012,0.498588656,0.566801293,0.52277962,0.338586224,0.401120966,0.593770436,0.470146756,0.561818881,0.349521396,0.515310337,0.639902804,0.400289894,0.438599891,0.412369004,0.714265506,0.367359277,0.71047101,0.376138459,0.38911534,0.549108134,0.428184602,0.422971732,0.563748831,0.465084351,0.396592083,0.57591293,0.341843972,0.462661194,0.563522807,0.478685266,0.423784045,0.372530718,0.68133171,0.439013441,0.393009845,0.545662903,0.511664772,0.40555255,0.732751014,0.376656718,0.345406654,0.710368421,0.426702462,0.345447501,0.509517429,0.551107696,0.448354925,0.455779245,0.538456431,come,9
-0.381908791,0.540823899,2.232495772,-0.445437833,0.36468649,2.244590671,-0.519800665,0.223955016,2.132136215,-0.307565432,0.228585542,2.385960962,-0.566289248,-0.012203188,2.091387266,-0.155113597,0.085566322,2.346707456,-0.529452281,-0.221476158,2.074129962,-0.156670379,0.258856087,2.229734848,-0.516761722,-0.2993388,2.074007063,-0.151316713,0.27144399,2.224165177,-0.396794061,0.01604,2.258435595,-0.384719439,-0.053322941,2.262360835,-0.421528684,-0.127333927,2.205320203,-0.326559086,-0.1268376,2.321202494,-0.478503946,-0.534156803,2.287654658,-0.365193609,-0.533084953,2.425286544,-0.521040606,-0.893660067,2.374680468,-0.391393651,-0.888157108,2.459380532,-0.482075196,-0.950444504,2.368002519,-0.330741032,-0.942334362,2.475818278,0.003430387,0.001383472,0.007177178,0.003157189,0.00121388,0.005729199,0.001729844,8.76256E-4,0.004116798,0.006478145,0.005707661,0.012187433,0.001453602,0.001622181,0.004257841,0.021898499,0.017378535,0.017488165,0.001998625,0.001659466,0.00507641,0.061243767,0.03633391,0.053082777,0.002539856,0.001557897,0.005098831,0.076499725,0.050723376,0.056451736,0.002135748,0.002067418,0.006320105,0.001959154,0.002838964,0.006606194,0.001357626,0.001391217,0.007248255,0.002949141,0.001816779,0.006888792,0.001373667,0.003210759,0.002876012,0.001477009,0.001013442,0.002767812,0.002171191,0.001410292,8.18865E-4,0.001072925,8.88744E-4,0.001069399,5.12921E-4,5.2495E-4,6.84233E-4,0.002099857,7.84725E-4,0.001835558,0.022761774,0.097042773,-0.241988267,0.085870247,-0.145547317,-0.39532601,0.087262588,-0.167445215,-0.43389236,-0.119915576,0.086294257,-0.158467258,0.0709554,-0.073190435,-0.263195214,-0.050701138,-0.027267953,0.029531874,9.44696E-4,-0.035792293,-0.10888897,-0.126442791,-0.091794217,-0.05919358,-0.040659407,-0.138011278,-0.130510609,-0.098172736,-0.023589736,-0.063510308,0.123913385,-0.058205109,-0.402596022,0.097622277,-0.036840974,-0.373172147,0.029040498,-0.030575647,-0.386384393,0.132163367,0.017770788,-0.287486966,-0.048471778,-0.315196149,-0.010125223,0.171816567,0.038904638,-0.306734,0.085230817,-0.015680877,-0.077060713,-0.038051542,-0.122708401,-0.143115473,0.117901524,0.038428157,-0.054222397,-0.086247275,0.004656414,-0.075405126,0.515663016,0.51371989,0.405389999,0.551079643,0.30958026,0.347961475,0.460211402,0.437322109,0.288679905,0.506823839,0.478558062,0.462772815,0.451266392,0.579662041,0.385153007,0.619281639,0.516561183,0.40725362,0.536376219,0.540061414,0.437320052,0.54084549,0.473518086,0.468306366,0.624707288,0.452515729,0.410293392,0.536152143,0.510309903,0.458698467,0.290621688,0.60761003,0.305141625,0.281706536,0.626693275,0.333139535,0.363508414,0.410315031,0.437303016,0.44242932,0.524455446,0.406789021,0.280013885,0.787557054,0.304397751,0.395571604,0.588783215,0.361953442,0.485626589,0.587041686,0.439939156,0.576191052,0.522755954,0.402307989,0.462584584,0.461225482,0.519103016,0.658236304,0.318229276,0.465596931,come,9
0.03004158,0.695784397,2.354511747,-0.0166303,0.510349216,2.388306527,-0.114101845,0.372932236,2.291382879,0.147181137,0.407405238,2.524107187,-0.159854435,0.130410571,2.247518538,0.254749925,0.222325157,2.575713044,-0.089555227,-0.158451266,2.252809352,0.393763812,0.348907369,2.437541077,-0.057532383,-0.239274882,2.259152802,0.420920893,0.399580444,2.396589714,0.032394087,0.158770784,2.395878242,0.055541685,0.091287463,2.385336791,0.008780119,0.010438887,2.325184011,0.130086619,0.013619815,2.439244297,-0.061707792,-0.50762829,2.456186989,0.094618791,-0.490896437,2.606753132,-0.068691532,-0.871228402,2.518704462,0.058109739,-0.853004236,2.663033286,-0.044987299,-0.934663276,2.462792967,0.125497524,-0.907405471,2.676816857,0.00390332,9.22179E-4,0.001643753,0.002740536,6.70975E-4,0.002530583,0.00316546,6.53373E-4,0.001196018,0.002169381,0.003018237,0.002346197,0.001690865,7.39665E-4,8.67575E-4,0.009532482,0.007090814,0.006723819,0.007120516,0.02180857,0.004254143,0.018990503,0.019688602,0.014978014,0.00545064,0.012610995,0.001736189,0.071607964,0.015789781,0.016064852,0.004091547,6.87859E-4,0.002325276,0.002522818,0.00123005,9.75297E-4,0.003215097,0.001383871,0.002051355,0.001973731,0.001202246,0.001003748,6.64022E-4,7.89335E-4,6.27501E-4,9.70748E-4,0.001581628,8.93438E-4,3.88649E-4,8.31163E-4,0.001001554,0.001193639,0.001173718,8.68216E-4,5.79785E-4,6.85565E-4,0.001132809,0.005399079,0.001790125,0.005275903,-0.234746221,0.060220376,0.190417517,-0.249586278,0.071918776,0.176238311,-0.359650403,0.133025147,0.290593363,-0.155609289,0.171639382,0.07553263,-0.360418483,0.055967447,0.114974713,-0.13997913,-0.117333623,0.061105847,-0.130881448,-0.026113787,0.082910489,-0.104067711,-0.028857537,0.047710036,-0.140824186,-0.069546826,0.047969643,-0.063403825,-0.09364573,-0.005582865,-0.40698802,0.097871954,0.269274754,-0.339358152,0.138697867,0.112385489,-0.218956542,0.103100039,0.147713221,-0.244076569,0.113400166,0.031726154,-0.042284764,-0.138895382,0.081747667,-0.057293427,0.03330051,-0.016201992,-0.031608984,-0.079878438,0.038738032,-0.132419912,-0.056801293,0.057998104,-0.088230587,0.078304267,0.075017731,-0.002846475,-0.008832071,0.01233893,0.515232229,0.48744015,0.420189518,0.504454663,0.324137641,0.49916121,0.514464201,0.430063927,0.331524523,0.402034391,0.608035136,0.442573532,0.320676792,0.644275937,0.393522351,0.603348017,0.578367232,0.35289415,0.521557994,0.616399517,0.390516922,0.644798105,0.508228318,0.38628536,0.610278908,0.550801785,0.376477307,0.773658243,0.41287668,0.321620861,0.469190446,0.441964973,0.353286035,0.394292783,0.547993019,0.431097244,0.411538206,0.447653559,0.507831587,0.403761172,0.593381457,0.446369245,0.340407508,0.598449539,0.489919254,0.366525146,0.784781626,0.341829568,0.379162071,0.481907463,0.548814132,0.553368416,0.494953479,0.452713444,0.48727611,0.426728589,0.521489403,0.611294414,0.281882873,0.51737565,come,9
0.026992211,0.697466931,2.360583247,-0.0185676,0.514710611,2.394407519,-0.116195051,0.375652702,2.295988247,0.147003148,0.407549469,2.531807358,-0.161082957,0.132348328,2.252871111,0.255464298,0.220206409,2.587405346,-0.105390771,-0.122730694,2.252369605,0.40896154,0.350980933,2.458288333,-0.072401535,-0.219239799,2.260056123,0.438047742,0.409402284,2.420598617,0.029887059,0.161245069,2.401767,0.053603725,0.09360737,2.390487222,0.00627615,0.012342171,2.330204222,0.128310654,0.015287313,2.444098926,-0.062229173,-0.506835321,2.45782942,0.09339851,-0.49267508,2.609621444,-0.06936886,-0.871987459,2.51970616,0.058049513,-0.852702644,2.663824963,-0.044190802,-0.935242735,2.461943309,0.121880342,-0.906769236,2.673453321,0.001861408,0.001252549,0.003341471,8.80242E-4,8.43266E-4,0.001371157,0.001639876,6.55017E-4,0.001603245,0.002403755,0.003120131,0.002605437,3.5059E-4,0.001122269,0.001357207,0.011146594,0.007062204,0.010197681,0.010514122,0.033262861,0.004875175,0.015167888,0.011489008,0.010337353,0.007256632,0.019186196,0.001621344,0.058344915,0.005301472,0.010886334,0.001733476,0.001148647,7.19831E-4,7.40217E-4,0.001320296,0.002388414,0.001189862,0.001377625,0.003263852,0.001614219,0.00173083,0.003122892,3.1245E-4,4.7442E-4,4.12849E-4,8.5587E-4,0.001723567,0.001236513,4.72711E-4,6.22519E-4,9.46001E-4,3.95353E-4,8.83729E-4,7.1853E-4,6.85476E-4,6.34192E-4,5.77804E-4,0.006027461,0.002033712,0.006147049,0.18263821,-0.0374087,0.057206576,0.203868056,0.197857183,0.072507514,0.348555976,0.009578489,0.017611814,0.09274302,-0.013412739,0.067628227,0.101546387,0.174419875,-0.115108127,-0.143604207,-0.115858184,0.116174255,0.057836152,-0.148662574,-0.039089394,-0.125722644,-0.148779642,0.082704169,0.117702081,-0.101534648,0.027670567,-0.054962531,-0.034952256,-0.057682818,0.093495345,0.144593357,0.181866895,0.139455388,0.131468087,0.182272622,0.116609374,0.058183315,0.038770205,0.169645586,0.017147883,0.244649408,-0.031875352,-0.136981706,0.082800752,-0.02324643,0.038221528,-0.071939902,-0.004092307,-0.080585849,0.059517089,0.015922341,-0.101360822,-9.85409E-4,-0.067908351,-0.001934432,0.076153141,0.144880835,0.080531089,0.173650851,0.488920972,0.461281009,0.49691978,0.375496757,0.4174779,0.538446727,0.513155044,0.400024048,0.469266317,0.417494435,0.678423527,0.409137805,0.356046111,0.657429649,0.424525193,0.577951666,0.482841327,0.423399896,0.401354039,0.720573545,0.373048851,0.580891462,0.479709587,0.428763938,0.497930882,0.687750803,0.346805496,0.794878126,0.343078973,0.336847305,0.485532721,0.482963714,0.459078848,0.303767784,0.528202567,0.505845417,0.455758949,0.440402222,0.531784963,0.339186031,0.453860477,0.507850081,0.43761129,0.569436983,0.467882077,0.359930365,0.724711722,0.400147893,0.43422508,0.496630203,0.518913136,0.44088873,0.586594452,0.468168228,0.476308417,0.526341443,0.483310675,0.55709725,0.329624477,0.489697916,come,9
0.14787355,0.595825519,2.061470907,0.121164276,0.410691913,2.088107296,0.041306089,0.264221535,1.988642426,0.304279041,0.300524076,2.212326204,-0.028355772,0.005821923,1.925909167,0.457977104,0.170869459,2.191678093,0.013304113,-0.215650589,1.889497315,0.571081493,0.325186083,2.08182637,0.025635399,-0.29275463,1.889342056,0.591312906,0.369912196,2.053627148,0.153151028,0.050926973,2.094181296,0.187653428,-0.013558182,2.064307685,0.138029526,-0.088030893,2.005564759,0.260828267,-0.092458557,2.109541815,0.070849061,-0.533454837,2.0925075,0.240002911,-0.56254568,2.275720315,0.001677807,-0.873023393,2.170562907,0.21209065,-0.883079215,2.328958444,0.04846285,-0.923683417,2.138288,0.289215319,-0.944013589,2.357266519,0.004191287,0.00631063,0.013288291,0.002566685,0.006182478,0.004352176,0.001533645,9.01563E-4,0.003533602,0.001781948,0.002100449,0.003202897,0.002617607,0.001894866,0.003944721,0.006328301,0.005192183,0.003399358,0.001514799,0.001766561,0.003772781,0.023892085,0.010514646,0.012240043,0.002293586,0.002003629,0.002686924,0.051361914,0.026233063,0.019476482,0.001888047,0.003553595,0.003658664,0.002768325,0.003873632,0.003371745,0.004289852,0.002262763,0.00233952,0.002745269,0.00263951,0.005258529,8.92312E-4,0.001161166,0.002555069,6.00721E-4,0.001768822,0.00118585,0.006667822,0.031507852,0.010482378,2.96625E-4,2.81575E-4,7.22354E-4,0.00838162,0.02621657,0.031650721,9.04047E-4,5.13075E-4,0.004396176,-0.198536535,0.150676213,0.327377152,-0.370116773,0.33549555,0.358994096,-0.279419966,0.08823696,0.529377003,-0.313773177,0.177366088,0.173079119,-0.404918267,0.222369049,0.463842694,-0.13649201,0.069040885,0.123180598,-0.16985429,-0.112001576,0.480956857,-0.135975227,0.143218387,-0.060598647,-0.244290721,-0.062637381,0.318699568,-0.073922172,0.017380023,-0.018711946,-0.031237708,0.115951281,0.367925471,0.03418042,0.128141385,0.31866674,0.069570581,0.248344821,0.233847927,-0.015051805,-0.041653767,0.288611459,-0.099899997,0.141976245,-0.008908087,-0.092834276,0.310657349,-0.148630243,-0.018836166,0.117813602,-0.061784,0.068158504,-0.00723258,0.233277302,0.019292296,0.148360492,-0.077186683,0.055099344,-0.05668269,-0.082577827,0.585708624,0.202060377,0.397215914,0.48715272,0.343309534,0.233542298,0.44765827,0.196072355,0.204637926,0.463332436,0.393127342,0.457438147,0.353340553,0.30972842,0.228580988,0.533557665,0.559440368,0.405411584,0.356078905,0.474838084,0.240129945,0.593914477,0.434928768,0.442727364,0.307367035,0.613656678,0.345188356,0.70154956,0.41392049,0.394361051,0.51264641,0.588521275,0.201778701,0.521256367,0.64755521,0.180619418,0.602277899,0.543549254,0.268089641,0.47510748,0.526472812,0.39146923,0.424946468,0.505464569,0.507045635,0.363100441,0.638872889,0.380135735,0.490787559,0.656947913,0.378415834,0.400017996,0.44566765,0.503399132,0.498877604,0.597539214,0.412464763,0.309794026,0.230170093,0.637149581,come,9
-0.387903301,0.540472311,2.2428216,-0.452335441,0.36591146,2.256576293,-0.524015969,0.225459169,2.141392813,-0.31957804,0.230237041,2.400998867,-0.570932381,-0.014678088,2.098751227,-0.175566551,0.079531605,2.371857693,-0.53138112,-0.223274739,2.082956587,-0.178975755,0.251487867,2.259598067,-0.518970835,-0.29487474,2.0801554,-0.172456033,0.256820373,2.246673907,-0.401805613,0.015961118,2.271529693,-0.389233533,-0.053671195,2.275732333,-0.423051079,-0.128314944,2.218721893,-0.333201525,-0.12617104,2.334784787,-0.481957253,-0.531910195,2.291818107,-0.370382363,-0.533913695,2.429183827,-0.525037347,-0.886377172,2.373647973,-0.390103711,-0.888646592,2.461566067,-0.48212848,-0.949957539,2.3706782,-0.332562105,-0.942426164,2.477558733,0.003312394,8.56862E-4,0.002499539,0.002388539,4.6016E-4,0.001014106,0.002004414,3.88721E-4,0.001873515,0.00282202,0.003853794,0.012758539,0.00147936,0.002143176,0.001719509,0.015774855,0.014694361,0.017337956,0.001175918,0.001678431,0.002841491,0.060232174,0.031747637,0.059205321,0.001050366,8.47307E-4,0.001643342,0.072425918,0.046743764,0.069949605,0.001573478,0.001236278,6.50642E-4,0.001550223,0.001643577,8.65318E-4,0.00174601,6.71379E-4,9.86446E-4,0.001501664,0.001142131,0.00176427,0.001230331,0.00232467,0.00108215,0.001111425,5.53226E-4,2.15677E-4,0.001258887,0.006283172,0.001954679,0.001009523,9.64197E-4,8.19475E-4,0.001126067,4.2971E-4,8.70678E-4,0.001490028,6.09269E-4,0.001261177,0.097251256,-0.015812277,-0.067698733,0.344994668,-0.080795646,-0.21133539,0.332085939,-0.133983613,-0.417103505,-0.006252778,0.045749996,-0.009050317,0.315874294,-0.046844449,-0.14042453,-0.113088617,-0.099691003,-0.063030326,0.046267031,0.099927101,-0.167640199,-0.09751132,-0.138912439,-0.080397144,0.120971387,-0.02932886,-0.134247898,-0.266952625,-0.161107055,-0.15505381,0.304596176,-0.116519007,0.011419312,0.276647117,-0.113916119,0.03544812,0.308138108,-0.082725498,-0.023948461,0.165452453,-0.065179305,0.058437475,-0.007536035,-0.280071236,0.002097008,0.153332033,-0.049631419,-0.018854005,-0.03850824,0.184927488,-0.054539939,-0.184847274,-0.066867682,-0.042976747,0.048662566,0.042648433,0.058678888,0.04798159,0.005873812,0.040827493,0.539673781,0.473294285,0.475448257,0.578259816,0.330142955,0.403317145,0.459689514,0.364358125,0.282663172,0.239592039,0.517257504,0.574107923,0.34019673,0.721828376,0.321244816,0.521313851,0.536495484,0.444861481,0.44752886,0.609039536,0.415944288,0.515254869,0.381167252,0.516436809,0.490363451,0.443818297,0.498407344,0.489307182,0.409833269,0.464669536,0.426490526,0.661379987,0.359938716,0.421708373,0.653134112,0.379998128,0.442029425,0.470360264,0.482455676,0.488346366,0.50018545,0.478981453,0.440414885,0.718556887,0.313552903,0.568400173,0.563334719,0.399384639,0.288636384,0.800200668,0.332160785,0.527415264,0.522491105,0.442954168,0.432395466,0.479098043,0.528565377,0.629666965,0.351060893,0.480112028,come,9
-0.104257166,0.728933474,2.386005014,-0.149653629,0.5441827,2.417084971,-0.280189732,0.404321036,2.333817957,0.035238577,0.409372207,2.502545826,-0.354917026,0.138054804,2.333773029,0.198012999,0.256262968,2.428301261,-0.340040541,-0.099609293,2.335279145,0.247099616,0.380756384,2.242281406,-0.328129475,-0.194502183,2.337465638,0.248899996,0.423251975,2.192376087,-0.126963288,0.168698858,2.429278377,-0.12246439,0.093564656,2.434864812,-0.190349071,0.015635118,2.395779652,-0.044801565,0.010329303,2.475425348,-0.212208777,-0.524626813,2.550652536,-0.063658715,-0.470196525,2.632263435,-0.275053857,-0.881383232,2.549401145,-0.016679539,-0.87792309,2.672404768,-0.28306967,-0.947555767,2.488608217,0.08063195,-0.939482167,2.703737841,0.00503337,0.004588212,0.002943041,0.006223304,0.002551291,0.004854654,0.00300921,7.13411E-4,0.002682389,0.004032497,0.016151432,0.008412579,0.003448587,0.001414787,0.004153171,0.010641682,0.010232421,0.014316614,0.004541244,0.003427072,0.002794082,0.122517911,0.028009809,0.029353856,0.006002063,0.001155074,0.002523069,0.177732572,0.033963863,0.033814628,0.002396267,0.001676202,0.001859702,0.001876428,0.002268982,0.001625607,0.002042786,0.001080672,7.20664E-4,0.001715337,0.003315525,0.002740619,0.003159302,9.04638E-4,0.001648083,0.001741365,0.001614451,7.4557E-4,9.08527E-4,0.002052077,0.002258554,7.04628E-4,0.001362298,0.001194289,7.61505E-4,8.07405E-4,0.00101507,0.001412778,7.37727E-4,0.001437024,-0.013766426,-0.028535833,0.030831385,-0.193049383,-0.029312615,-0.016753188,-0.117292064,-0.020274058,0.163973209,-0.226873209,-0.162590416,-0.022236403,-0.136342457,-0.013665084,0.150346643,-0.026787235,0.073978339,-0.052353499,-0.102065557,-0.111618647,0.074909604,0.152871013,0.013815203,-0.092929665,-0.228463826,-0.107138519,0.075656613,0.16879376,0.033908179,-0.087082568,-0.139160515,-0.115983691,-0.037145912,-0.160533065,-0.122561985,-0.083402147,-0.134071656,-0.07872782,-0.013134876,-0.208681543,-0.130962118,-0.125629804,-0.364221295,0.009549793,-0.14679358,-0.11091723,-0.004108886,-0.083910967,-0.044742625,0.006689417,-0.097397755,-0.047939157,0.243804444,-0.017661387,0.005993216,-0.036986009,-0.047251646,-0.08206369,0.078246882,-0.059954227,0.462161663,0.651976316,0.414535838,0.648750254,0.46407207,0.393571313,0.666395219,0.300887892,0.436884397,0.46310925,0.639858387,0.375065953,0.510239828,0.442774317,0.481650895,0.51639632,0.422881476,0.513788107,0.531026513,0.645859119,0.354662167,0.650871564,0.44167637,0.403205645,0.63547831,0.485744099,0.3669381,0.719392286,0.408740826,0.357234523,0.583508215,0.552668376,0.389402905,0.548686092,0.580888882,0.381639347,0.679268515,0.505819106,0.348680758,0.483455309,0.527221316,0.435879096,0.554176379,0.477342826,0.368710908,0.617979726,0.616502312,0.313472646,0.272981676,0.544307676,0.544598876,0.311093998,0.708845846,0.40172907,0.37731239,0.568274114,0.506970599,0.629869244,0.423825951,0.440788827,come,9
-0.020583923,0.62015192,2.217567168,-0.052613386,0.432892946,2.265358513,-0.180383535,0.31240077,2.195544504,0.122856014,0.340872297,2.382756071,-0.248445124,0.054264206,2.16820469,0.288392974,0.218360319,2.352868496,-0.215215209,-0.149074422,2.160070894,0.427616529,0.285105048,2.204673743,-0.211807464,-0.184500948,2.169904655,0.431604936,0.292012482,2.179568558,-0.018339164,0.093548902,2.274071867,-0.007569412,0.026177985,2.272737159,-0.069020756,-0.054397861,2.229842637,0.07151528,-0.050319685,2.313125265,-0.083529846,-0.49635976,2.323501062,0.052957291,-0.496417374,2.494825044,-0.08392589,-0.88340663,2.398186788,0.016710654,-0.865414668,2.557060814,-0.048642469,-0.94276745,2.376880283,0.07377786,-0.921896573,2.600179027,0.00293111,0.001785665,0.004019317,0.003213603,8.64866E-4,0.003702039,0.002529944,3.89331E-4,0.002025208,0.003938715,0.003002312,0.00522322,0.002197131,6.12999E-4,0.001873815,0.00401531,0.003541706,0.006770942,0.003546291,4.59176E-4,0.001625263,0.01556721,0.010517524,0.007338401,0.004858913,0.012385854,0.002105317,0.047571759,0.006675353,0.017187253,0.004339876,0.001074636,0.003652839,0.003909983,0.00121495,0.002363585,0.004289559,6.41629E-4,0.002858885,0.004253183,0.001171635,0.001735142,0.001691473,0.001441374,0.001729672,0.004870681,0.00605576,0.005814564,0.00222447,0.005915636,0.003002,0.002396582,0.003367521,0.003666856,0.006434679,0.013750118,0.030250098,0.010320895,0.012451963,0.018030835,-0.110254996,-0.096819337,0.171033906,-0.367065124,0.014891865,0.363740453,-0.438003407,0.050611633,0.419353182,-0.189102847,0.212514145,0.102863673,-0.41721604,0.044781477,0.311937427,-0.179179822,0.129009212,0.055670276,-0.240943346,0.002577955,0.177345553,-0.051393072,0.046401795,0.060951056,-0.217591119,-0.001987774,0.025650541,-0.037891971,0.075166419,0.055540213,-0.221644139,0.034642518,0.362475356,-0.155526249,0.071714787,0.296142944,-0.072090795,0.094986654,0.290627607,-0.062814453,0.090686834,0.172952787,-0.061741087,0.001193272,0.079011325,-0.145379076,-0.150173556,-0.030523225,0.042874119,0.100507115,0.007420892,-0.035379747,-0.027154037,-0.052919891,0.068911482,0.080115459,0.027143727,-0.029609933,-0.007263177,-0.008217982,0.432761071,0.628061176,0.405326103,0.438910612,0.393477965,0.346744555,0.478714306,0.356517304,0.204695694,0.442695003,0.496685393,0.471911379,0.40713259,0.525056468,0.296341006,0.563434492,0.548735444,0.398161193,0.510351227,0.304887487,0.507746695,0.588483092,0.52849262,0.420191056,0.526792501,0.663132921,0.335198118,0.710016516,0.388305669,0.401741901,0.557778382,0.450342746,0.283943266,0.58917215,0.481437463,0.320628206,0.657299266,0.330130351,0.364183637,0.633355512,0.435146615,0.40493317,0.397187082,0.657308678,0.4386426,0.377722158,0.5722517,0.487323395,0.380831077,0.698556467,0.415872806,0.35715913,0.635552946,0.475354274,0.447115124,0.521290416,0.503320022,0.356668065,0.485076604,0.560127633,come,9
