-0.032431063,0.687433873,2.3650838,-0.035974324,0.500668883,2.42956095,-0.220050833,0.398447385,2.447152975,0.139579313,0.406182523,2.43501195,-0.269691188,0.13006885,2.474624525,0.283899225,0.260769268,2.37647715,-0.26508829,-0.074964334,2.43577245,0.298765923,0.208772655,2.166992675,-0.259691625,-0.149461923,2.421573,0.288588431,0.21393262,2.0559329,-0.032013113,0.15039546,2.4429957,-0.032558422,0.082652841,2.413966825,-0.113506018,1.55E-5,2.408629825,0.049774551,0.00360541,2.40791845,-0.131019448,-0.469205225,2.53743275,0.101285326,-0.472270885,2.52470875,-0.133544053,-0.837376078,2.6164754,0.122977378,-0.85170097,2.6188804,-0.179799785,-0.914415965,2.6008467,0.17789515,-0.922326413,2.590757375,0.002171546,0.001231928,0.002823238,0.002288838,0.001428782,4.57802E-4,0.001025316,5.24159E-4,0.001013442,0.002854001,0.002039583,7.92247E-4,9.05623E-4,6.14873E-4,0.002241188,0.01434768,0.023745622,0.011311947,5.09179E-4,6.52986E-4,0.003215193,0.088727968,0.041813633,0.028977311,0.002089488,0.004824485,0.004059877,0.12779567,0.048591593,0.040217304,7.12052E-4,4.30793E-4,5.81324E-4,6.85722E-4,5.00834E-4,6.50633E-4,7.22582E-4,4.24296E-4,0.001300594,8.79154E-4,6.82952E-4,8.03227E-4,6.49813E-4,0.001117735,7.82524E-4,8.9192E-4,8.54909E-4,5.8279E-4,8.01658E-4,0.00325956,9.97299E-4,8.06563E-4,0.001295556,0.001199752,0.003014702,0.003128002,0.003688242,0.001133542,0.00132745,0.002648908,0.014082841,-0.00406372,0.070050872,0.304855201,0.194077515,0.078914073,0.122903698,0.039313505,0.117662146,0.129894445,-0.152304794,0.032143784,0.105798213,0.015433292,0.127452941,-0.191205734,-0.338740361,0.019183867,0.095998432,-0.003188692,0.128722415,-0.174608792,-0.071177692,0.04230455,-0.165083954,0.139614696,0.165530595,-0.306516368,-0.049355686,0.08412123,-0.039311185,0.043941001,0.057912601,-0.184949481,0.079320299,0.042246386,-0.13210539,0.034811686,0.125705223,-0.250923925,-0.114870184,-0.177713695,-0.047634464,-0.065579798,0.056750799,0.017844867,-0.199896503,0.062697151,-0.01913874,9.28034E-4,0.039506893,0.02216455,0.015024186,0.041870971,-0.143030634,-0.063555783,0.086737582,-0.035465136,-0.015703545,-0.037058322,0.536240792,0.293872765,0.543211441,0.55562009,0.516719287,0.354908923,0.428077754,0.359644281,0.555107132,0.690367712,0.398314771,0.384630065,0.42063415,0.407411336,0.541477509,0.37454474,0.483017195,0.471609168,0.263681793,0.367745873,0.602554062,0.447045423,0.603808811,0.429992446,0.431146699,0.534926591,0.446192544,0.413902638,0.597850477,0.407580036,0.551149963,0.464692531,0.471279375,0.620534478,0.455360187,0.410332526,0.612708845,0.296259696,0.47938546,0.544209731,0.43023906,0.418446196,0.33630509,0.729458468,0.39736855,0.521852804,0.519378646,0.437550683,0.305332352,0.742636939,0.403759402,0.445081658,0.522476414,0.499473747,0.369419078,0.421385248,0.556670966,0.427505181,0.324541608,0.583913959,child,7
-0.338019801,0.669575253,2.422914418,-0.32641251,0.480692237,2.504874112,-0.494359869,0.360566937,2.528355179,-0.163777204,0.372005634,2.52146247,-0.545053659,0.099916252,2.586639843,-0.035129886,0.195256243,2.485487739,-0.566489927,-0.108028026,2.564801224,-0.004760677,0.185909909,2.269860664,-0.560402171,-0.197245993,2.522025724,0.013505671,0.182771856,2.186800851,-0.328365472,0.1271976,2.514174858,-0.328840093,0.056588383,2.513107657,-0.403951522,-0.019586889,2.513123575,-0.254378122,-0.016024193,2.511372776,-0.440658139,-0.475603949,2.629619276,-0.222998086,-0.492590597,2.638908082,-0.449638062,-0.842222702,2.673785321,-0.223342009,-0.863508972,2.679993284,-0.489502321,-0.928765513,2.658645306,-0.200213211,-0.93409431,2.639205522,0.009821774,0.001259576,0.005060362,0.006169891,8.2223E-4,0.003504902,0.00730348,0.00173627,0.005613428,0.008321309,0.001659655,0.006083104,0.005780546,0.001183372,0.006347517,0.013161884,0.016072639,0.038350235,0.009430292,0.003547744,0.008146462,0.062760763,0.057694333,0.05199897,0.008435954,0.003758952,0.006820813,0.089160581,0.068336669,0.03675497,0.005202213,7.33785E-4,0.003714698,0.005193014,8.01603E-4,0.002502876,0.00506457,9.40058E-4,0.002795577,0.005197468,6.215E-4,0.002225335,0.003613122,0.002301869,0.001930873,0.002576784,0.002819267,0.002097654,7.50482E-4,9.88887E-4,0.001524135,7.65411E-4,0.003521074,0.001479276,0.002160449,0.001934109,0.004149608,6.33355E-4,0.001716617,0.005118055,-0.299952279,-0.05604768,-0.131975919,-0.388850029,0.027382512,-0.097503471,-0.361737122,-0.106033751,-0.052673863,-0.310191833,0.024319129,-0.274481982,-0.293779451,-0.061554485,0.080158493,-0.083291003,0.023964481,-0.021204397,-0.112500224,-0.086017273,0.069145501,-0.080882194,0.010290228,-0.063098856,-0.180486058,-0.098449136,0.090831849,-0.120922216,-0.091324935,-0.007982579,-0.404899292,-0.072716879,-0.177486229,-0.377498712,-0.087977603,-0.222295002,-0.339200311,-0.094556479,-0.196574176,-0.344191946,-0.029871564,-0.231397491,-0.218847315,0.137647373,-0.091551165,-0.099810511,-0.183242366,-0.042750525,-0.082732976,-0.043019655,0.018644369,0.036100327,-0.132432834,-0.063213302,0.097895608,0.106534959,0.093812298,-0.047135703,-0.08577178,-0.13230617,0.64712791,0.358915796,0.397477112,0.671803447,0.283796556,0.379715269,0.598489713,0.326283322,0.435358683,0.545977886,0.364783947,0.394949412,0.440798447,0.393543993,0.519413582,0.435702033,0.439987848,0.54798789,0.427878687,0.403420761,0.55534339,0.444628474,0.586414782,0.467003116,0.41431668,0.4827644,0.514077455,0.465063476,0.714210741,0.348451364,0.644020619,0.20506221,0.388386477,0.693616704,0.231320308,0.321651805,0.66289824,0.263315425,0.374778691,0.672839455,0.260217864,0.349215048,0.44200241,0.662803845,0.36984683,0.366017839,0.711264376,0.390554198,0.423251194,0.576732335,0.485416407,0.313889021,0.699993408,0.434124882,0.424161323,0.487344251,0.5178028,0.302172231,0.42568278,0.580966285,child,7
-0.46442008,0.719839042,2.386301856,-0.441673543,0.538673616,2.452718966,-0.621817417,0.416391604,2.444550799,-0.270818698,0.44082328,2.472666937,-0.660814237,0.168636028,2.47116296,-0.120388879,0.266694638,2.419249977,-0.628475014,-0.050900017,2.441223839,-0.085260371,0.200542222,2.21511581,-0.60620253,-0.142916233,2.419185287,-0.077511792,0.19428447,2.117363753,-0.422031122,0.181380717,2.469518569,-0.418013598,0.109931352,2.476215678,-0.492686622,0.027233207,2.471365868,-0.334189077,0.034034621,2.484933029,-0.507278584,-0.463298182,2.578223764,-0.292833536,-0.493500403,2.622651592,-0.551956093,-0.851131498,2.645180621,-0.234016833,-0.868256875,2.627733931,-0.604301365,-0.921597194,2.62269077,-0.194036094,-0.938961556,2.593118086,0.014980023,0.004060494,0.008263299,0.010172738,0.001500364,0.005807747,0.010015934,0.001903437,0.009185262,0.01009422,0.003311479,0.008268893,0.007589855,0.001496386,0.009697447,0.037846842,0.023827737,0.020005047,0.007154793,0.00504697,0.0080812,0.115347567,0.050286656,0.043333617,0.006782473,0.004623253,0.006140688,0.155449558,0.075435389,0.029703609,0.008391438,0.001061373,0.003261935,0.008137615,0.001409963,0.00303302,0.007676846,7.70248E-4,0.004806281,0.008277303,0.001805825,0.001977875,0.002942241,0.001469091,0.003633959,0.004259292,0.00834795,0.004859365,7.57133E-4,0.001860816,0.00162998,0.002518045,0.002841786,0.002191386,0.001364006,0.00136836,0.003194023,0.00493658,0.003623994,0.009361641,-0.021488902,-0.103668929,-0.074208066,-0.132159749,-0.019611685,-0.175469975,-0.200300522,0.058827093,0.007876061,-0.105496251,-0.114397322,-0.226740808,-0.103997971,0.055518675,0.058358978,-0.057880715,-0.045460191,-0.112432358,0.00440414,-0.139152433,0.049597494,-0.143899197,-0.04749928,-0.054233727,0.01148217,-0.096720767,0.035602397,-0.13914124,-0.037981888,-0.055269596,-0.290472819,-0.049290908,-0.10175507,-0.287294984,-0.04112788,-0.061463548,-0.228154038,-0.012784021,0.067193804,-0.266060691,-0.055612986,-0.060993494,0.088039514,-0.018644104,0.059858644,0.005314859,0.038293128,0.008360389,0.00113179,-0.195769225,0.190822377,0.035140659,0.035708134,-0.025581892,0.052566574,-0.005759593,0.007984244,-0.023216335,-0.009332418,0.02951771,0.556567055,0.647569304,0.348393179,0.673877157,0.396179693,0.389397936,0.583498429,0.327002891,0.501428323,0.564503513,0.521835441,0.371126586,0.487865446,0.382690031,0.54264452,0.534367282,0.440501205,0.491809731,0.410908719,0.717320003,0.37840626,0.441144985,0.557221055,0.47963682,0.474090042,0.682479375,0.381830387,0.472692332,0.670583817,0.383426022,0.693812803,0.326534534,0.386060194,0.686192593,0.364185414,0.386272162,0.653914332,0.269946378,0.464834868,0.687290019,0.340685412,0.402488484,0.579255382,0.478044002,0.455414031,0.299293893,0.822238778,0.336839992,0.340670263,0.556132632,0.478060763,0.500132968,0.583706046,0.446952482,0.392617753,0.35381066,0.596635632,0.381927333,0.408458108,0.582722389,child,7
-0.089106938,0.630766922,2.249545776,-0.051066529,0.44091759,2.284773991,-0.22341572,0.331098433,2.312947626,0.124806195,0.344263325,2.287524607,-0.289808678,0.09456321,2.349128121,0.293017877,0.229290605,2.209192159,-0.336003734,-0.089412581,2.340619907,0.365969475,0.221316354,2.050310206,-0.329432724,-0.162194241,2.330664402,0.369246949,0.245414033,1.99435457,-0.042707305,0.094382604,2.295392729,-0.042356759,0.025705309,2.283178897,-0.117439155,-0.055415752,2.281264093,0.036062175,-0.049919406,2.279394477,-0.140437093,-0.527968464,2.42941614,0.07934258,-0.525431032,2.420741215,-0.136788573,-0.882045423,2.49380329,0.085908333,-0.886500866,2.485899935,-0.178597389,-0.942462722,2.472034794,0.120603491,-0.942692478,2.451529477,0.001995317,0.001054676,0.005282524,0.001795843,5.31695E-4,0.004758004,0.001130376,0.001810759,0.005494509,0.004762127,0.004396342,0.00481239,0.002062677,0.001995597,0.004105063,0.042492106,0.040326312,0.015920871,0.00488362,0.002786301,0.005571677,0.129289444,0.064830441,0.034394171,0.006736122,0.003197382,0.006548877,0.163187488,0.067284879,0.033272493,0.001067264,0.0015724,0.004953792,0.001435208,0.001891786,0.002533358,0.001115442,0.001127639,0.004255425,0.002168817,0.001292267,0.001732265,0.001337474,0.002228154,0.001742314,0.001302242,0.003908829,0.002717462,9.7193E-4,0.002156968,0.001674062,0.00128119,0.003542194,0.001756374,0.001231783,0.001136067,0.001653405,0.003232247,0.001998623,0.004158725,0.101179097,0.049596005,-0.006083557,-0.1171078,0.013733235,-0.005331653,0.113450926,0.161748553,0.102329725,-0.12960371,-0.122394415,-0.231344397,0.127137301,-0.060502694,-0.028610943,-0.07068998,0.003417379,-0.124128178,0.14760817,-0.045604079,-6.28109E-4,-0.037193796,-0.037851846,-0.042919011,0.143364936,-0.089289822,0.02271513,-0.064391596,0.013019112,-0.031447591,-0.0827653,-0.122211227,0.033130412,-0.137755899,-0.206617096,0.019505254,0.037817824,-0.09142067,0.16874816,-0.254961081,-0.146473411,-0.121819084,0.051742771,0.053326608,0.012426051,-0.006231963,0.011616622,-0.01705776,-0.028686669,0.009666227,0.003584463,0.025444106,0.097280858,-0.040498217,0.01461161,0.035599299,-0.049635564,-0.025993089,-0.02431468,-0.02523729,0.577507259,0.483506348,0.452979879,0.486751183,0.301141507,0.569588329,0.354334569,0.381542419,0.573975681,0.431256637,0.45354654,0.478931994,0.449535315,0.459752891,0.52699488,0.502556283,0.511646725,0.469072767,0.479419664,0.422760462,0.528158379,0.580043418,0.594809828,0.38324626,0.5045777,0.395918624,0.524108216,0.597163477,0.522402682,0.421131931,0.280876989,0.291543723,0.633430837,0.456769405,0.465204388,0.501246176,0.407031765,0.360713143,0.56009275,0.524838879,0.429930039,0.454442132,0.420843634,0.735122599,0.365490481,0.35462307,0.753930533,0.384470038,0.394024466,0.611016391,0.480113936,0.391483207,0.628331578,0.46313543,0.464194241,0.497578161,0.510410166,0.539251482,0.372858707,0.528292347,child,7
0.14919388,0.636730333,2.345846461,0.156460406,0.443307242,2.402218989,-0.007323417,0.338062599,2.407442584,0.326713764,0.351560028,2.422974944,-0.087939164,0.090947691,2.423935045,0.475961029,0.209497306,2.426745809,-0.118402389,-0.12464721,2.383497618,0.516258343,0.189294156,2.246674472,-0.112599718,-0.206852253,2.374796584,0.518639327,0.199892929,2.198065079,0.159237237,0.095174636,2.413979663,0.160928036,0.026821672,2.394504124,0.085331228,-0.049580728,2.386307978,0.238192483,-0.047456309,2.395223888,0.053936587,-0.497227099,2.506515225,0.278917422,-0.515467028,2.514466045,0.033083627,-0.868318631,2.633175921,0.283773263,-0.866345254,2.583576719,-0.009995069,-0.922587745,2.610915618,0.320229813,-0.927227973,2.543864034,0.007462206,0.001127242,0.002395174,0.007334608,0.001139284,0.001572865,0.007529624,5.94206E-4,0.004497898,0.008903642,0.001868515,0.001629901,0.008022768,0.001866681,0.005939011,0.041931403,0.025739105,0.023275606,0.009876375,0.00249687,0.011299621,0.132196181,0.056651843,0.040519486,0.011068168,0.002880052,0.011891084,0.149915243,0.066275615,0.034008156,0.00592978,0.001041499,0.001998822,0.006138229,0.00104978,0.002219368,0.005867024,9.96778E-4,0.003083451,0.006273335,6.9598E-4,0.002029497,0.004139242,0.007096518,0.003683539,0.003288878,0.004291088,0.003157737,0.00107424,0.00149266,0.001400751,0.001505672,0.002758679,0.001388616,0.003937349,0.00242312,0.011065203,0.002145268,0.001683906,0.005127847,-0.233970822,-0.024177632,-0.021407828,-0.278862747,-0.086129624,-0.011580934,-0.215948864,0.034599179,0.115636464,-0.244232955,0.018120589,-0.11552752,-0.283063023,-0.005085482,0.037575009,-0.19080442,-0.078239918,-0.064046195,-0.157650323,0.010145936,-0.017541621,-0.165031659,-0.14321796,0.008603764,-0.147521797,0.071774408,-0.024264277,-0.127142516,-0.111649265,-0.039479265,-0.350818857,-0.01722262,0.127078801,-0.355618127,0.013475227,0.060100188,-0.346449868,-0.047538208,0.166256044,-0.308613227,-0.013980624,0.009636728,-0.028124992,-0.123449629,0.073754864,-0.208695751,0.185001398,0.014516708,-0.052847797,0.001788122,0.015071382,0.043310847,0.042873007,-0.027896089,0.005546896,0.025225802,-0.04306693,0.031550772,-0.001735768,0.015599146,0.750014732,0.277911638,0.382097345,0.781467867,0.225961438,0.346744684,0.730864461,0.219565367,0.406720123,0.755903699,0.407686329,0.285816033,0.616415256,0.293714121,0.468232539,0.590833978,0.467507546,0.429930303,0.515054784,0.362638921,0.53197057,0.679397211,0.479006083,0.352965879,0.521674516,0.388815454,0.518123357,0.71910787,0.486729581,0.318202588,0.70341173,0.239028021,0.373681959,0.722145578,0.235174495,0.371782152,0.679394972,0.213147056,0.388612787,0.694299416,0.21374068,0.42672571,0.328323144,0.73243821,0.398220014,0.480236141,0.65888304,0.349852256,0.433419787,0.509579901,0.518567575,0.419013677,0.751001858,0.349091617,0.368924942,0.320429139,0.610503707,0.496311954,0.401745135,0.538242346,child,7
-0.438271736,0.706844854,2.339104075,-0.437415464,0.529781689,2.421110569,-0.613659096,0.412820558,2.403596469,-0.264117666,0.434590968,2.45444175,-0.662490392,0.163380065,2.437063831,-0.118459009,0.249281888,2.421165663,-0.627516531,-0.056337794,2.416105088,-0.096178143,0.184500199,2.22036435,-0.60487099,-0.148374555,2.397021319,-0.090882833,0.178656419,2.131608656,-0.418932158,0.176129234,2.447653244,-0.415193054,0.105394532,2.456240813,-0.489539324,0.023763702,2.450764088,-0.332326753,0.028699719,2.469697263,-0.511552368,-0.461279189,2.5621134,-0.291371471,-0.487950302,2.605720994,-0.552846756,-0.851611293,2.645125138,-0.235188671,-0.867500081,2.626056338,-0.602924033,-0.919572383,2.616223594,-0.194161536,-0.939142414,2.592123663,0.012770841,0.003872827,0.011664283,0.012856326,0.002019823,0.010481539,0.011927998,0.003701037,0.013091871,0.0119668,0.002874165,0.006049169,0.010751156,0.003709064,0.013321423,0.042045445,0.018256667,0.018104033,0.009704767,0.004621382,0.007893907,0.126490982,0.045234646,0.039861187,0.009697314,0.004284602,0.007339754,0.16641836,0.056291007,0.030416201,0.010620328,0.001038594,0.006625241,0.010259382,0.001120544,0.005899494,0.009442508,0.001523503,0.006485733,0.010496614,0.001423843,0.00444093,0.003357135,0.001485089,0.005267005,0.005965712,0.007820732,0.004197256,0.001006911,0.001045537,0.001821474,0.001976292,0.003948255,0.002105869,0.002022079,0.001961503,0.003604585,0.00303711,0.002712097,0.007020604,-0.096884825,0.026654167,0.153970204,-0.30104629,-0.023586547,0.170658874,-0.260315184,0.062453783,0.21374283,-0.372477253,-0.019947798,-0.013649365,-0.256158278,0.005778452,0.208365941,-0.119657592,0.025784682,-0.025895327,-0.146912981,-0.029722979,0.063121349,-0.218333155,0.019703465,-0.031618303,-0.162796601,-0.01930891,0.054419583,-0.228339186,-0.062479096,-0.027119789,-0.411341615,-0.064370945,0.145483634,-0.430962589,-0.073539614,0.141726189,-0.373765937,-0.021818972,0.180838071,-0.502022678,-0.097083148,0.091444218,-0.04858913,-0.076972906,0.175668601,-0.102791777,-0.064045104,-0.011842611,-0.034612336,-0.14720005,0.176321363,0.030032378,0.027075154,-0.031561346,0.084425561,0.044248657,0.088931981,-0.022485121,-5.35791E-4,0.063103404,0.517759048,0.603635662,0.389479,0.644244255,0.305254694,0.409332182,0.59384368,0.269879209,0.44953517,0.58849071,0.423007523,0.405010347,0.512022305,0.338338976,0.481470866,0.580773693,0.484200906,0.450297402,0.443023187,0.734789811,0.336822041,0.468888799,0.579478585,0.44027645,0.431228596,0.685420811,0.390477958,0.49451104,0.630486101,0.383263417,0.646908757,0.261118227,0.380791314,0.639539835,0.278547646,0.370369053,0.605989502,0.241850912,0.424923949,0.640595289,0.285568022,0.33307187,0.527558558,0.377737267,0.501129868,0.267164917,0.800883214,0.364607488,0.294488086,0.517693968,0.526023397,0.431912519,0.65134214,0.435468499,0.443128505,0.408603626,0.550150369,0.395351275,0.415559634,0.572797972,child,7
-0.496517545,0.552537414,2.439888119,-0.520920077,0.361565719,2.490773917,-0.68118376,0.250413448,2.454608417,-0.362446575,0.244967456,2.495658393,-0.738777362,-0.001235368,2.454085881,-0.297715149,0.05743746,2.414736702,-0.759983487,-0.201619963,2.429666821,-0.265522961,-0.007954789,2.222873702,-0.752854512,-0.281381377,2.434485345,-0.258778689,-0.012989861,2.152589964,-0.517407223,0.011999623,2.504364,-0.511529798,-0.054425058,2.46905975,-0.581927799,-0.127672993,2.448855083,-0.438256371,-0.126843912,2.476601571,-0.62614666,-0.519333026,2.551758321,-0.432575324,-0.52965581,2.587777929,-0.632593085,-0.863255976,2.605392357,-0.431445989,-0.866820374,2.62983931,-0.665612755,-0.940136767,2.581814619,-0.394721025,-0.939875542,2.5910935,0.003529299,9.0937E-4,0.001120807,0.00301681,0.001233774,0.001417787,0.001349507,9.24178E-4,0.002214691,0.001788804,0.001061416,0.002371759,0.002923151,0.001302171,0.003705639,0.014043316,0.011047958,0.024111182,0.004159481,0.002286207,0.006252843,0.046284816,0.035625654,0.027199173,0.005460158,0.001276405,0.007706128,0.062754157,0.046751407,0.01901507,0.00174288,5.5658E-4,0.001508211,0.001267028,4.71096E-4,0.001083532,0.001277813,6.53108E-4,0.001986641,0.001391802,5.69861E-4,7.10489E-4,0.001641142,0.002887412,0.001570503,0.001360951,0.006017384,0.002269326,5.32141E-4,0.002901387,0.00166568,0.001442613,0.003732073,0.002696989,0.002043978,0.001842912,0.00397867,0.001403444,0.001205498,0.002488907,0.179087555,0.091012587,0.10679098,0.334661728,0.118644707,0.13569442,0.259449377,0.019842674,0.22319562,0.19462947,-0.096845863,-0.169847166,0.119186872,0.023788772,0.136860765,0.005436408,0.074996222,-0.078687571,0.007364817,0.064728736,0.098229592,-0.098015254,0.042156711,-0.037509394,0.028287849,0.080453917,0.109804643,-0.162648574,0.10483127,-0.042723947,0.337015236,0.100454711,0.234238602,0.143373866,0.086288669,0.230415618,0.07756685,0.107989782,0.281419192,-0.125762386,0.067525307,-0.077886697,0.053396355,0.191505561,-0.025876648,-0.007254692,0.083579451,-0.037871857,0.00535438,-0.065098139,0.023302512,0.006605575,0.090830342,-0.007639545,0.105042576,-0.012122932,-0.001351341,0.05132955,0.09774348,0.0815402,0.670584275,0.448208589,0.369765001,0.577603457,0.356332844,0.425728379,0.372129648,0.445154915,0.490893066,0.450365704,0.440220002,0.492497965,0.522233004,0.343020934,0.521870993,0.457973836,0.524287087,0.492483527,0.564037245,0.401357163,0.492392336,0.429819619,0.601583927,0.462025179,0.516166676,0.309431051,0.544982056,0.452639854,0.732259693,0.320370698,0.515655243,0.327067803,0.435235653,0.586130786,0.472934662,0.377448089,0.50507773,0.344642891,0.466838457,0.621308177,0.40359777,0.450631006,0.269265061,0.78176948,0.362579312,0.289862263,0.826995248,0.324025051,0.220393473,0.782797116,0.400743222,0.282390938,0.69573533,0.455876998,0.381751085,0.335050426,0.599432988,0.418556651,0.4150255,0.554401835,child,7
-0.071910249,0.692836377,2.389519708,-0.050368743,0.513105758,2.447453479,-0.234197244,0.396044204,2.464803813,0.123313177,0.418848308,2.438230167,-0.276522269,0.134777131,2.486728417,0.286423644,0.287308388,2.376502354,-0.270147504,-0.071827088,2.448206458,0.302152596,0.250657204,2.157993479,-0.264445027,-0.144227279,2.432761854,0.322431688,0.251402335,2.063200729,-0.040569358,0.155163788,2.462981333,-0.0423159,0.087425896,2.424180292,-0.121582169,0.003645718,2.419855396,0.03991364,0.010716517,2.414467438,-0.138850313,-0.464036044,2.539287479,0.098043515,-0.47273161,2.528643896,-0.134342035,-0.838300429,2.614397313,0.122884798,-0.850777831,2.617526208,-0.180914708,-0.91467,2.601627979,0.177711938,-0.922863579,2.592304438,0.002547696,0.002117599,0.00864089,0.001604425,8.70394E-4,0.006394387,0.001471232,0.001071383,0.009277219,0.004061184,0.002515969,0.002886885,0.001153824,7.12115E-4,0.00731593,0.011933083,0.018491497,0.031591972,0.001277097,0.001064148,0.00829533,0.086850828,0.038248003,0.036559984,0.003212756,8.69518E-4,0.010130287,0.10651519,0.041461871,0.018512102,6.8669E-4,0.001335664,0.005902201,0.001162099,0.001206969,0.002709467,8.96298E-4,0.001017394,0.002791408,0.001586656,8.2616E-4,0.002106653,0.001661217,0.002459204,0.002059972,6.99268E-4,0.001055637,0.001825084,8.81684E-4,0.003764164,0.002462718,0.001054248,0.002315375,0.00269896,0.002132664,0.002127768,0.00974752,0.002113117,0.001619599,0.002037699,-0.130745386,0.08925968,0.447580364,-0.209698993,0.102725159,0.334367046,-0.176951538,-0.063083436,0.379870365,-0.339508606,0.256909188,0.031075121,-0.170709778,-0.065230468,0.28041088,-0.123485324,0.045467211,-0.042074579,-0.13926928,0.080929753,0.244351889,-0.087284322,0.127958833,-0.076809483,-0.140041158,0.033968106,0.137365014,-0.075969801,0.057983591,-0.002270263,0.049812318,-0.078976242,0.272347432,-0.212947533,-0.12553828,0.198579696,-0.074765664,-0.06614425,0.223742808,-0.343904995,-0.050031074,0.015087808,-0.042982573,0.069317939,0.060813073,-0.012076051,-0.15303516,0.187331379,0.034684421,0.110543085,0.022855244,0.037987362,0.009110778,0.081935349,-0.119628391,-0.023140704,0.090437597,-0.18038043,0.142340973,-0.011920848,0.525701646,0.226766761,0.328756886,0.350296684,0.201068622,0.515529167,0.338002698,0.299457178,0.471177915,0.364868827,0.387708499,0.504072736,0.383285227,0.393154468,0.4911881,0.433648084,0.56339558,0.475372474,0.292338301,0.499108738,0.497844428,0.534359143,0.513310374,0.443363982,0.564408673,0.294300576,0.506855509,0.619136173,0.620108248,0.317428102,0.225329511,0.20755731,0.601856883,0.32481331,0.319830523,0.560346176,0.386383133,0.355151082,0.543539449,0.453909962,0.316799987,0.523697689,0.400405641,0.684603034,0.409493322,0.29067315,0.505418026,0.521075208,0.31110609,0.719277485,0.418211058,0.434467618,0.466290944,0.527855593,0.437951501,0.382084412,0.551844681,0.465496964,0.411045794,0.519069196,child,7
-0.495772572,0.553576542,2.44505362,-0.520609103,0.3623836,2.495623911,-0.678459316,0.249408057,2.454054354,-0.361147635,0.247689633,2.504258544,-0.732646487,-0.003583317,2.449275165,-0.297486148,0.05198803,2.431614025,-0.753706378,-0.206021901,2.430867949,-0.247460839,-0.013080022,2.240154544,-0.747251456,-0.283795494,2.428738582,-0.23231583,-0.022896513,2.171447595,-0.516810486,0.011734386,2.509786772,-0.509157941,-0.054461573,2.472280278,-0.578649872,-0.127674078,2.450736899,-0.435521208,-0.126659795,2.481051253,-0.623657924,-0.521311497,2.553265025,-0.43143858,-0.529201172,2.588667772,-0.632366611,-0.862530382,2.605980101,-0.431047368,-0.865171519,2.629890354,-0.665369235,-0.939609756,2.583170734,-0.394745677,-0.939496438,2.59181557,0.002266732,0.00159986,0.002886587,0.002176033,4.67398E-4,0.002874611,0.001878721,9.54564E-4,0.003125928,0.001825722,6.25158E-4,0.002064952,0.002193798,0.001028378,0.003723058,0.014869362,0.011293032,0.026556984,0.003598116,0.002456589,0.004683002,0.047371549,0.031139568,0.033838647,0.003943474,0.001717966,0.005613003,0.064820328,0.044357838,0.021272071,0.001664376,2.22368E-4,0.002239226,0.001616201,4.32168E-4,8.59052E-4,0.001924266,5.42073E-4,0.001048591,0.00138081,3.66708E-4,0.001297641,0.001388884,0.003035,0.001244542,8.66014E-4,0.00690766,0.003250806,5.77129E-4,0.001960099,0.001380098,8.82464E-4,0.002974552,0.001895506,0.001767579,0.001148916,0.002889409,0.001295567,0.001536742,0.002305156,-0.089006261,0.043898284,0.20022707,-0.033957156,-0.026320733,0.238498049,-0.196653873,0.105925398,0.337316531,-0.007564453,-0.075654494,-0.155810388,0.069467388,-0.010510761,0.146338203,0.039816377,0.068406494,0.005961266,-0.006012025,0.026161789,0.081137853,-0.05214527,0.064352825,-0.016124723,-0.021797536,0.06195828,0.040011486,-0.131463958,-0.009995287,-0.030065167,-0.134044954,0.061990926,0.199676708,-0.186272546,0.101163527,0.131283911,-0.175468387,0.071854495,0.232307154,-0.183094277,0.05699707,-0.119557304,0.068623668,0.277437005,-0.074398004,-0.014978229,0.04100133,-0.009500543,0.037739867,-0.062283522,0.062137943,-0.028461349,0.104364378,0.008957546,0.166632942,0.019749042,0.023844432,0.04563009,0.090839878,0.132140114,0.547491089,0.435097282,0.451075478,0.62702038,0.374794982,0.410160324,0.518460659,0.413068674,0.365196749,0.474995366,0.450413359,0.501824432,0.54715937,0.374078166,0.499741593,0.438164378,0.463196727,0.53582794,0.570180397,0.527137635,0.430194368,0.387297834,0.564402991,0.505546283,0.497275669,0.322922367,0.560359432,0.475373584,0.72023084,0.333938948,0.530965442,0.314514245,0.501737741,0.681817931,0.397009768,0.377005709,0.651463653,0.337971817,0.389114064,0.538636095,0.330735863,0.51062041,0.355501699,0.731248868,0.340685623,0.18984635,0.847545888,0.339625601,0.293415948,0.732321541,0.419284479,0.362578885,0.705982028,0.415506249,0.398435103,0.379698102,0.572096614,0.350976318,0.461259126,0.550181296,child,7
-0.341690093,0.669516607,2.424974841,-0.329632893,0.481873689,2.506553833,-0.498299142,0.360871715,2.52928913,-0.166899791,0.372166298,2.523309457,-0.549063263,0.101192929,2.590614833,-0.035290967,0.199742332,2.486963051,-0.570703278,-0.109689586,2.572346638,0.006104801,0.158285289,2.282763029,-0.564988725,-0.200763041,2.533624,0.019917266,0.163123901,2.193647319,-0.332274451,0.128694993,2.515724884,-0.332770641,0.058054552,2.519512601,-0.408050998,-0.017746228,2.519791072,-0.258388239,-0.01533812,2.518899333,-0.444288593,-0.473995698,2.631096703,-0.225203559,-0.49498696,2.641215203,-0.450256892,-0.842243159,2.673124362,-0.222863891,-0.863724184,2.680812507,-0.490349629,-0.929794886,2.658805399,-0.200505698,-0.933252244,2.637150659,0.010125328,0.00116211,0.004397655,0.009247485,0.001151687,0.003451247,0.00873025,0.001120945,0.004108866,0.009334616,0.001575108,0.005404481,0.007520242,0.001179233,0.006466553,0.01534029,0.01242271,0.039218622,0.010391304,0.007001847,0.006534627,0.064622344,0.056195097,0.054225931,0.009555429,0.005638278,0.006343525,0.10127786,0.06678796,0.039637379,0.007837866,5.42414E-4,0.003655803,0.007655833,5.0754E-4,0.004186466,0.00734338,5.98484E-4,0.004639318,0.007676267,5.34701E-4,0.004265046,0.004596162,0.002870395,0.003132838,0.004688732,0.003970376,0.002300489,0.001125905,0.001244717,5.63633E-4,7.9724E-4,0.003732287,0.001423636,0.00110349,0.001296643,0.002777725,8.27248E-4,0.001597137,0.004845791,-0.182968037,0.006545432,0.173109816,-0.301689043,0.059438455,0.111591311,-0.303225386,-0.002971362,0.118649215,-0.338510911,0.076658301,-0.019649739,-0.247279978,0.048647986,0.192910651,-0.025007979,0.043276907,-0.044394058,-0.183573373,-0.158167362,-0.012149097,-0.079893851,0.030460493,-0.063329883,-0.236179777,-0.175278748,0.070951553,-0.119807309,-0.0614852,-0.05135431,-0.391428858,-0.01848804,0.222090714,-0.380707335,-0.043286947,0.114549952,-0.346323816,-0.043720645,0.10325704,-0.358217194,0.007223622,0.063734372,-0.232857473,0.100256401,0.065111287,-0.04842572,-0.316308515,0.083907654,-0.059601689,-0.118271047,0.035244561,0.044960718,-0.044191193,-0.019802552,0.001826869,0.044470305,0.120699985,-0.042918326,-0.063907174,-0.097542987,0.674095298,0.349649077,0.401189153,0.68155108,0.313627943,0.393382758,0.66016166,0.33330839,0.402992792,0.621694708,0.368542963,0.417282396,0.58479701,0.326600087,0.450053127,0.470684103,0.510513363,0.502019098,0.460843476,0.53833327,0.464262465,0.420096917,0.601387564,0.468565991,0.457798469,0.513948609,0.459184845,0.434238138,0.671652681,0.40585775,0.686710607,0.214164218,0.332577138,0.723363126,0.268404594,0.333981359,0.711883901,0.274015146,0.365114332,0.722508575,0.269600574,0.360905403,0.428264944,0.710223922,0.340285099,0.396284529,0.691078081,0.346946015,0.4514295,0.600165993,0.451963489,0.286195566,0.707831879,0.449985286,0.299413908,0.41108756,0.592753745,0.306698284,0.537771238,0.540509692,child,7
-0.07448177,0.633524381,2.258784481,-0.048409183,0.441705052,2.293035269,-0.221340666,0.337113909,2.323468241,0.124298329,0.338308306,2.291916565,-0.289435517,0.09670454,2.355626704,0.268308886,0.191549078,2.207346194,-0.331618487,-0.088101449,2.349341463,0.298854635,0.186330968,2.04208737,-0.324178522,-0.161582315,2.338561231,0.29477269,0.214538119,1.993371,-0.041580075,0.093297445,2.303922361,-0.042068496,0.024435036,2.289693472,-0.117414548,-0.055174525,2.288758389,0.035659344,-0.05130473,2.284912074,-0.140821737,-0.528540678,2.432817176,0.07856009,-0.526167504,2.423329907,-0.137611881,-0.882497261,2.496415037,0.085698159,-0.888255155,2.486355509,-0.178291194,-0.941817546,2.472600991,0.121226214,-0.943493003,2.452548694,0.004684657,0.002124663,0.007253247,0.002741136,0.001678931,0.003723183,0.00242859,0.001115982,0.005870162,0.004320792,0.003282337,0.006128147,0.001904421,0.001429516,0.00385034,0.037505264,0.022994687,0.023904523,0.002498985,0.001713011,0.007282789,0.134524273,0.055242138,0.042066,0.002673102,0.001822204,0.00661337,0.165886167,0.052961941,0.029788159,0.001140904,0.001395153,0.00344557,0.001196579,0.001616552,0.003331943,0.001086876,0.001272121,0.00394596,0.001348327,0.001262688,0.003373802,0.001141483,0.002520298,0.002106911,7.94452E-4,0.002746299,0.002461412,8.42929E-4,0.001347478,0.001766643,0.001520574,0.002366193,0.002102664,7.16195E-4,6.33356E-4,0.001177196,0.003212334,0.002279216,0.005252717,0.080533661,-0.041251572,-0.091156689,0.03836038,-0.026071891,-0.134469812,0.021247571,0.146085528,-0.045185778,-0.056011555,-0.12704908,-0.202211622,-0.107072288,0.088272807,0.061759231,-0.157852868,-0.114275311,-0.116947783,-0.004244997,0.033383761,0.013910468,-0.144982131,-0.048798596,-0.091005875,0.003509544,-0.053033681,0.028523694,-0.133890506,-0.041315014,-0.035395586,0.076124549,-0.242121229,-0.210596074,0.002869565,-0.265167263,-0.120098427,0.043883514,-0.161082997,0.07649954,0.006184263,-0.194809801,-0.175784857,0.004979971,0.042701329,-0.072969836,0.040780207,0.066840773,-0.024902331,-0.004524645,2.36911E-4,0.012284216,-0.030708821,0.047522719,-0.031293903,-0.019594629,0.055088871,0.012385368,0.009011863,-0.021636671,0.018814483,0.473179301,0.423650338,0.530206405,0.565683812,0.394031842,0.48822194,0.33716289,0.345647177,0.604725408,0.431764164,0.415888242,0.514426173,0.415461325,0.42103179,0.553914296,0.507876735,0.410030475,0.499324511,0.431500386,0.305896944,0.59554806,0.557659039,0.570249898,0.396324922,0.425717359,0.324322924,0.591498047,0.59357366,0.569576722,0.381811912,0.429880776,0.370734727,0.506883822,0.484893795,0.376303129,0.506868907,0.42730416,0.313688913,0.578669546,0.51260667,0.386565395,0.488739937,0.395253482,0.703046771,0.404685021,0.280529131,0.792090297,0.372230251,0.417143188,0.547979898,0.50795593,0.426689969,0.628399919,0.451937571,0.496688633,0.451631839,0.517794816,0.52258107,0.378459782,0.535286066,child,7
-0.345453922,0.66819943,2.419609721,-0.336403409,0.480860016,2.503262533,-0.503354152,0.359953375,2.522437951,-0.172275762,0.371231067,2.519288025,-0.55628575,0.103119233,2.590433852,-0.037595278,0.200755952,2.494756959,-0.581701927,-0.111767041,2.58132391,-0.013442422,0.178260875,2.277738902,-0.574189134,-0.20277877,2.542406607,4.42407E-4,0.177789265,2.205560492,-0.336528174,0.126995444,2.512086221,-0.336569789,0.056220871,2.514826148,-0.411560421,-0.02014822,2.514042557,-0.261562933,-0.016566952,2.515054811,-0.446689641,-0.475678621,2.632072344,-0.227836973,-0.494852998,2.641401631,-0.45111455,-0.842903602,2.673489623,-0.222038584,-0.865553839,2.680284697,-0.489895214,-0.929194849,2.657741328,-0.200714663,-0.933391088,2.633734328,0.008049334,0.00152612,0.004213974,0.008154383,8.77851E-4,0.002477024,0.00667815,7.56923E-4,0.003141631,0.008975583,0.001796921,0.00520384,0.006822345,0.001389993,0.003361395,0.013779363,0.01652174,0.041061067,0.009025592,0.003639974,0.003398349,0.07219833,0.048183671,0.057457772,0.00915876,0.003375944,0.003914479,0.100886631,0.050803587,0.039190495,0.007505708,0.001201153,0.002099777,0.007495966,0.001321625,0.00238968,0.00719213,0.001081701,0.003079536,0.007800223,0.001054336,0.001917487,0.004605688,0.002688665,0.00223222,0.004810981,0.00420508,0.003241133,0.001080934,0.001333261,8.0087E-4,0.001060529,0.004675366,0.002529708,0.001389838,0.001370976,0.002322967,8.69113E-4,0.001875665,0.006717324,-0.127221091,0.009479612,-0.090503555,-0.241280145,-0.047877191,-0.09567844,-0.264068267,-0.024456042,-0.051662161,-0.199546883,0.018668636,-0.261521836,-0.286169917,0.042997803,0.009836061,-0.117187502,0.12535603,-0.037390037,-0.167277236,0.0221455,0.032321815,-0.096479933,0.04696396,-0.058215907,-0.15008769,-0.034898599,0.033443429,-0.177116036,3.37702E-4,-0.013674599,-0.297478246,-0.034291957,-0.113078563,-0.299378076,-0.034675876,-0.126433383,-0.260726883,-0.037495038,-0.088631273,-0.355023111,-0.107256395,-0.10544627,-0.159351488,-0.00847423,-0.009757158,-0.029655274,-0.290362702,0.043297353,-0.090507438,-0.010112551,0.063953901,0.043180607,-0.023545137,-0.02777989,0.025367104,0.04058864,0.083068673,-0.030049986,-0.049986691,-0.154132287,0.71454234,0.293566592,0.425474259,0.674452443,0.283050708,0.434317449,0.640724107,0.330214246,0.444900689,0.62313541,0.384089511,0.372488786,0.60908207,0.38740527,0.439341845,0.499178457,0.441924585,0.507321161,0.516999242,0.505931751,0.467796063,0.454524614,0.581695664,0.462779493,0.446831189,0.487834082,0.513760382,0.501118799,0.593936027,0.421810941,0.665805557,0.323731021,0.404624231,0.693790646,0.364800692,0.356016294,0.653644897,0.347565746,0.42301494,0.723705398,0.343225134,0.307472636,0.493382212,0.676492721,0.363868101,0.403707971,0.710070381,0.342696057,0.418815651,0.613334663,0.460184401,0.29335922,0.725272489,0.433393927,0.393192707,0.425482964,0.565629982,0.230475068,0.473283074,0.575883639,child,7
-0.085310759,0.631545976,2.251879521,-0.049730201,0.441115489,2.286205394,-0.22326296,0.331038831,2.307199,0.122108904,0.340492094,2.28605967,-0.291497812,0.092410203,2.337913734,0.269049806,0.200245739,2.202135947,-0.340763533,-0.090875568,2.322933532,0.312850902,0.186100401,2.040114755,-0.332869839,-0.163161903,2.310451596,0.313747431,0.206632767,1.982015649,-0.042232195,0.091857161,2.297741979,-0.042103238,0.02284754,2.28197934,-0.117150501,-0.057507142,2.279075968,0.035639994,-0.052394651,2.278121309,-0.141359017,-0.528440476,2.425653564,0.078154294,-0.525758889,2.420342691,-0.136439679,-0.882376281,2.493684883,0.08524043,-0.888833387,2.486503511,-0.178394189,-0.943078335,2.471480649,0.121345729,-0.943090444,2.452639894,0.003031435,0.001884754,0.002987904,8.21306E-4,8.98802E-4,0.002906771,0.001318141,0.001259883,0.004421112,0.00267844,0.001982851,0.00422302,0.001462132,0.001857308,0.005723122,0.030492052,0.016507256,0.024168771,0.002999496,0.002359651,0.007731772,0.125046437,0.040497191,0.036577224,0.004480044,0.001872675,0.008596603,0.151364981,0.039309356,0.030422658,6.13512E-4,7.50676E-4,0.002397655,7.38438E-4,8.89443E-4,0.001875907,7.58005E-4,7.54169E-4,0.003169041,0.001081459,7.3041E-4,0.001077675,0.001182755,0.001746855,0.001722149,0.001145389,0.002234615,0.001450603,0.001240353,0.002090723,0.001814741,0.001482109,0.001970075,0.001676856,0.001111281,0.001343668,0.00228248,0.003144473,0.002573068,0.004528898,0.074931205,-2.39847E-4,0.122317168,-0.070460427,-0.021899316,0.272366379,0.039610271,0.169371159,0.174719667,-0.145477397,-0.030408988,-0.058464185,-0.113305611,-0.009864048,0.10495645,-0.189331465,-0.124640796,-0.041160118,-0.027155304,-0.00481747,0.019838224,-0.133681562,-0.078086737,-0.067014459,0.03092764,-0.012281432,0.076389984,-0.116312497,-0.02203134,-0.044524882,0.018545136,-0.025407752,0.252908381,-0.051472331,-0.019248241,0.267924365,-0.018277381,-0.013370566,0.297938622,-0.161042186,-0.053787694,0.10670511,0.012061105,0.025724117,0.076724541,0.009031313,0.025737158,-0.025019974,-0.015732864,-0.037433465,0.056623877,0.034966603,0.047237918,0.027727721,0.027603512,0.00420625,-0.010745174,-0.058993893,0.024714245,-0.005684271,0.594740438,0.48527814,0.426682787,0.461458663,0.479017314,0.442368966,0.388084727,0.373376472,0.550879414,0.508328851,0.480060144,0.485363694,0.367235962,0.425733976,0.564708986,0.574317833,0.352440101,0.489812896,0.502552147,0.353426157,0.552365021,0.642743853,0.517768431,0.370633934,0.545541965,0.376407569,0.51818578,0.653485346,0.445913369,0.415447502,0.387639131,0.474648451,0.491625421,0.447148589,0.521331378,0.429741792,0.332821819,0.357212543,0.53428175,0.558285434,0.487269876,0.440441969,0.379029776,0.760349888,0.356886539,0.381045419,0.747833317,0.376018354,0.448595427,0.570068662,0.476908366,0.401757693,0.639011633,0.455223456,0.46037036,0.46566367,0.528886736,0.509830337,0.421586374,0.523156233,child,7
-0.458493599,0.712241329,2.354054472,-0.439755539,0.532424789,2.424555584,-0.61688603,0.410984796,2.413543969,-0.268709015,0.437662923,2.452540789,-0.659702285,0.163302767,2.447096634,-0.112971753,0.265842682,2.418815242,-0.626066196,-0.052934533,2.42517641,-0.059481494,0.189725999,2.224532012,-0.60249655,-0.145556309,2.40644764,-0.042653984,0.177223635,2.130029758,-0.419565499,0.177302193,2.45264113,-0.415446494,0.106281284,2.461545981,-0.489514763,0.024085694,2.45856746,-0.332057727,0.03131375,2.47325564,-0.509141327,-0.461547689,2.568525795,-0.289254214,-0.487312991,2.612912969,-0.551978128,-0.850985178,2.644078615,-0.235521078,-0.867921168,2.627577031,-0.604155252,-0.920795491,2.619691876,-0.193577024,-0.939388383,2.595128224,0.012559966,0.00611727,0.016622147,0.01105933,0.00306232,0.013794438,0.008873451,0.003161344,0.013522331,0.01051908,0.00177523,0.010402019,0.007030657,0.004153328,0.01192994,0.039984704,0.024597086,0.018634382,0.006131023,0.00470895,0.009108476,0.125776946,0.048383763,0.0400777,0.005748676,0.004552043,0.00930399,0.171908942,0.06233999,0.041086718,0.00814391,0.001739233,0.010841641,0.007680825,0.001663758,0.01029832,0.006533224,0.001620495,0.00992492,0.008028779,0.001115666,0.009982194,0.002294523,0.001675038,0.009453793,0.004837656,0.009616952,0.011023255,5.87725E-4,0.001455722,0.001497669,0.003001617,0.003084719,0.001959538,0.001489887,0.001289875,0.004181743,0.003355683,0.002614191,0.006356013,-0.216745881,0.00386461,-0.033347672,-0.311435678,0.006487759,0.027734175,-0.297871761,0.001419543,0.183376955,-0.343683583,-0.025834509,-0.116249872,-0.213221327,-0.054341425,0.149468881,-0.075418043,-0.039516095,-0.102325115,-0.10533614,-0.082273509,0.013832617,-0.220296311,0.001056869,-0.044367791,-0.074937807,-0.047519057,-0.012502249,-0.273751909,-0.07960827,-0.029273145,-0.430422018,-0.077914166,0.017423186,-0.434221192,-0.099136489,0.008246856,-0.36592293,-0.077439846,0.115106908,-0.44040365,-0.057057972,-0.09473246,-0.036659334,-0.05618231,0.029992254,-0.037980228,-0.074466139,-0.006458611,0.022285598,-0.16581048,0.174649156,0.051368468,0.023917458,-0.007053142,0.019329358,0.050259864,0.074101984,-0.00840311,-0.048170957,0.075078886,0.512533445,0.585729436,0.411372725,0.585420523,0.301525931,0.480065727,0.472732424,0.31439898,0.507182719,0.581024738,0.387152093,0.423997807,0.429146739,0.397144259,0.528289425,0.512776011,0.524820708,0.46206468,0.35788698,0.738050861,0.388964313,0.484903221,0.495420065,0.479781884,0.39490262,0.72275113,0.391915305,0.479097516,0.618279356,0.386287518,0.561182195,0.293541963,0.446943601,0.552850247,0.313414517,0.441658882,0.554450954,0.330222031,0.45268745,0.551685371,0.302259191,0.436765625,0.50245869,0.420491209,0.528267739,0.294643767,0.794948259,0.365976086,0.326673607,0.558924388,0.492487182,0.490274519,0.639627179,0.412872269,0.49691024,0.378985819,0.542785093,0.423700118,0.38873522,0.569808302,child,7
-0.285364349,0.688647614,2.145420788,-0.33001864,0.502820977,2.200852493,-0.40066071,0.35829758,2.096335616,-0.210146349,0.420525477,2.404039781,-0.440123147,0.110415842,2.067796993,-0.121960534,0.27389559,2.504998014,-0.3571538,-0.145672762,2.114938473,0.075739111,0.252819914,2.439376205,-0.320175089,-0.224638202,2.135375993,0.150124578,0.262697592,2.413536473,-0.282934908,0.153929758,2.247648233,-0.273459159,0.084119033,2.260393212,-0.310325521,0.003373178,2.202136219,-0.216680003,0.016839593,2.335408822,-0.380454807,-0.48379177,2.330701123,-0.272523332,-0.484387915,2.527090363,-0.403016432,-0.855383136,2.30591737,-0.268781934,-0.85239171,2.600019822,-0.330969199,-0.905258655,2.264828658,-0.183618871,-0.916239642,2.639529719,0.009856763,0.006669055,0.008564121,0.00722153,0.003691908,0.005988091,0.012288184,0.001436881,0.003655885,0.005758778,0.0097475,0.011619124,0.013512096,0.005020675,0.003366503,0.011365068,0.049732424,0.06505123,0.012175096,0.005092431,0.003885237,0.043584532,0.077936293,0.168911621,0.008257726,0.007490812,0.00565672,0.056345522,0.092637521,0.194320902,0.007730762,0.001763694,0.00431873,0.007984943,0.002012644,0.004318081,0.01144417,0.001340694,0.003118457,0.004992682,0.003319869,0.005514696,0.00534687,0.004563778,0.008966834,0.00367897,0.006917622,0.00773525,0.001565719,5.56451E-4,3.58854E-4,0.001138021,0.001922327,0.001860005,0.012908909,0.007579508,0.006607833,0.003043042,0.002790005,0.006024813,-0.114839178,-0.161449183,-0.038019177,-0.166568841,-0.050330659,0.035061173,-0.320397492,-0.095256731,0.027269861,-0.031868789,-0.039197406,-0.027139672,-0.246149619,0.037008744,-0.092423287,-0.03231202,0.006380817,-0.18238318,-0.217980861,0.059798037,-0.137898085,-0.037905391,0.021832076,-0.121159315,-0.209306437,0.139756487,-0.169102857,-0.035040248,-0.009949892,-0.146700329,-0.168619096,-0.040374093,-0.098389805,-0.13645003,-0.044171049,-0.078407393,-0.222631261,-0.004567955,-0.016968977,-0.075085953,-0.018373297,-0.078233861,-0.00908522,0.082839928,-0.049214521,-0.044862449,0.142683893,-0.136100579,-0.018595557,0.067542051,0.042364834,0.022255741,-0.104702758,-0.002748468,-0.167008515,0.00244206,-0.150190003,0.015851184,0.01647373,0.057753086,0.456586545,0.670256269,0.382722657,0.513152864,0.413682747,0.512679956,0.716852602,0.340746118,0.352931574,0.397312121,0.542037365,0.518357542,0.703252535,0.448545737,0.329967805,0.327369882,0.563539076,0.50013888,0.683058516,0.466514568,0.331029305,0.425151476,0.591101177,0.464467856,0.476787136,0.62443641,0.356716115,0.39719831,0.62417517,0.447809962,0.628331555,0.492509765,0.391134638,0.627130209,0.519873262,0.385000749,0.709666053,0.390115668,0.378668674,0.440189965,0.596054916,0.46136352,0.267333171,0.440799344,0.598106146,0.367603242,0.717104343,0.376765722,0.582275564,0.602007216,0.376224697,0.552595529,0.602665818,0.39559027,0.496252265,0.395786607,0.508268968,0.392841308,0.400886728,0.579148467,child,7
-9.65344E-4,0.622230663,2.19721343,-0.030328595,0.435139489,2.22345041,-0.157379772,0.306108992,2.15509585,0.158509241,0.347677874,2.36596449,-0.235657014,0.061351182,2.1277325,0.309668236,0.239742541,2.37771779,-0.225550203,-0.13624398,2.09988042,0.439677029,0.275207862,2.26548232,-0.218115217,-0.203955531,2.09356597,0.479555332,0.284748614,2.23364315,0.00128351,0.091072979,2.23254737,0.007823755,0.02231562,2.23726474,-0.054770253,-0.061748669,2.19690079,0.085592716,-0.057116933,2.27786282,-0.117682174,-0.508242959,2.31757856,0.084462342,-0.517972809,2.43245544,-0.114382638,-0.867857351,2.40070942,0.128996846,-0.873535988,2.49210415,-0.070962587,-0.910451016,2.34130415,0.199809894,-0.931697833,2.50816231,0.003417865,0.001496712,0.003437402,0.00265358,0.00107572,0.003081223,0.004081827,4.70866E-4,0.003758141,0.004647981,0.011577039,0.009692481,0.002733329,7.52483E-4,0.003996623,0.031734343,0.047934568,0.041429832,0.004262247,0.00231147,0.004794514,0.08904144,0.046979306,0.116002128,0.003821037,0.002213792,0.004719578,0.121038007,0.056764925,0.123369518,0.00312455,0.003975662,0.002714828,0.003140903,0.004668854,0.00250551,0.003558954,0.00305434,0.003268486,0.003237794,0.004347931,0.002053149,0.001657393,0.002939827,0.002424769,0.001057025,0.003862354,0.002480298,0.001785739,0.003198875,0.002030779,0.001615727,0.002080674,0.0020722,0.002469002,0.003183225,0.001715724,0.005433462,0.003273204,0.011288662,-0.12837642,-0.037343344,0.079798551,-0.236407163,-0.050035983,0.158797939,-0.179346011,-0.048572405,0.304548231,-0.206937259,-0.170825811,-0.18002301,-0.186884447,0.012815093,0.335168849,-0.079300963,-0.13316804,-0.216356526,-0.094048381,-0.072904899,0.046106157,-0.038634337,-0.035558364,-0.100479707,-0.122473399,-0.033851715,0.167229842,-0.051738588,-0.028738341,-0.077154165,-0.204684845,-0.275467705,0.21387861,-0.174686302,-0.290388154,0.181498004,-0.245883357,-0.099730293,0.265328466,-0.163871051,-0.241598242,0.08066814,0.023233258,0.007956514,0.049353979,-0.028438205,0.018236973,0.032053633,6.08608E-4,0.008578166,0.041785038,-0.111395547,-0.034951878,0.106456327,-0.027693225,0.011424285,0.024330219,-0.057274204,0.003915766,-0.014313534,0.564375733,0.543010094,0.415691721,0.436375668,0.492550882,0.472728321,0.573585701,0.317099292,0.411157204,0.35758838,0.557621717,0.45435915,0.398136353,0.363484618,0.467373045,0.480437267,0.530617007,0.423493591,0.539369283,0.523920081,0.45049404,0.495265031,0.492143961,0.489502143,0.541266746,0.50895267,0.427253503,0.537617242,0.499981911,0.466540907,0.383420006,0.698075925,0.268512409,0.390963043,0.69630339,0.291255345,0.484388732,0.529013857,0.36199059,0.415227428,0.626139538,0.403858897,0.402611801,0.742123551,0.368459863,0.354308049,0.750941391,0.385501848,0.472590669,0.645331225,0.416234733,0.411097206,0.583028898,0.471334409,0.46491587,0.638197173,0.426822106,0.578511646,0.408432972,0.492271735,child,7
-0.292392907,0.688448063,2.142777106,-0.335350902,0.501678183,2.19648543,-0.407478299,0.357825301,2.093465345,-0.212412251,0.417154231,2.399000965,-0.446712394,0.112104648,2.065376352,-0.124099488,0.261724857,2.486048662,-0.360603256,-0.142866377,2.112746141,0.077337484,0.239144027,2.404357782,-0.321579406,-0.223663635,2.133039746,0.150646879,0.249779286,2.378520127,-0.28847464,0.153121396,2.245044859,-0.279020354,0.083446483,2.258047739,-0.316857214,0.002414314,2.200743577,-0.221055806,0.016283393,2.332331796,-0.382290907,-0.483358856,2.327551155,-0.273152057,-0.483654508,2.524869451,-0.40340636,-0.855461473,2.306099697,-0.269256048,-0.850929825,2.598234683,-0.333640401,-0.906788335,2.265893915,-0.184847004,-0.914079623,2.640516634,0.007562526,0.005876096,0.004601821,0.00489995,0.003483749,0.003169489,0.009437317,0.001570063,0.00252257,0.009593357,0.00761685,0.011406112,0.012599002,0.006792074,0.002375807,0.008862057,0.038350785,0.057845071,0.012169486,0.006468805,0.002420775,0.037345759,0.069468332,0.15417947,0.006947985,0.008566448,0.003177271,0.050893357,0.083132491,0.172360699,0.004860271,0.001631376,0.002572119,0.004929643,0.001813422,0.002672347,0.006812454,0.001157536,0.002868935,0.005154925,0.001918122,0.003476755,0.002613611,0.004977484,0.008743406,0.003357998,0.007984813,0.006977321,6.79123E-4,9.2887E-4,4.54982E-4,0.001475357,0.001674087,0.001276521,0.015051998,0.009500291,0.009689719,0.003787538,0.002667325,0.007948904,-0.024722363,-0.183839586,0.029748554,-0.148238104,-0.040377385,0.079936177,-0.306925651,-0.075723843,0.145772304,0.038666604,-0.079777027,-0.049226933,-0.303953121,0.146360148,0.094802489,-0.081220612,-0.009738681,-0.196076126,-0.319190202,0.101800154,0.07042597,-0.063087951,-0.031509502,-0.136511596,-0.197574057,0.120901287,0.023256574,-0.076313378,-0.052719096,-0.156854407,-0.182191614,-0.073030691,0.143415839,-0.162501087,-0.078019589,0.153360585,-0.24616055,-0.115062999,0.195315932,-0.029714461,-0.071213145,0.064280108,-0.036389159,-0.084637533,0.050983571,-0.036796813,0.035571182,-0.002814462,-0.089669408,0.110996432,0.048381423,0.087515432,-0.091151378,0.048237754,-0.105105381,0.045946035,-0.028361722,-0.006842629,-0.041605475,0.037537282,0.491794411,0.648263014,0.383644627,0.516662356,0.461651938,0.48795635,0.670773524,0.408859113,0.340850504,0.394303907,0.509730305,0.531418418,0.622906354,0.555382609,0.28611814,0.344375536,0.520735484,0.509397553,0.613971124,0.518333397,0.334847756,0.402529955,0.551704857,0.4919125,0.580777814,0.584242898,0.359960148,0.386432192,0.6127599,0.452704995,0.494527386,0.552521031,0.425935744,0.449912876,0.588855196,0.426403039,0.536459902,0.400634986,0.44351679,0.485177071,0.602443339,0.43603559,0.255369615,0.430104907,0.603705446,0.358125585,0.703215007,0.4286541,0.461921442,0.637331931,0.417207654,0.54551335,0.620436021,0.380535539,0.466666488,0.37649246,0.556107874,0.354941689,0.366119375,0.603428651,child,7
-0.246188507,0.667229622,2.387242217,-0.31904824,0.485304202,2.419573868,-0.393832959,0.333758735,2.336373535,-0.232751289,0.373533683,2.573689512,-0.453303383,0.097232542,2.297066674,-0.178539303,0.227800471,2.756041078,-0.390588398,-0.172501528,2.293607922,0.015413988,0.253505077,2.756122116,-0.360076772,-0.258302542,2.299792124,0.09383973,0.275567053,2.736689194,-0.268262073,0.109905954,2.445525822,-0.257172229,0.034899414,2.453413938,-0.289042019,-0.027582814,2.398780922,-0.207924785,-0.027342593,2.51373814,-0.382422974,-0.500230708,2.489313147,-0.274342519,-0.511391916,2.670913318,-0.400674143,-0.87355835,2.537424922,-0.290306774,-0.865629043,2.716824938,-0.354705443,-0.946066902,2.518475116,-0.217144219,-0.933162845,2.738684806,0.00780971,0.010377421,0.010485398,0.004858881,0.019857863,0.004093601,0.005675068,0.001740594,0.002854474,0.004573629,0.017280074,0.013517381,0.007367705,0.004427494,0.002657903,0.010804039,0.02138536,0.025529975,0.009926787,0.003416692,0.001442425,0.023819998,0.061254395,0.100407543,0.011236484,0.00197384,0.002598082,0.029329797,0.072444071,0.138325927,0.003916202,0.008765896,0.003883751,0.003991097,0.008484566,0.004210427,0.005170465,0.005982574,0.006097319,0.004010818,0.00812602,0.003439503,0.002435901,0.002564599,0.00183732,0.001683292,0.001966563,0.004271534,0.001403646,0.002882712,0.002692408,0.003423186,0.002276847,0.005639703,0.002371378,0.002311896,0.003011205,0.008526548,0.003790092,0.012299127,-0.110890008,-0.122087443,-0.178627242,-0.073714251,-0.241868329,-0.031786205,-0.19081168,-0.068593572,0.089643587,0.042365186,-0.032426669,0.00727139,-0.199322594,-0.168817571,0.110196595,0.059558328,-0.011646705,-0.106292312,-0.102026817,-0.093942551,-0.008709589,-0.051761582,-0.029209275,-0.093299485,-0.079498784,0.056866525,-0.034370455,-0.00977158,-0.043780633,-0.118995963,-0.083452176,0.037509277,-0.114032481,-0.080866801,0.074971943,-0.114617492,-0.104678368,0.005122513,-0.115086885,0.04993106,0.086206402,-0.09763596,-0.027284582,0.055203292,-0.08217361,0.002340936,-0.014783464,0.039331542,-0.006709825,-0.048543711,-0.028085153,0.006469513,-0.026279197,-0.007127039,-0.025179661,0.033953376,0.072069992,-0.018715527,0.044786039,-0.031150318,0.585855697,0.476905903,0.40607448,0.517583295,0.479130829,0.462741075,0.776128261,0.330715696,0.333771377,0.22821428,0.513414033,0.580317442,0.664449259,0.495731751,0.325350955,0.421487775,0.537672826,0.499479345,0.68207648,0.494359796,0.362649779,0.398440769,0.663929091,0.431001726,0.730539117,0.391642673,0.382822742,0.368198571,0.678680554,0.427458033,0.527518252,0.701097272,0.306372327,0.508268966,0.711092868,0.307784219,0.572682771,0.559281864,0.396017167,0.389529248,0.680787177,0.416993155,0.423844394,0.671536852,0.414819056,0.328816918,0.548571937,0.538419851,0.416170664,0.624435024,0.461009885,0.390262539,0.484141526,0.549840467,0.45548443,0.476775097,0.522080841,0.547399726,0.308464873,0.544545751,child,7
-0.554090712,0.542490188,2.395266115,-0.611251528,0.358815914,2.421779141,-0.694576532,0.227399471,2.315432372,-0.473810047,0.243704768,2.551927462,-0.733659154,-0.020160092,2.263492474,-0.416537404,0.047206642,2.560977026,-0.697375762,-0.229957337,2.247371321,-0.272173997,-0.002264312,2.428893141,-0.689171149,-0.302552424,2.245608859,-0.218349308,-0.00638115,2.366423231,-0.572919346,0.007575942,2.430867974,-0.550441087,-0.060064239,2.421832962,-0.589902508,-0.132504821,2.364441603,-0.489955155,-0.132346764,2.474707628,-0.655127904,-0.523656417,2.422509487,-0.542713405,-0.512043706,2.596478192,-0.681180632,-0.870105222,2.461574962,-0.554373421,-0.858734756,2.647606128,-0.645762727,-0.941105894,2.444027385,-0.482614258,-0.928300001,2.683895397,0.004405811,0.002001833,0.002826436,0.002243724,3.73836E-4,0.002825313,0.003482526,6.26167E-4,0.002588164,0.002741272,0.001516062,0.002666031,0.004971129,8.5107E-4,0.002857527,0.007256744,0.006355225,0.021897945,0.008475097,0.003850493,0.003357699,0.02595192,0.035225862,0.041777471,0.008917801,0.001503003,0.004310612,0.039539812,0.047328023,0.043079842,0.002351851,0.001467184,0.001840759,0.002597527,0.001815398,0.001759768,0.003111455,7.92044E-4,0.002102861,0.002251657,0.001887439,0.00171436,0.001966779,6.71025E-4,7.13588E-4,0.001596292,6.15422E-4,0.00122314,8.29653E-4,7.00781E-4,7.03629E-4,7.42134E-4,0.002056269,6.28457E-4,0.001696714,0.001667282,0.001399825,0.003402775,0.001928078,0.004790412,0.156478546,-0.082929673,-0.065196272,0.238057772,-0.05564716,-0.032311904,0.001365532,0.079953234,0.139238718,0.383966522,-0.159943868,-0.007551571,0.047089035,-0.080570492,0.010466103,0.123855297,0.072339663,-0.156878058,-0.107649051,-0.007733255,0.014424866,0.021626532,0.008963771,-0.170234207,-0.076029238,0.035978017,-0.04797643,-2.21E-5,0.062692156,-0.095194256,0.025283588,-0.095291424,0.044567071,-0.0335689,-0.092963453,0.008513513,-0.049274151,0.004541765,0.069460609,-0.044985565,-0.185780941,-0.063465227,-0.1284381,-0.084342384,-0.026971055,0.040322571,-0.016520622,-0.062238407,-0.042573495,-0.06632993,0.068486441,0.023130668,-0.132090813,-0.002508729,0.029636922,-0.031016629,-0.081376213,0.038140024,-0.125623283,-0.094576611,0.408801459,0.614265595,0.44843642,0.40559141,0.430592327,0.535928768,0.601450099,0.342739168,0.480647891,0.381872193,0.545287803,0.429227824,0.679401124,0.464800367,0.387520135,0.575925181,0.390965079,0.464633428,0.605231198,0.679279885,0.271169752,0.445191259,0.676184189,0.36900231,0.703737203,0.472685179,0.358124037,0.351046936,0.760505451,0.362677458,0.571801319,0.442938987,0.474337069,0.600039696,0.464953292,0.447627635,0.653831831,0.353989259,0.459321939,0.568213695,0.421695072,0.469652201,0.619993014,0.483012825,0.414686559,0.588879656,0.532234859,0.416646397,0.415276314,0.489662415,0.528674681,0.359203622,0.728997542,0.392631521,0.604421843,0.488386038,0.428885673,0.472302937,0.492327091,0.492937848,child,7
0.189156949,0.623961488,2.275738233,0.147407517,0.441122626,2.319937133,0.071354776,0.301071096,2.227124022,0.267429509,0.331619361,2.3957367,0.001228528,0.048004601,2.161628944,0.358994926,0.243783758,2.578347656,0.04510788,-0.176731339,2.130765089,0.507106041,0.272984458,2.533936922,0.059895735,-0.256188592,2.1333634,0.52635545,0.290959884,2.516827122,0.195819672,0.050306446,2.3274278,0.212357142,-0.026785286,2.324143156,0.169693419,-0.084451599,2.284841589,0.270800923,-0.078700573,2.361626589,0.092872017,-0.561072134,2.390697322,0.26045283,-0.516966408,2.550002056,0.049261667,-0.890302966,2.434255511,0.225207923,-0.86453053,2.603988233,0.064038002,-0.946420147,2.389234156,0.286161516,-0.914167906,2.627818622,0.003274525,0.00199912,0.002301782,0.004349532,0.002205085,0.001956838,0.006850398,0.001517098,0.003088182,0.001860767,0.003138033,0.00572765,0.011491778,0.002973809,0.005813837,0.014513226,0.059299157,0.042990264,0.015500473,0.001351997,0.009871765,0.049968943,0.065898049,0.158696346,0.017883809,0.00146188,0.008532234,0.068510326,0.073972032,0.154264475,0.006602187,0.004629585,0.00170553,0.007714301,0.005501851,0.002105149,0.008303574,0.00314734,0.001528439,0.007484476,0.003596621,0.003731249,0.002748467,0.001509245,0.001880712,0.003642617,0.007502229,0.00281766,4.55761E-4,0.001348177,0.001642482,0.002145603,0.002628074,0.00256509,5.6054E-4,7.15629E-4,6.83409E-4,0.005506399,0.003291341,0.007560323,0.006268348,-0.04676288,0.145493974,-0.20818798,0.047046677,0.074136868,-0.211104248,0.025714197,0.067833752,-0.082704871,-0.168801955,0.132465205,-0.209662507,-0.01762673,0.059093814,0.061222363,-0.033754583,-0.113205697,-0.070193251,0.026980893,-0.022024706,-0.050586774,-0.00884248,-0.079307101,-0.079446881,0.018881985,-0.001311943,-0.017827883,-0.033829741,-0.099131177,-0.306101835,0.161481306,-0.028483389,-0.27961699,0.168586367,-0.056278803,-0.24581527,0.151593061,-0.07922892,-0.21049615,0.094071045,-0.009159572,-0.011192459,0.153250117,0.02110116,-0.052474437,-0.415730281,0.050259861,0.039855247,0.11231508,-0.052364466,-0.001480161,0.043316263,-0.026111839,-0.024109574,0.090498834,-0.003611764,0.014719155,0.011321216,-0.064634813,0.638570128,0.396893965,0.434973366,0.627121816,0.44647856,0.411676827,0.749928756,0.219992769,0.401829233,0.328384139,0.597615528,0.475691075,0.676860621,0.422059651,0.387724316,0.376073792,0.66824175,0.430072085,0.705474718,0.259268286,0.456699981,0.338892259,0.400684487,0.590754013,0.742067774,0.254951563,0.4279909,0.417448139,0.430434867,0.551304541,0.611548999,0.562114831,0.29667964,0.601261865,0.564087058,0.312124468,0.639772613,0.466880261,0.363620421,0.554511428,0.551969663,0.401675031,0.477535366,0.535834881,0.473723715,0.344728238,0.691454812,0.323380392,0.370870988,0.540771968,0.519074194,0.497569525,0.598196736,0.435930443,0.402620053,0.568686728,0.497172151,0.5425749,0.287024202,0.549179267,child,7
-0.56000357,0.541886249,2.400912658,-0.612768853,0.360379016,2.423975904,-0.692949836,0.227701477,2.314518658,-0.472803521,0.241761075,2.551376795,-0.731645192,-0.018260428,2.261650904,-0.411999901,0.051575763,2.552772301,-0.692608899,-0.231052473,2.244461274,-0.273843592,0.014739324,2.420580219,-0.685957396,-0.30111473,2.24274637,-0.216794526,0.012125103,2.359077425,-0.572084964,0.007175034,2.429270356,-0.549291111,-0.060656781,2.419501753,-0.588916429,-0.133011237,2.361549699,-0.488068703,-0.13239303,2.471558301,-0.654334337,-0.524234067,2.420623616,-0.542012401,-0.511540116,2.593052603,-0.680868186,-0.870419568,2.460924274,-0.554032859,-0.861306503,2.646737685,-0.645084397,-0.941694407,2.443841,-0.481955725,-0.929483427,2.684886836,0.002766969,0.003785925,0.005255284,8.17882E-4,0.001212545,0.001287082,0.001039408,8.52988E-4,0.001035407,0.001993261,0.002471106,0.0014396,0.002238584,0.003486609,0.002038173,0.008463143,0.003995198,0.025075514,0.005474619,0.002756463,0.002722295,0.030808259,0.037400451,0.047999215,0.00535457,0.001693861,0.002354429,0.049048727,0.052501553,0.054825856,4.68826E-4,2.96162E-4,5.28667E-4,6.58391E-4,4.27384E-4,5.51472E-4,0.001213448,3.5422E-4,6.75262E-4,7.94191E-4,8.08907E-4,0.001128997,7.75145E-4,2.92218E-4,5.62785E-4,2.95453E-4,3.04248E-4,4.96556E-4,3.30662E-4,4.40129E-4,6.05074E-4,3.61515E-4,0.001170843,5.71697E-4,0.002336034,0.002235934,0.001528086,0.002815742,0.002622406,0.004268885,0.005275985,-0.019636836,0.043549364,0.071924491,0.066957164,0.130530895,-0.033859732,0.139164522,0.192933227,0.111632547,-0.030738181,-0.091055197,-0.063935947,-0.024194115,0.160562167,0.013835489,0.034184827,-0.177092789,-0.041388991,0.058265149,0.035845134,-0.011886469,0.041565324,-0.140540905,-0.075541506,-0.036498033,-0.011552541,-0.083074533,0.042060714,-0.108668388,0.021752157,-0.023719133,0.04434703,-0.106525354,-0.099098352,-0.014425634,-0.282773869,-0.044136348,0.081737167,-0.025127548,-0.112421938,-0.107091807,-0.126940118,-0.019275385,-0.071010336,0.112685479,0.025724348,-0.047397653,-0.044625855,0.050665935,-0.012338785,0.007590068,-0.235727715,0.038368397,0.010923769,-0.030326581,-0.030629846,-0.065344299,-0.168479237,-0.058075583,0.553661988,0.472244417,0.47554693,0.481100546,0.410147118,0.520620923,0.617232695,0.341967756,0.442670517,0.546571288,0.650889755,0.341546626,0.529250727,0.59656996,0.382814877,0.519160122,0.404159835,0.494097622,0.562839758,0.659522645,0.336576991,0.347250083,0.713885621,0.39619991,0.63343116,0.602467393,0.327492064,0.381447789,0.749111066,0.351215562,0.481935275,0.536176182,0.48027415,0.525700197,0.542859455,0.44337902,0.639853616,0.387316804,0.40625727,0.43563091,0.547496756,0.479517386,0.454055985,0.500741973,0.501129947,0.504598498,0.572745535,0.438949444,0.419678197,0.553976261,0.499079697,0.35865826,0.740466668,0.353413059,0.568607716,0.529772966,0.43541996,0.481007757,0.497265939,0.483488018,child,7
-0.002343059,0.622013336,2.197555491,-0.02503833,0.435574529,2.22578892,-0.151683071,0.302697481,2.157812161,0.162899778,0.354515984,2.365510161,-0.230506836,0.057959469,2.129197339,0.329238317,0.259655056,2.385758054,-0.22176939,-0.137190982,2.096279786,0.453681564,0.300222783,2.333536018,-0.21272897,-0.204525919,2.086965991,0.499209921,0.317289188,2.311394259,0.008068324,0.093487832,2.235610339,0.014839266,0.0251591,2.240581571,-0.047473956,-0.060227608,2.200890607,0.093109532,-0.05249599,2.280939152,-0.106259229,-0.509802788,2.316599464,0.092319592,-0.520114421,2.437765723,-0.117851665,-0.872268313,2.4028055,0.130233959,-0.873035172,2.494504357,-0.07688414,-0.916627114,2.346121036,0.197595577,-0.930048212,2.499387679,0.004207444,0.001756196,0.002608429,0.002871635,0.001200049,0.002132553,0.004347425,5.84017E-4,0.003215192,0.004497643,0.009243102,0.009979309,0.002581798,9.89172E-4,0.004999623,0.029057333,0.039915937,0.044873856,0.002987893,0.002207781,0.007517574,0.117654586,0.042667373,0.095122355,0.002846277,0.00209133,0.007424313,0.160909905,0.057532551,0.121461121,0.003215182,0.00328227,0.00195407,0.003273097,0.003791704,0.002128167,0.003889892,0.00259946,0.003212738,0.003369374,0.003541793,0.001350701,0.002258357,0.002142076,0.001918758,0.001413936,0.003805401,0.001739857,0.001538031,0.002447102,0.001792617,0.001507412,0.002803877,0.002520859,0.008318456,0.007403126,0.012686656,0.010517034,0.006445774,0.025801758,0.042604895,-0.143361126,0.017864202,-0.01664455,-0.116931591,0.037314575,-0.177828331,0.017371079,0.063688042,-0.009291462,-0.215877061,-0.197704519,-0.048400485,-0.031026911,0.172934693,-0.006720642,-0.093217949,-0.194496965,-0.055477723,0.016974255,0.109343117,0.039899382,-0.023119582,-0.099329196,-0.022127975,-0.03534878,0.191072709,0.027274394,-0.004174266,-0.071342916,-0.013095971,-0.289402589,0.066056362,-0.022676752,-0.278479162,0.055077129,-0.050587155,-0.237809871,0.085736614,0.004213138,-0.261870547,0.01636549,-0.011070559,0.055672472,0.078192962,0.022294804,-0.123124305,0.043173119,0.020877404,0.048448242,-0.034757924,-0.053142897,-0.017602505,0.079223901,-0.005344893,0.028210595,-0.031414198,-0.027879009,0.006230015,0.070735463,0.641409498,0.478671227,0.404503149,0.587064297,0.413598823,0.47874678,0.65512163,0.285903692,0.468864598,0.46703029,0.50961266,0.439988836,0.41726991,0.281250579,0.580554994,0.47241509,0.506348766,0.461666933,0.473058578,0.411872441,0.533874602,0.465056544,0.476015211,0.512867887,0.450787529,0.474024286,0.493787577,0.466785318,0.502809762,0.504601474,0.604002976,0.530758122,0.35424586,0.608424903,0.548384769,0.342924532,0.64894866,0.380415279,0.418725281,0.602829393,0.502088175,0.390987721,0.464703954,0.73887596,0.326736966,0.31764668,0.808142987,0.329725162,0.44884894,0.635129891,0.436399746,0.400787974,0.588880459,0.483607074,0.444837613,0.604504661,0.460901989,0.527521958,0.39665778,0.521753587,child,7
0.213995516,0.629321731,2.307488314,0.143513595,0.456312012,2.325432605,0.067177319,0.309994166,2.229709105,0.259663436,0.332010779,2.409225721,-0.013511397,0.058231659,2.162571651,0.352469458,0.243985857,2.581495779,0.02773785,-0.176865614,2.130150326,0.503716609,0.271573283,2.536537535,0.043253186,-0.257630284,2.133406465,0.53296019,0.288703605,2.523501651,0.188255317,0.059455025,2.332391058,0.204366529,-0.019143437,2.329225105,0.165422495,-0.076712608,2.285242047,0.258344713,-0.077143974,2.370879512,0.086226014,-0.559616294,2.38328786,0.252056726,-0.520075512,2.544874919,0.048005957,-0.889503909,2.430966151,0.223227535,-0.864335227,2.599758791,0.063974074,-0.946661903,2.38820557,0.284684371,-0.915487444,2.62986893,0.005430777,0.001087815,0.003026788,0.004051307,0.002441342,0.002213162,0.009521761,6.24801E-4,0.001304257,0.004331193,0.003581698,0.007109176,0.01403504,0.001176215,0.00440306,0.019162965,0.061315096,0.055731093,0.021825796,0.001773214,0.008613497,0.045287118,0.078280913,0.164109857,0.024535183,0.002205586,0.007973652,0.07501534,0.085998427,0.159986474,0.008843591,0.004358545,0.002612829,0.010755684,0.005341671,0.002977846,0.012116261,0.003159971,0.004460283,0.010272884,0.003122348,0.003516754,0.00389041,0.002990423,0.003148244,0.005235777,0.011477519,0.003250939,8.36237E-4,8.34491E-4,0.00195993,0.002530462,0.001900946,0.001958485,3.94858E-4,8.70102E-4,7.38015E-4,0.008585525,0.002848534,0.007560676,-0.085260159,-0.012682207,-0.022453606,-0.227081363,-0.057865794,-0.110984939,-0.226506682,0.037763939,0.009494896,-0.302773744,-0.025134958,-0.078386748,-0.198230843,0.026327953,-0.006731577,0.028317946,-0.069496527,-0.21453455,-0.03948269,0.021707604,-0.07376489,-0.041720219,-0.073191057,-0.172309314,0.014828751,0.03096058,-0.081192794,-0.032118738,-0.091176123,-0.130236444,-0.051414465,0.141417613,-0.005858421,-0.049689217,0.128106676,0.078801186,-0.033837979,0.074590873,-0.004708949,-0.042875126,0.053290902,0.148946283,-0.197289665,-0.024113107,0.012028231,-0.07785515,-0.237658687,0.003659678,-0.047292822,0.004935838,-0.168451378,-0.039426352,0.040204441,0.002135168,0.002847747,-0.132431426,-0.044876438,-0.05375378,-0.063879578,0.044378234,0.673463485,0.299752883,0.467061398,0.585359315,0.472625334,0.413357879,0.834866261,0.179221449,0.320608097,0.533909983,0.471666026,0.432945384,0.796211547,0.223154709,0.363272395,0.397794544,0.618277672,0.417670024,0.745423655,0.245245109,0.423892186,0.325976745,0.47616237,0.542209944,0.740412268,0.272796515,0.418971994,0.386186302,0.466889124,0.537277017,0.654250763,0.562290776,0.332447061,0.687614964,0.577966361,0.273594607,0.707556017,0.401150344,0.399903472,0.678458053,0.464020473,0.362622215,0.493593693,0.528257715,0.461130226,0.22798406,0.827291654,0.307035098,0.399830961,0.577604656,0.466388456,0.56745599,0.571489164,0.410129105,0.39293811,0.612576263,0.467310103,0.631080644,0.28239604,0.499593699,child,7
0.226661183,0.624959516,2.297648775,0.150157157,0.451234433,2.312936551,0.068656525,0.307424558,2.221202685,0.266580253,0.337669681,2.408995281,-0.014136251,0.056715405,2.158312067,0.356987422,0.245722551,2.578235157,0.025639184,-0.179553254,2.127046135,0.507910051,0.266500116,2.505470674,0.041034144,-0.263674162,2.131289303,0.533155828,0.280267188,2.481480034,0.198222407,0.062384122,2.321687438,0.208834684,-0.014937119,2.325675775,0.167953253,-0.076013729,2.279251416,0.264869736,-0.074841984,2.371312719,0.084675437,-0.558030335,2.385972247,0.250286708,-0.515577729,2.541430573,0.047209502,-0.888514467,2.433097888,0.22071587,-0.864240844,2.601094506,0.0632121,-0.946093683,2.389374315,0.281829272,-0.915647991,2.632967966,0.009176384,0.005696109,0.010606983,0.006622172,0.013471191,0.00403144,0.01075631,9.76006E-4,0.00302047,0.007363814,0.018243993,0.01276309,0.013938892,9.86943E-4,0.006419519,0.022606302,0.058222114,0.051015668,0.019289207,0.001687149,0.010033873,0.05618614,0.088479193,0.154551426,0.022411657,0.002183972,0.00834411,0.07865735,0.096948413,0.159966531,0.00987347,0.006370182,0.00399046,0.01050503,0.007727912,0.004227167,0.012207763,0.005248441,0.00788238,0.009451283,0.005138562,0.00342864,0.003926114,0.002469806,0.003959874,0.004742119,0.0103008,0.002652958,3.39723E-4,9.56925E-4,0.001750843,0.002764714,0.003155637,0.002785089,4.12828E-4,6.82635E-4,6.41233E-4,0.006772606,0.002353762,0.006029855,-0.084617617,-0.118789477,-0.186851293,-0.112070905,-0.158782804,-0.160723619,-0.21583091,-0.029292795,0.04531555,-0.067667716,-0.017036588,-0.128366794,-0.186152528,-0.039290079,0.047720534,-0.041923979,-0.066048665,-0.161064626,-0.073637153,-0.013311469,-0.002382613,-0.104873033,-0.101814538,-0.11540923,0.0125376,-0.026597252,-0.008980917,-0.051972187,-0.108695754,-0.127216251,-0.036072273,0.001811555,0.023021307,0.017049331,0.045131705,0.03398499,0.048576545,0.061099128,-0.055880831,0.029309424,0.007407007,0.070902883,-0.058632412,-0.01707556,0.108025203,-0.126226109,-0.308266633,0.021378692,0.038492971,-0.009264884,0.01429769,-0.041672323,-0.050434066,0.082385274,-0.070905668,9.39655E-4,0.062189318,-0.136662164,-0.002732247,-0.026122628,0.677288004,0.503128691,0.303846794,0.627441156,0.458412074,0.383640444,0.769298084,0.137253468,0.403636276,0.565963157,0.435872503,0.469085368,0.713227966,0.143894993,0.457177433,0.327565368,0.640190827,0.454329282,0.694928728,0.192168791,0.48119998,0.345142494,0.506428105,0.531269693,0.752925082,0.190607049,0.438389986,0.372827288,0.463036289,0.542133276,0.52658727,0.695055631,0.336042081,0.520574893,0.688421602,0.345704812,0.572583013,0.487161696,0.453310166,0.549191372,0.600726438,0.396900468,0.496547385,0.475405834,0.494312924,0.303962775,0.769757788,0.308682026,0.402441814,0.603902813,0.47957246,0.514992998,0.564940178,0.439433403,0.360084824,0.586617275,0.500972502,0.633075699,0.220988682,0.509283272,child,7
-0.329135585,0.681254793,2.138615515,-0.351315569,0.497673968,2.194160103,-0.425197916,0.352186037,2.093400118,-0.220627468,0.424794228,2.379144059,-0.460675081,0.112434741,2.064218603,-0.120398878,0.251726249,2.468209765,-0.367756862,-0.140622762,2.109449868,0.08186058,0.211407634,2.379458397,-0.323764118,-0.22974174,2.131887412,0.156442471,0.215509735,2.350552985,-0.297334187,0.152941926,2.238552941,-0.286680637,0.084091421,2.250770574,-0.327658719,0.002988097,2.195400706,-0.223417084,0.020050035,2.321624324,-0.383513634,-0.480364729,2.319664926,-0.267273696,-0.478023782,2.516948059,-0.402769387,-0.854514062,2.306136426,-0.270007494,-0.849580091,2.595933985,-0.330528347,-0.902630931,2.25837525,-0.185295659,-0.913458729,2.637351838,0.003389824,0.004171936,0.004408217,0.002322157,0.001760393,0.002081861,0.003572167,0.001312294,0.001529342,0.008735491,0.006285138,0.009286056,0.004431675,0.001630562,0.001931217,0.007131067,0.038590077,0.055855607,0.004571951,0.001428795,0.001175571,0.039999397,0.063105917,0.149514488,0.008187206,0.00777959,0.004438136,0.054620355,0.079887669,0.16749334,0.001315359,0.001289255,0.001758296,0.001394176,0.00148367,0.002222045,0.003585118,0.001138127,0.002381506,0.002520101,0.002273391,0.003076535,0.002112357,0.003494006,0.005727805,0.002831618,0.007230573,0.004900837,3.23686E-4,6.5956E-4,4.30215E-4,9.80856E-4,0.001320007,0.001457143,0.00202715,7.74596E-4,0.003191244,0.002237186,0.001855892,0.004906378,0.126752202,-0.078503069,0.017307966,0.22416788,-0.103885607,-0.002019807,-0.148278687,-0.052245174,-0.020578764,0.250231941,-0.122374286,-0.033191969,-0.168651031,0.003805853,-0.076343408,-0.006548628,-5.06406E-4,-0.297480861,-0.04782559,0.063895067,-0.165211448,-0.066985041,0.005614335,-0.296758937,1.65673E-4,-0.008430587,0.090442073,-0.049290422,-0.003880396,-0.303341311,0.239734986,-0.056582185,-0.266794936,0.154240878,0.026807615,-0.305073417,-0.207154298,-1.14448E-4,-0.233165662,0.370844224,-0.086419886,-0.280415202,0.01801357,0.054850525,-0.056427166,0.155419705,0.175194892,-0.150154358,0.127191874,0.015220747,-0.086961644,-0.016771095,-0.109981191,-0.076573129,-0.080895182,-0.034301298,-0.246896452,0.015680953,-0.053857047,-0.002223798,0.516290145,0.67331249,0.347851048,0.40987562,0.398681648,0.545970105,0.65413527,0.461040572,0.399173289,0.393454958,0.346289134,0.560966035,0.612671863,0.502564731,0.397758406,0.362283144,0.585613277,0.406944402,0.73738825,0.460009699,0.289702362,0.409048426,0.632724838,0.342101424,0.553017456,0.597430993,0.390926244,0.424189688,0.664631037,0.295079298,0.498000901,0.610607112,0.281215977,0.467842609,0.641616992,0.265266916,0.587971267,0.516202712,0.330900623,0.411444398,0.573021045,0.300553223,0.330703445,0.507045351,0.551710503,0.348531484,0.741258158,0.32611648,0.476423811,0.603271658,0.425531156,0.512544007,0.592838545,0.416204244,0.452228198,0.429004882,0.482155524,0.415389186,0.462993056,0.545417458,child,7
