0.026525731,0.646146217,2.302935245,0.037046447,0.46774411,2.335739673,-0.149246564,0.389770405,2.351584276,0.214985109,0.403681513,2.338197571,-0.337151146,0.434630206,2.285168378,0.398461708,0.479281913,2.254993592,-0.347785363,0.617125285,2.161153878,0.39863677,0.648353726,2.130367316,-0.343763288,0.682694067,2.138007235,0.390448716,0.710414926,2.101793367,0.051298406,0.133790396,2.348897582,0.052876563,0.069476732,2.320600531,-0.024587468,-0.016397721,2.31115451,0.136946614,-0.007894657,2.318300102,-0.057597078,-0.509505112,2.457633592,0.145470303,-0.511044588,2.465352663,-0.057010461,-0.869376026,2.529742163,0.145218343,-0.865727331,2.554511357,-0.087265812,-0.932672526,2.494800582,0.185179619,-0.930607653,2.532718071,0.002022431,0.004077291,0.006556839,0.003511253,0.004273611,0.00398644,0.002352944,0.015002019,0.005810297,0.003600771,0.016869369,0.006225617,0.016068646,0.07983904,0.042099187,0.024631204,0.076560316,0.035691103,0.026995421,0.075754095,0.025950452,0.014024207,0.07938825,0.036491331,0.040106895,0.081670462,0.02853151,0.027298941,0.080078034,0.041268204,0.00255458,0.009022939,0.002961294,0.002348566,0.010430932,0.002321785,0.002209728,0.010631183,0.002240049,0.002343514,0.010711349,0.002548491,0.001090375,0.00207607,0.002643542,7.28949E-4,0.003080189,0.001677012,9.02782E-4,0.00289834,0.001241776,0.001503816,0.001993793,0.001626467,0.001309855,0.001930805,0.001190734,0.001257146,9.67219E-4,0.00155525,-0.016458275,0.089572302,0.061244594,0.040835636,0.07149835,0.011639666,-0.020410935,-0.016394964,0.063081963,0.028483134,-0.054977379,0.014217603,-0.002244532,-0.039766643,0.033472111,0.064796461,-0.093153883,0.060456575,0.011874257,-0.034082565,0.01337867,0.004971306,-0.116560454,0.091298748,0.039930722,-0.048046685,0.039634958,-0.031136524,-0.060905322,0.087934028,-0.073441513,-0.08103106,0.012123034,-0.067471761,-0.061575376,0.03466293,-0.063341625,-0.031867054,0.062331956,-0.049465947,-0.025051812,-0.0228345,0.038973031,-0.08517664,0.077660514,0.007100186,0.004477989,0.082557495,-0.001667785,-0.00684112,-0.025782896,0.049571544,0.003652989,0.04955316,-0.068369129,-0.091774702,-0.01874936,-0.095532746,-0.002234983,-0.099087635,0.286758767,0.54717842,0.544103479,0.436719285,0.621441491,0.450363325,0.187738154,0.829094047,0.35938488,0.367750333,0.777419958,0.350561585,0.260547587,0.719442662,0.447404341,0.420465196,0.713556232,0.376392692,0.381875174,0.799940183,0.318025204,0.225410519,0.749178052,0.416544658,0.434858191,0.787867747,0.293884378,0.371833153,0.699400252,0.413472321,0.308432111,0.824181812,0.318515891,0.307321624,0.893606654,0.207187707,0.311846402,0.885619223,0.218163904,0.340933812,0.875886564,0.225962205,0.495831731,0.616804405,0.413728696,0.368114549,0.686102042,0.429885558,0.385731803,0.695006098,0.422181777,0.432567763,0.533913158,0.505002365,0.464353845,0.621395266,0.432430267,0.513679403,0.443485806,0.500039865,dance,11
-0.406400931,0.522190926,2.284117765,-0.425027278,0.348311926,2.337501074,-0.580212674,0.290161524,2.321170015,-0.266819168,0.283936637,2.343711868,-0.676306688,0.425575807,2.164480735,-0.148465578,0.417402981,2.188315294,-0.597923038,0.601213471,2.092411838,-0.197415668,0.603037641,2.101663735,-0.555373625,0.666860584,2.083235162,-0.227462407,0.673210453,2.081044559,-0.4127195,0.036396365,2.350503721,-0.407114474,-0.021799381,2.313902,-0.476968135,-0.092822482,2.293076779,-0.330288522,-0.093256245,2.320309574,-0.536902456,-0.519114766,2.387822868,-0.312573538,-0.519715982,2.424625206,-0.587496496,-0.866883225,2.447278059,-0.278396763,-0.870315726,2.472029441,-0.582891149,-0.914058709,2.370084,-0.229653201,-0.945926056,2.45688375,0.001644418,0.002532004,0.002228771,0.002185303,0.002081082,0.003012788,0.002264931,0.007433717,0.001716424,0.001766738,0.007701568,0.004035623,0.016398671,0.031090148,0.004387329,0.014484515,0.04160338,0.010521277,0.008400691,0.045564726,0.016357667,0.009777179,0.053764142,0.019497068,0.012762683,0.04584456,0.022333599,0.017783808,0.046692387,0.020726122,0.00105078,0.003179765,0.002660955,7.20111E-4,0.003034008,0.001557526,7.30472E-4,0.003230705,0.001984004,0.00112765,0.003541894,0.002046442,0.001181827,0.002670725,0.001777453,0.001599403,0.002847718,0.001586179,6.12469E-4,0.001061252,9.52841E-4,4.50709E-4,7.73592E-4,4.99033E-4,0.001088695,0.001064776,0.001008306,0.001683877,0.001434231,0.002060974,-0.07339799,0.107703357,-0.032534734,-0.036610907,0.023263797,-0.003388547,0.013905855,-0.017773503,0.033626061,-0.080798731,0.003355435,0.029666736,0.03214665,-0.018039374,0.009000976,-0.039847778,-0.08886169,-0.004204639,0.034611731,0.02100107,-0.04177741,-0.016194046,-0.029347802,7.20517E-4,0.022305058,0.001153603,-0.013105448,-0.035462592,0.006232218,0.024780996,-0.009768992,0.147274261,-0.017450491,-0.075285131,0.10112114,0.173651558,-0.045081073,0.167811359,0.18754159,-0.034097758,0.116134328,0.122818848,-0.057613331,0.148869054,-0.012391858,0.084437655,-0.051869904,0.066080838,-0.054432149,-0.117771981,-0.006345999,0.065797143,-0.063816558,-0.096098617,-0.005533958,-0.116583321,0.002595689,0.170747763,-0.105595893,0.01604913,0.531284408,0.493516742,0.468968706,0.528008727,0.496986909,0.47820104,0.443653106,0.8200747,0.237604701,0.363042875,0.789842477,0.332415069,0.516851975,0.756757138,0.268061313,0.390055663,0.773433534,0.335462433,0.207390122,0.794163241,0.391255944,0.265460124,0.775032273,0.395467547,0.216433327,0.740255783,0.441246922,0.358900879,0.732755196,0.397977572,0.292452573,0.59210528,0.512946896,0.439728791,0.734477149,0.295733083,0.396829064,0.690032074,0.353142931,0.470944888,0.72383604,0.311335199,0.391178411,0.649677985,0.438063514,0.397167674,0.748002154,0.352841867,0.30323431,0.720809344,0.422132316,0.431214113,0.569823647,0.472841015,0.475991798,0.664647212,0.389172987,0.582890164,0.462788788,0.441424128,dance,11
-0.4620655,0.714341835,2.322441588,-0.465200168,0.539643307,2.3918378,-0.639219674,0.457004622,2.392070188,-0.287159906,0.480086712,2.422568741,-0.850233495,0.463316121,2.332829306,-0.055642304,0.523301722,2.359055388,-0.802918689,0.676493312,2.196947988,-0.123273999,0.710943546,2.213835906,-0.771169808,0.734994519,2.171240212,-0.165475155,0.765077864,2.166813976,-0.438883311,0.211237734,2.408123671,-0.433629427,0.145526415,2.414831835,-0.506043318,0.061375954,2.403528341,-0.348426809,0.069153971,2.429941447,-0.524409329,-0.455028418,2.517370024,-0.313351132,-0.475283413,2.552981565,-0.550416391,-0.852045027,2.603514165,-0.276849413,-0.862182354,2.632704459,-0.602937309,-0.930567779,2.613186847,-0.218574069,-0.946291055,2.604768176,0.007867436,0.004666181,0.015583364,0.008787721,0.001588256,0.012793841,0.007276857,0.00420231,0.011294069,0.009651928,0.005718789,0.01672917,0.007627092,0.039096505,0.019390127,0.016492682,0.038792277,0.026959142,0.014432363,0.062577307,0.023179861,0.015374062,0.044519224,0.029527742,0.00911678,0.050140847,0.024272474,0.016729088,0.049376943,0.032006788,0.00568146,0.002238805,0.01171819,0.005106847,0.002544918,0.011550223,0.004080615,0.001989184,0.010696647,0.004728575,0.003032607,0.01176153,0.001593002,0.003923283,0.009020208,0.004234194,0.002720763,0.006443607,5.60064E-4,0.00136619,0.001930474,0.001767258,0.001730586,0.001591124,0.003563937,0.00254139,0.003961844,0.001645263,0.002032658,0.005770524,-0.033585205,-0.054430517,-0.120239799,0.071032287,-0.026100351,-0.365261313,0.012043009,0.041250746,-0.232102558,0.023126514,-0.076630429,-0.250928632,0.022692486,-0.080037131,-2.39652E-4,0.025986635,-0.173050601,0.04401951,0.059364978,-0.090716209,-0.106661674,-0.028592139,-0.128940235,-0.092658186,-0.001679752,-0.088501001,-0.017897869,0.038817576,-0.109493401,-0.058636588,0.043534778,0.017910462,-0.347553598,0.045252015,0.015158587,-0.31777109,0.018802938,0.021116292,-0.300985639,0.053412555,-0.014654623,-0.32292548,0.051421527,-0.166341721,-0.200945368,0.088101893,-0.078280582,-0.159169485,-0.026333563,0.040841596,-0.116532765,-0.001462241,-0.084143142,-0.061687933,-0.05154035,-0.00903409,-0.121015544,-0.037668463,-0.033428053,-0.015113354,0.465659199,0.673443331,0.377049092,0.5576093,0.385099358,0.355712229,0.397654901,0.755178414,0.272742448,0.361801041,0.749034822,0.284806268,0.177834961,0.833344727,0.357073614,0.25487131,0.847794737,0.291094492,0.268363092,0.858450338,0.26853459,0.284459441,0.798143578,0.342869251,0.240246011,0.870903107,0.285769181,0.246722498,0.84372455,0.312039659,0.360418203,0.693761838,0.255130342,0.322174365,0.739494725,0.255715316,0.329842094,0.718123698,0.299538938,0.348948276,0.690666484,0.295940331,0.291095365,0.670824416,0.412891767,0.304643363,0.76988047,0.344415092,0.35034866,0.694692552,0.420047977,0.418393046,0.490344263,0.528080049,0.488608132,0.425739956,0.517539368,0.359081603,0.280989345,0.623366594,dance,11
-0.414684738,0.519222791,2.284655637,-0.428725579,0.347587302,2.34350789,-0.580157634,0.294415949,2.323844176,-0.272948245,0.293834633,2.353455319,-0.668234996,0.433269716,2.152788571,-0.151202714,0.433475445,2.201868473,-0.613202679,0.612636991,2.05697411,-0.203638705,0.620512427,2.087061407,-0.581366202,0.679432614,2.037730473,-0.228578193,0.683604334,2.063548978,-0.415395801,0.036957417,2.357124088,-0.408520754,-0.020441028,2.319425363,-0.476501905,-0.090824262,2.298134802,-0.332847555,-0.090064765,2.326854626,-0.538124321,-0.51713248,2.389326549,-0.311828932,-0.52098016,2.429707121,-0.588199789,-0.867146457,2.448575198,-0.278606009,-0.869786082,2.473560275,-0.581663435,-0.914305565,2.37161433,-0.230285066,-0.94522168,2.456039176,0.004064315,0.003111335,0.006895193,0.001792135,0.002863116,0.003275181,0.004094486,0.006341045,0.004491894,0.001336737,0.007105938,0.004256901,0.012005683,0.022857692,0.008744862,0.008735106,0.022046528,0.015790749,0.026907243,0.035333855,0.022950188,0.028732532,0.03965192,0.018127775,0.037619466,0.033255691,0.029843022,0.0345984,0.031928178,0.019133373,7.49969E-4,0.003109648,0.003493163,0.001300665,0.003670556,0.002063574,0.001724004,0.004184584,0.002632766,0.001620379,0.004035857,0.001731596,0.001092059,0.003585965,0.00154186,0.001789189,0.003187076,0.002682369,4.02508E-4,0.001153862,6.70869E-4,4.74867E-4,5.09938E-4,7.39117E-4,0.001469576,0.001151751,7.69682E-4,0.00139581,0.00101216,8.10896E-4,0.114551182,-0.009313864,0.166429865,0.028823971,0.025617508,-0.044504318,0.05635111,-0.076618018,-0.075740515,0.028153528,0.005516883,-0.015824422,0.006552425,-0.027046805,0.007858875,-0.01622435,-0.055538226,-0.015523755,0.028668339,0.005079269,0.004635041,-0.02433048,-0.030274678,0.026900709,0.024893425,0.006959538,0.051447501,-0.017416003,-0.029439024,0.047453629,-0.003694252,-0.062835776,-0.115688009,0.024515148,-0.015643004,-0.099740804,0.006962403,0.005494802,-0.102415937,0.012074362,-0.018725831,-0.064337715,0.021085891,0.100566538,-0.118605739,0.010330341,-0.02031656,-0.041951101,0.037170945,-0.012792656,0.068945058,-9.54E-5,0.064542909,0.028030979,0.073313902,-0.018501111,0.065851168,0.178052507,-0.030347261,-0.002693305,0.494999216,0.554959925,0.428086049,0.524514044,0.492583109,0.482507463,0.411989229,0.773071227,0.316834053,0.292260858,0.799653748,0.36241397,0.485393666,0.782523157,0.264604819,0.404038819,0.773807058,0.333910099,0.33431762,0.783552124,0.362123011,0.437962661,0.770628996,0.316401549,0.407853289,0.703194576,0.401269186,0.491149799,0.712366084,0.342387659,0.27889074,0.688064743,0.450890731,0.339688288,0.827376511,0.289807043,0.383741442,0.796025301,0.305519585,0.371544677,0.831506786,0.274378639,0.34780828,0.700673914,0.411005808,0.392041206,0.767635273,0.347738781,0.290947769,0.731042421,0.423462093,0.449032045,0.591910082,0.464273923,0.477520331,0.662840469,0.391762603,0.644304231,0.444245279,0.414370772,dance,11
0.154042224,0.64340425,2.347244259,0.163930913,0.45427403,2.3901405,-0.016853724,0.394733215,2.419530778,0.338789591,0.393225028,2.392471407,-0.223259013,0.471856578,2.396034537,0.551751687,0.460882526,2.356554759,-0.2640631,0.64790737,2.273917796,0.569713456,0.647110819,2.252753241,-0.258887244,0.724759626,2.239468926,0.557684852,0.728050519,2.221741037,0.154793385,0.129286161,2.400571759,0.151335704,0.065304284,2.384415352,0.070688775,-0.013590623,2.385501963,0.226753652,-0.015843293,2.375641722,0.021329123,-0.497164887,2.517257963,0.284669622,-0.511054465,2.499217556,-0.01124168,-0.862465096,2.612136667,0.320791383,-0.870437063,2.564672648,-0.07433798,-0.928183487,2.565046333,0.371649394,-0.940955863,2.517150889,0.002573187,0.002521669,0.00907442,0.003185331,0.001349399,0.005909559,0.003493867,0.006866128,0.005465879,0.003971542,0.007460107,0.004310877,0.007987366,0.061186509,0.024568852,0.00661671,0.063927675,0.018387691,0.012923361,0.068261917,0.01494385,0.007600519,0.062490817,0.024769851,0.020522318,0.071596031,0.010226115,0.014311272,0.067454351,0.028497609,0.001687462,0.00529315,0.006788801,0.00126696,0.006398308,0.005249964,0.001260379,0.004877465,0.005486962,0.001467805,0.004483087,0.004442419,0.001627967,0.006952822,0.003134669,0.001157884,0.00212249,0.002120735,6.30682E-4,0.001626634,9.69892E-4,5.1853E-4,7.76356E-4,4.37689E-4,0.005176914,0.003697173,0.002473139,0.002839063,0.001401385,0.002239292,-0.165555736,-0.096756667,-0.198129655,-0.100696886,-0.033073068,-0.225456261,0.048567634,-0.065463815,-0.160124985,-0.043447942,0.010868311,-0.092420075,-0.021404648,-0.039339872,0.040129886,-0.027488916,-0.046971726,0.056075715,-0.009755982,0.012865039,-0.018826613,0.018353755,-0.04369669,-0.024547079,0.026602997,-0.062254614,-0.043805079,9.87665E-4,-0.035616171,-0.011370294,-0.032611534,0.027211711,-0.150948339,-0.015407139,0.014409727,-0.090796905,0.009118725,-0.004860049,-0.08294753,0.003522742,0.033635355,-0.051302916,0.029230484,-0.109305689,0.049232746,-0.081604089,-0.098383661,0.010548871,-0.002217382,0.028520213,-0.077228144,0.004393617,-0.003124138,0.098041573,3.41414E-4,-0.001670433,0.036102752,-0.098724428,0.05420146,0.111825251,0.441341839,0.306292469,0.536226625,0.48719079,0.354595134,0.50150507,0.431353532,0.732594344,0.315717019,0.426597055,0.813788233,0.242329104,0.311109987,0.776092521,0.371952843,0.243880415,0.858191166,0.296426079,0.244278417,0.883900871,0.26381008,0.165040488,0.814972725,0.378283406,0.330870534,0.887898629,0.193278006,0.215503233,0.802785518,0.379913779,0.251201198,0.735255143,0.405685378,0.212106816,0.753151881,0.419316317,0.218878693,0.643974072,0.502191489,0.272844714,0.69256429,0.458537848,0.191586277,0.723523969,0.448863533,0.441442486,0.523580804,0.497619405,0.306024192,0.513911784,0.552444003,0.450048189,0.555360218,0.474629906,0.655046888,0.402606369,0.440053859,0.572237,0.3521133,0.495624768,dance,11
-0.439307825,0.706316572,2.295574295,-0.453875997,0.535553585,2.374266836,-0.628970266,0.461243507,2.376868328,-0.272824372,0.477999123,2.410930426,-0.849587977,0.492270034,2.321305852,-0.035808701,0.526167085,2.357705459,-0.797775415,0.69103372,2.175910361,-0.092886008,0.709972256,2.206582885,-0.760800734,0.749915438,2.142382295,-0.129777557,0.76101959,2.154347656,-0.432635185,0.210553136,2.395286672,-0.428394233,0.145599826,2.402803098,-0.502777926,0.061532973,2.391412541,-0.343472508,0.067131105,2.420384115,-0.522391415,-0.451853731,2.510880082,-0.314220523,-0.474516559,2.550959164,-0.550816213,-0.850861339,2.602610902,-0.27589769,-0.863570585,2.634590213,-0.603965426,-0.931283852,2.613404,-0.218296667,-0.946641741,2.604198426,0.004829432,0.004281723,0.006599106,0.002889677,9.32605E-4,0.005437619,0.002983516,0.004092232,0.004955129,0.002482407,0.004174786,0.004569094,0.011273364,0.049528253,0.021166851,0.015354681,0.044505968,0.01968771,0.01653158,0.060999341,0.029183954,0.012064384,0.043120592,0.018787597,0.009441881,0.053751016,0.025994975,0.01561869,0.051110925,0.024618036,0.002030964,0.001804153,0.002623656,0.001969158,0.002344468,0.002153174,0.001698125,0.001838588,0.001520727,0.00187854,0.001926418,0.001991823,0.001160521,0.001243524,0.001829297,0.001628587,0.002168762,0.003348626,3.06854E-4,0.001797963,7.70363E-4,6.63452E-4,0.001442642,0.001748203,0.002525851,0.001317581,0.003395594,0.001635696,0.001522011,0.004622779,-0.10745205,0.101069587,-0.010646246,0.017433037,0.063455407,0.021573514,-0.022339333,-0.097023305,-0.012309617,-0.048980675,-0.120996035,0.029287251,-0.022650976,-0.132654168,0.087177864,1.74585E-4,-0.161550221,0.105023314,0.071044558,-0.189281607,-0.052130476,-0.030113875,-0.155879501,0.050462057,0.027791278,-0.168620681,-0.001110816,0.011773834,-0.191696792,0.059764511,0.02849794,-0.078854133,0.03120944,0.028993544,-0.110494974,0.034802237,0.018507513,-0.127170279,0.036926529,-0.002539334,-0.123314804,0.04855606,0.083411365,-0.22324714,0.254076044,-0.040081944,-0.202752206,0.212856001,0.095540831,0.076101078,0.068668946,-0.001356404,-0.155519078,0.152063484,-0.047970054,-0.025775648,-0.101275862,-0.034139945,0.001651727,-0.124487078,0.383335381,0.653360294,0.439973576,0.449815238,0.388491328,0.55889402,0.323107849,0.748606952,0.392515224,0.290133087,0.795786325,0.351292642,0.273043501,0.791880413,0.352023201,0.327525794,0.783320306,0.326732728,0.311778544,0.744930743,0.376910996,0.267358464,0.788467152,0.360117525,0.241726904,0.779384651,0.379319423,0.287054465,0.764114341,0.368984168,0.292554479,0.758477715,0.395808644,0.262427375,0.813963894,0.343655322,0.280014675,0.779766391,0.372375379,0.315418117,0.790238446,0.345765406,0.418956128,0.602610792,0.357536629,0.291965254,0.762809127,0.300548925,0.376692874,0.722263519,0.384067123,0.333447326,0.582641788,0.480138637,0.468748855,0.33486872,0.560178702,0.410753513,0.357954505,0.571745175,dance,11
-0.281914477,0.68053775,2.412940043,-0.273801046,0.493647311,2.473436643,-0.444446933,0.398727823,2.458764514,-0.103574072,0.426512307,2.480976243,-0.590792477,0.47492565,2.301254943,0.065779621,0.539627603,2.3534974,-0.544203986,0.668873723,2.219894514,0.019635346,0.709557643,2.261243643,-0.51148282,0.733918609,2.212742171,-0.005187773,0.764071257,2.249902957,-0.261087401,0.165351304,2.484528514,-0.256879853,0.101407158,2.4629522,-0.329323037,0.021750075,2.453048886,-0.177689869,0.027168404,2.463994886,-0.363574921,-0.467498576,2.574690971,-0.14959656,-0.491631444,2.576555729,-0.363903466,-0.856504333,2.631323914,-0.137935911,-0.883614884,2.625230429,-0.397337583,-0.935738164,2.5960342,-0.118016483,-0.945804229,2.571942629,0.003643748,0.001449616,0.007374731,0.002622769,0.002205597,0.007615787,0.00562083,0.014925642,0.00820867,0.00440975,0.012005548,0.00704475,0.03079422,0.083387223,0.0201379,0.035934755,0.068839303,0.020450248,0.027996412,0.096583337,0.051637007,0.053792781,0.087630306,0.05268308,0.043472425,0.114910106,0.075246676,0.069966626,0.111573957,0.067188677,0.001864727,0.004591255,0.007967362,0.001882997,0.005347802,0.005551832,0.003061663,0.007450722,0.005552776,0.001831316,0.007439471,0.005182788,7.42384E-4,0.004975648,0.002541864,0.00104696,0.005302726,0.001892821,5.11459E-4,9.13778E-4,0.001017935,6.54451E-4,0.002170649,9.40179E-4,0.001510348,0.002046195,0.001879032,4.47576E-4,0.001680317,0.001474326,0.114744311,-0.097770314,-0.082401147,0.095810292,-0.038678908,-0.236984191,0.039358754,4.64787E-4,-0.14369269,0.080689322,0.014454296,-0.151891531,-0.007206568,-0.039741357,-0.091120815,0.086290123,-0.021197928,-0.06661231,0.025919831,-0.076871185,-0.084971068,0.007079994,-0.133125544,-0.06026005,0.071516073,-0.047947283,-0.041693202,-0.078041271,-0.050650378,-0.042087095,0.024671594,0.098080447,-0.231723589,0.02401646,0.057643498,-0.116658177,0.034779983,0.035756382,-0.062308927,0.018897503,0.026885418,-0.067903098,-0.003875025,-0.183983024,-0.028864139,0.027023639,-0.101290169,0.08234093,0.122658286,0.074168525,-0.009998908,0.012250805,-0.089633704,-0.025690097,0.054756095,0.036572016,0.018035775,0.049967782,-0.044361045,-0.01838419,0.438909828,0.458564822,0.522375517,0.386244927,0.596425239,0.421792464,0.326370069,0.828949842,0.272366062,0.336741734,0.839783758,0.23795757,0.445370171,0.784924918,0.276173773,0.519138649,0.768627902,0.232594799,0.412654831,0.716830296,0.374200299,0.450734797,0.667723782,0.394393476,0.484457418,0.631398644,0.412974602,0.574910527,0.604306509,0.372440221,0.21343792,0.759587131,0.349037352,0.257719926,0.808240226,0.342247437,0.388070618,0.781839623,0.326522343,0.24525195,0.816968526,0.351760041,0.343915139,0.777886373,0.336211559,0.22052711,0.856620276,0.298471868,0.309867886,0.62408123,0.489369549,0.281184877,0.769392023,0.390407633,0.435098845,0.443075775,0.54535379,0.232065277,0.6264991,0.516689796,dance,11
0.09232673,0.699496014,2.396880662,0.097029411,0.518606117,2.446027246,-0.084981491,0.441319983,2.451466477,0.26130582,0.433895445,2.422448431,-0.28622288,0.459163555,2.309330585,0.426193932,0.453808858,2.248609431,-0.298462326,0.638560425,2.1829466,0.411435549,0.639358062,2.118195569,-0.284380302,0.723224274,2.151337262,0.380830883,0.728208097,2.096450169,0.095288085,0.170885363,2.462527308,0.090387967,0.1074935,2.413962969,0.010334105,0.02902307,2.409875708,0.167996992,0.03082206,2.401042092,-0.017013461,-0.460037055,2.523560123,0.203681523,-0.465673212,2.506983077,-0.011923697,-0.827277491,2.591521662,0.212255202,-0.846710511,2.589059231,-0.07208615,-0.91209176,2.559398431,0.271586797,-0.921118169,2.555310815,0.002103742,0.001647548,0.004238428,0.001233586,9.27306E-4,0.005969041,7.11955E-4,0.005670384,0.002961861,0.001031023,0.003035121,0.002427276,0.013212575,0.04797217,0.020697069,0.005300462,0.040999992,0.022609478,0.027371001,0.043720316,0.050488047,0.010505885,0.044655257,0.051669281,0.045625913,0.040108141,0.069022798,0.021990609,0.037625041,0.072480583,4.12266E-4,7.22284E-4,0.003832344,4.57129E-4,0.001512897,0.001271582,7.17184E-4,0.002178755,9.92593E-4,5.0881E-4,0.001702152,0.001164842,3.88105E-4,0.0012026,8.03735E-4,5.1696E-4,0.002516697,0.001284812,3.53173E-4,0.0012284,0.001044313,3.99152E-4,0.001869722,0.001421641,8.8122E-4,9.96847E-4,0.001528391,0.001601806,0.001097218,0.002432221,-0.073273381,-0.043830612,0.158035488,0.013669677,-0.014057813,0.117429024,0.014899045,0.29740276,0.101643331,-0.029940679,0.065082944,0.124916059,-0.001698489,0.098469299,-0.107941774,-0.109694914,0.052523489,-0.001974735,-0.111620896,0.033323085,-0.054059179,0.047365279,0.073819668,-0.146790478,-0.06611963,0.037349816,-0.022419478,0.030107266,0.081653644,-0.119628152,0.03158202,0.029799794,0.095065498,-0.080101849,0.010354692,-0.041256811,-0.020315342,0.02703592,-0.047359405,-0.099795965,0.085342001,-0.031683378,0.034112274,0.010868868,-0.045047199,0.025542384,-0.210832053,0.114697826,-0.004803588,0.018120588,-0.063813034,0.002165127,0.027404168,-0.023234828,-0.044822475,0.024430981,0.104851385,0.062544521,-0.048947283,0.06311054,0.332604336,0.347516127,0.589426404,0.341675543,0.296589443,0.612889452,0.314474007,0.739706585,0.337100742,0.263219645,0.731900095,0.413826398,0.373794827,0.708197325,0.393440835,0.368235489,0.766670732,0.350687098,0.409861532,0.499786334,0.522916988,0.208078389,0.55974686,0.536740429,0.487187375,0.454063495,0.516706837,0.230785985,0.488650384,0.57252621,0.219564001,0.319633894,0.637859151,0.307661885,0.744086286,0.403715164,0.306637029,0.732287067,0.417364914,0.281847816,0.704348336,0.441179828,0.425525217,0.70263688,0.389987809,0.32329457,0.718208979,0.381773423,0.332119043,0.743623625,0.39526413,0.210530855,0.652742236,0.506021375,0.437076371,0.449217668,0.532242851,0.478076471,0.420398195,0.531312849,dance,11
-0.40964059,0.524135126,2.281689514,-0.424375701,0.351485349,2.329770057,-0.579816421,0.301645839,2.319869114,-0.271392443,0.294756999,2.340177071,-0.668794413,0.451722537,2.168044714,-0.163938764,0.453037447,2.185208257,-0.590198953,0.654096183,2.096613243,-0.231676736,0.657517766,2.096878157,-0.553909537,0.71572971,2.086190529,-0.256282233,0.71692931,2.079279486,-0.41322365,0.045530153,2.341608443,-0.408631081,-0.013197169,2.3155728,-0.478643671,-0.082681643,2.296878714,-0.332125321,-0.083884544,2.323953657,-0.537962764,-0.513009876,2.387751329,-0.314764826,-0.516152656,2.4279433,-0.587552716,-0.865834941,2.446587,-0.278773751,-0.870575689,2.471915843,-0.583440467,-0.913130057,2.369342371,-0.229358713,-0.945492083,2.4554813,0.005515517,0.003333193,0.003968941,0.003299296,0.00225663,0.002302566,0.003369989,0.004256647,0.002129003,0.006054568,0.007458672,0.00287605,0.014457877,0.0223774,0.004942131,0.016508526,0.031686081,0.007099321,0.01231913,0.046694263,0.018398658,0.022057015,0.04301447,0.015511195,0.016912371,0.044134197,0.023023771,0.02547797,0.036836926,0.017226802,0.002314247,0.001106819,0.001834978,0.002104462,0.001488888,5.88707E-4,0.001962255,0.00182266,9.63424E-4,0.002321803,0.002750551,7.41412E-4,0.001328232,0.004226029,0.002419088,0.001766018,0.002849612,0.00133397,3.31933E-4,8.14556E-4,7.4598E-4,5.69628E-4,6.15373E-4,4.60077E-4,7.15677E-4,8.08218E-4,7.72692E-4,0.001390568,0.001042148,9.45505E-4,-0.120860463,-0.135696411,-0.133752303,0.026624386,8.25012E-4,-0.090732893,-0.057557752,0.024697578,-0.062063111,-0.037417783,0.101866723,0.023424949,-0.024096599,-0.046890261,-0.011353822,-0.08173071,0.122287154,-0.05221142,-0.042292868,-0.007467497,0.00279175,-0.030915405,-0.006867762,0.04219225,-0.057020541,0.00573212,-0.00618951,-0.020291431,0.031058494,0.01701976,-0.135790546,0.050993148,-0.201935533,-0.161009829,0.086434767,-0.10464195,-0.096925498,0.126886962,-0.043270689,-0.092176074,0.187571822,-0.062678746,-0.017007986,0.040270742,-0.062274384,0.044847828,-0.036158283,-0.017319514,0.030980167,0.125289283,-0.002893156,-0.05755261,0.092843581,0.040935027,0.046631957,0.104785181,-0.009490432,0.069071504,-0.006354402,0.067026689,0.586915008,0.490062008,0.406866084,0.50766412,0.479565608,0.490090735,0.429800481,0.750669265,0.335767347,0.381799322,0.816021282,0.283535563,0.566704236,0.75212227,0.21861435,0.345862608,0.814553362,0.295728295,0.338984837,0.730976863,0.408890179,0.514778374,0.691400234,0.344852688,0.349319314,0.69859546,0.431299269,0.523168262,0.655529564,0.374231978,0.294214587,0.586363862,0.4748896,0.40341596,0.767780255,0.297640642,0.468963383,0.719044574,0.330826368,0.376640146,0.812152051,0.256685327,0.35095258,0.713698936,0.414225817,0.490524555,0.64589128,0.402331883,0.321657243,0.749755838,0.389226464,0.450618177,0.63178169,0.428834066,0.431530551,0.716084824,0.369447756,0.650148018,0.490627755,0.392493856,dance,11
0.037665987,0.641857057,2.299416356,0.036408919,0.460417774,2.336258149,-0.149767936,0.375782978,2.352127184,0.211522151,0.393308418,2.330062839,-0.338891784,0.379230832,2.28515177,0.378393292,0.440557418,2.218896241,-0.350126961,0.523867916,2.119821437,0.36918657,0.584343721,2.06181754,-0.344648792,0.586418357,2.078481092,0.359699906,0.641099053,2.031045805,0.051833446,0.124855016,2.349719195,0.052475814,0.060668449,2.317489471,-0.024860318,-0.024864013,2.308816391,0.136415839,-0.015768724,2.313237299,-0.057111035,-0.509568441,2.455552989,0.14536773,-0.513772656,2.46182992,-0.056909651,-0.866796438,2.529713023,0.144892238,-0.865242397,2.555085011,-0.086055677,-0.931524406,2.494970299,0.184489818,-0.929231049,2.532499632,0.003592404,0.002853699,0.006253513,0.001806686,0.002512434,0.002914705,0.002280806,0.015066385,0.00742024,0.002974753,0.014116522,0.006811209,0.011088767,0.076203363,0.043281076,0.019969178,0.081815917,0.035208727,0.011072939,0.106425253,0.024885529,0.010347545,0.102778132,0.02278658,0.01856168,0.108078533,0.017122839,0.012228495,0.106470863,0.021254289,0.001264441,0.006796168,0.002605637,0.00119697,0.008130113,0.001862022,0.001274962,0.008955371,0.001815251,0.001608675,0.008776587,0.00269492,0.001141117,0.002441088,0.0017111,8.57393E-4,0.003329194,0.001593871,7.66478E-4,0.002601453,9.42898E-4,0.001328662,0.002451618,0.002869048,0.001348267,0.001756464,0.001580119,0.001297331,0.001250321,0.001937907,-0.103810444,-0.063671215,0.026594163,0.031734097,0.113910054,0.040068503,-0.06645261,0.052555025,0.073649129,-0.035750727,0.082085506,-0.014337244,-0.016555956,-0.068445172,0.032987036,0.027385659,-0.031762846,0.006318777,0.024947291,0.015103428,-0.01850403,-0.008885908,-0.074064989,-0.045155131,0.030007972,-0.021950214,0.023499811,-0.026641389,-0.078579474,-0.006548752,-0.057176403,0.05911376,-0.01394397,-0.056511102,0.092532632,-0.036713159,-0.035633,0.083908906,0.007503018,-0.05891781,0.111704847,-0.089750513,-0.004452684,0.030101963,-7.35625E-4,-0.013580925,0.072620125,0.00453168,0.01380743,-0.011502078,0.037746014,-0.032707311,-0.051168732,0.10858866,-0.075368043,-0.027053561,0.063187851,-0.11804952,-0.004696852,-0.078185273,0.395129423,0.518571663,0.522921712,0.420066971,0.681422341,0.406316366,0.183747426,0.786941628,0.398180783,0.270950872,0.771096829,0.394868427,0.244023209,0.734729961,0.436908774,0.297782323,0.791587667,0.368257151,0.211313482,0.905812539,0.246646729,0.196150979,0.898058512,0.258488993,0.255088379,0.923953795,0.183160732,0.247602741,0.910613224,0.213069488,0.256831474,0.848651414,0.312221756,0.25777307,0.879459573,0.258704901,0.277238512,0.883622405,0.247185557,0.306410938,0.832234887,0.291064553,0.501607033,0.663839208,0.384149819,0.370467677,0.763615944,0.362252221,0.342180004,0.702882414,0.432453404,0.328239506,0.607276892,0.492065844,0.483178425,0.565399293,0.458622547,0.504063604,0.489733907,0.483717166,dance,11
0.148498728,0.621767982,2.229218094,0.106625178,0.45393526,2.261693294,-0.015749512,0.342058281,2.184288671,0.297140275,0.449078096,2.414617812,-0.132810136,0.400493495,1.987976047,0.449977874,0.519179212,2.411995529,-0.066051614,0.547757381,1.857713929,0.521480749,0.657609495,2.276595494,-0.035817211,0.608708946,1.8293596,0.533370718,0.707219286,2.242259718,0.135125136,0.148376788,2.271321235,0.143162596,0.087705156,2.273051776,0.075901257,-0.003057765,2.225495282,0.227197889,0.006942625,2.320183835,0.038770549,-0.47675648,2.318358694,0.208197921,-0.478360547,2.484091729,0.027048316,-0.869415269,2.389829941,0.177565776,-0.858623913,2.571752353,0.065163468,-0.927892768,2.359623565,0.220463852,-0.92447544,2.579783682,0.006040029,0.0020454,0.003213427,0.004262175,0.003701663,0.005469811,0.005299182,0.010936769,0.005203385,0.004921178,0.041408082,0.012774813,0.026216812,0.10186863,0.021736959,0.020141757,0.113017997,0.05755841,0.007015269,0.117651849,0.014972253,0.023717478,0.140685666,0.028605544,0.007344388,0.11951084,0.014153269,0.025799746,0.146556694,0.024955778,0.003057428,0.015872594,0.003374437,0.003212349,0.018630554,0.002746544,0.004572612,0.013903535,0.004089007,0.004032278,0.01732203,0.005826867,8.33222E-4,0.005489351,0.001617473,0.002371356,0.008573793,0.003640321,0.002227719,0.003089689,0.002419046,0.002014594,0.005836086,0.002632855,0.010819785,0.014992919,0.030618151,0.006118439,0.005828429,0.014344728,0.03953053,-0.017140345,0.05510166,-0.057760566,0.037062641,0.021476815,-0.100834708,-0.055676589,-0.05712578,-0.004043524,-0.058315442,0.011395587,0.030520543,-0.00509821,-0.040147465,0.0209872,-0.044138169,-0.024984438,0.063618379,0.014818771,-0.11672552,0.002514682,-0.050525222,-0.033871777,0.070510129,-0.022136387,-0.11541187,-0.002945098,-0.042816127,-0.013010576,-0.045287393,-0.031024301,0.018967633,-0.057073446,-0.106167629,0.021490084,-0.019624786,-0.068257696,0.016876453,-0.102261609,-0.070221944,0.027298387,0.005762898,0.120592494,-0.046730901,0.061022794,0.080898162,-0.011161216,0.075366025,-0.056489533,0.073296273,0.020097315,0.049751769,-0.001909456,0.082173084,-0.02217593,0.017299726,-0.045401383,0.025701073,-4.6114E-4,0.636152095,0.493901958,0.407089287,0.479652697,0.526209868,0.487561391,0.58643452,0.69629537,0.263943814,0.336257122,0.754710491,0.388405671,0.389108422,0.819316838,0.283882797,0.354186934,0.688252715,0.4389047,0.150892575,0.877257731,0.286228716,0.330935812,0.833649403,0.298909603,0.207707719,0.873757325,0.272962653,0.238769613,0.883216635,0.272769392,0.348762426,0.814972975,0.315040965,0.373492598,0.852647672,0.230167236,0.446571933,0.736437205,0.346877705,0.433595167,0.788529502,0.283929385,0.320937624,0.775348937,0.363840263,0.338206681,0.774001661,0.363311341,0.4361356,0.636279403,0.431960753,0.351862524,0.757384905,0.379298901,0.391990429,0.530797134,0.521898951,0.544943372,0.401731029,0.513317385,dance,11
0.064843566,0.73692598,2.401507471,0.059662965,0.559888371,2.400345391,-0.014111413,0.394987401,2.30423831,0.246546014,0.487847405,2.602218218,0.03418688,0.436271476,2.071296701,0.446498374,0.553524801,2.601282816,0.160949608,0.633108105,1.981644046,0.503921883,0.734025683,2.481149885,0.188831823,0.702033732,1.973076517,0.493372197,0.818017252,2.433316586,0.125521486,0.1864571,2.431231161,0.150981617,0.11507503,2.427929908,0.100765773,0.033398303,2.374487333,0.232172316,0.0393341,2.484381,0.031183939,-0.496065931,2.462434402,0.203664057,-0.464911013,2.637378161,0.001622322,-0.872632111,2.513173138,0.159538739,-0.829489701,2.707063011,0.030287887,-0.931858351,2.457065276,0.221565399,-0.881017974,2.725384034,0.012165137,0.013831836,0.018891629,0.024526173,0.025787462,0.033020734,0.021310712,0.044286338,0.037277467,0.008723234,0.021007174,0.007104703,0.015771437,0.053603516,0.017230673,0.01459814,0.060614101,0.027005467,0.022783663,0.048152964,0.044239547,0.045507184,0.06562206,0.032907928,0.03328364,0.048015977,0.059879635,0.072341434,0.061369553,0.033424184,0.007638403,0.006977819,0.010771845,0.006646891,0.00917973,0.007192511,0.008988258,0.008829662,0.005240725,0.00496556,0.007532365,0.006534013,0.001187398,0.002360143,0.001047129,0.0011217,0.001284671,0.002853808,8.06881E-4,9.91922E-4,6.19155E-4,9.87661E-4,0.002261813,0.001281439,0.001310276,9.74903E-4,0.002068806,0.006090165,0.004662689,0.012401258,-0.008489175,0.106804625,-0.06233446,-0.045019457,0.051808937,-0.080093559,-0.030362268,0.363313157,-0.039566033,-0.059236107,-0.067795014,-0.090955698,0.019279526,0.20418571,0.124917085,-0.036983381,0.023871001,-0.113585998,-0.047954206,-0.099896916,-0.00473476,0.112518225,-0.028630605,-0.027028102,-0.022117652,-0.104620197,-0.073881853,0.148186563,0.024004451,-0.078679454,0.057074347,-0.050186841,0.154911298,-0.003091335,0.08601589,0.078408005,-0.057912392,0.125055356,0.012784754,-0.117152651,0.144965448,-0.009736383,0.010651202,-0.089098568,-0.036071466,0.005531334,0.03588854,-0.056792132,0.019732352,0.141497144,0.009608213,-0.010186151,-0.04850899,-0.065782845,0.032822105,0.017887704,-0.026122691,0.071506926,-0.02981573,-0.020340535,0.346138954,0.66374884,0.451953033,0.380733773,0.662251804,0.439938404,0.400973547,0.629518432,0.383189003,0.464373903,0.702721293,0.356352465,0.307525324,0.613034227,0.471097253,0.353566336,0.751163841,0.368138628,0.33522661,0.593994412,0.505321044,0.504083454,0.71750122,0.319647564,0.403163789,0.509347249,0.521433072,0.624545729,0.601791949,0.316890192,0.44764769,0.534683237,0.473128422,0.405501681,0.662903171,0.426946619,0.514683366,0.697141815,0.33009255,0.42183661,0.646344363,0.422687507,0.329329254,0.748832173,0.392674496,0.334656266,0.632565172,0.483931278,0.449632538,0.631271724,0.428289481,0.386046759,0.607653722,0.47898648,0.491715371,0.430247768,0.528526621,0.435060167,0.487615573,0.526505788,dance,11
-0.500613792,0.534392178,2.329582915,-0.541831619,0.35751149,2.369090695,-0.647656486,0.258265195,2.289902492,-0.387697453,0.33635448,2.473649661,-0.708474715,0.422215449,2.111678051,-0.248120142,0.474180981,2.385562271,-0.620055624,0.616678149,2.095762136,-0.274045098,0.638454092,2.267995695,-0.587956486,0.680884588,2.107549661,-0.294624029,0.703960763,2.232005983,-0.499303949,0.062813364,2.376304356,-0.479953859,0.006720848,2.364222407,-0.535850753,-0.072007667,2.31078261,-0.398244786,-0.059629423,2.410479627,-0.572214451,-0.486681298,2.348318712,-0.463924717,-0.501945847,2.547845678,-0.589318624,-0.871948908,2.382873441,-0.494120319,-0.847275585,2.630636746,-0.5514499,-0.948335531,2.379483864,-0.445284917,-0.920220993,2.658653203,0.003421984,0.003420366,0.008873885,0.001822694,0.003222196,0.003414561,0.001232695,0.005128822,0.003291796,0.001282476,0.003268043,0.001662435,0.013826733,0.019532448,0.006192287,0.011676719,0.033703837,0.022872413,0.007946037,0.03367943,0.014070203,0.011427612,0.042877143,0.019045534,0.00704023,0.037297766,0.019409958,0.018620089,0.044594307,0.016954292,0.003191044,0.001151842,0.003630551,0.003475674,0.001292207,0.002094665,0.004873413,0.00112084,0.002907427,0.003856182,0.002048121,0.002853919,0.002126615,0.004372859,0.001611334,0.001909578,0.003133238,0.001635953,2.48913E-4,9.6728E-4,1.92884E-4,0.001772611,0.004476913,0.003434444,6.94373E-4,0.001393606,0.002343026,0.004842212,0.003803181,0.016000508,-0.041248825,0.047295019,-0.099471106,0.04566887,0.017934628,-0.264721626,0.028363294,0.155027772,-0.081321392,-0.012767754,-0.043823965,0.017288569,-0.066716724,-0.016878869,-0.012787137,0.016603408,-0.007017523,-0.007071321,-0.007910936,0.01639618,0.045328245,0.004661007,0.07989483,-0.006214663,0.003948021,0.008190347,0.052317668,-0.057461856,7.86206E-4,0.026540083,-0.107611265,-0.068001375,-0.326529267,-0.21553361,-0.098102481,-0.230509332,-0.234730378,-0.02627478,-0.104338655,-0.190307326,-0.041366875,-0.220715441,0.013672759,-0.039607688,-0.007327047,-0.127548359,-0.211966129,0.110097691,-0.064142763,0.269023896,0.083355259,-0.066144713,-0.02964549,0.064519127,0.071890223,-0.018067681,0.171118719,0.022609376,-0.024780312,0.032607421,0.532874619,0.409546746,0.503457221,0.422187412,0.632113522,0.360505588,0.152967404,0.721645572,0.447138991,0.410925172,0.682493502,0.415556355,0.583118275,0.695247056,0.277680479,0.36816975,0.651497827,0.459525834,0.288241278,0.776590739,0.382142074,0.41983147,0.756207751,0.337680382,0.239009585,0.745132693,0.427058283,0.521776474,0.748093891,0.270250809,0.521475097,0.458113415,0.36575358,0.556640363,0.510532656,0.351510663,0.554071707,0.501103171,0.415788215,0.519874345,0.390175411,0.459652018,0.379176692,0.758516754,0.361760131,0.473664628,0.630235303,0.37033063,0.489380512,0.545902647,0.420305208,0.314476989,0.663773771,0.463386277,0.330176857,0.463535923,0.544845844,0.513617191,0.38349574,0.533188156,dance,11
-0.291890452,0.721043968,2.296400152,-0.373790723,0.552598108,2.318546485,-0.44706673,0.407778394,2.221098045,-0.238881359,0.514552026,2.546142697,-0.530629677,0.38269735,1.969517258,-0.09058126,0.475920388,2.665921864,-0.410297997,0.591556726,1.946937091,-0.067223179,0.661111641,2.517170439,-0.370176283,0.663057359,1.967131606,-0.068341029,0.7448083,2.446757227,-0.338337495,0.219900359,2.362054636,-0.331236341,0.153425686,2.374216652,-0.371348735,0.066108532,2.324855545,-0.275033588,0.088573124,2.440197985,-0.427642408,-0.508839256,2.448531515,-0.296901798,-0.457792806,2.604086955,-0.476225042,-0.902842373,2.475498227,-0.287865003,-0.856489655,2.664363758,-0.454842679,-0.968183861,2.422555227,-0.201203067,-0.922046032,2.697914348,0.003110097,0.005806192,0.004371062,0.005394799,0.006449051,0.005304099,0.005673473,0.006472049,0.005035105,0.011547561,0.017851868,0.016880246,0.00790241,0.030208516,0.006806324,0.026629045,0.044694091,0.014875309,0.017205433,0.050251981,0.013970563,0.009184818,0.043894187,0.014039788,0.018077801,0.04729275,0.018208779,0.015567975,0.046283804,0.012182154,0.003503172,0.007931948,0.00268943,0.003817638,0.00865378,0.002754436,0.005351899,0.007454166,0.004219134,0.004164877,0.009558531,0.004668627,0.00417718,0.003750825,0.002842916,0.001085621,0.002291262,0.001092829,3.99068E-4,7.07103E-4,8.00983E-4,0.002076087,0.005074742,0.00174191,5.05422E-4,9.69207E-4,6.38238E-4,0.005686273,0.003640398,0.003995458,0.036646493,-0.061641423,-0.013192036,0.091469355,-0.031358693,0.074790138,0.052531758,-0.041458093,-0.011421599,-0.036141153,-0.088988625,-0.038255075,-0.028300143,-0.064441913,0.02055807,-0.037199602,-0.012950034,0.012086474,0.021925685,-0.058522472,-0.011683434,0.013261888,0.055014207,-0.018546143,0.052550953,-0.106180494,-0.05126769,0.025535319,-0.090692479,-0.00673777,0.019562314,-0.16013458,-0.016730558,-0.022987562,-0.16993237,-0.026160485,-0.018894309,-0.091513708,0.030730999,-0.044746121,-0.079712372,-0.050074457,-0.03953131,0.003792761,-0.02784134,-0.077538346,-0.145577676,-1.65E-4,-0.07135104,0.017796998,0.038737697,-0.048862399,-0.009547151,-0.022479525,-0.011119554,0.010813933,-0.035371763,-0.014980778,0.021733479,-0.02360904,0.395044562,0.692263872,0.41457855,0.462002316,0.668261731,0.389706561,0.549517269,0.67682729,0.331465533,0.38312154,0.598589365,0.483314094,0.335907693,0.871620873,0.23040217,0.478325564,0.742068323,0.318812327,0.493037459,0.812994759,0.195353606,0.230261603,0.831338036,0.343890853,0.437534279,0.805877375,0.249149888,0.275116896,0.894011522,0.224235963,0.292692612,0.808624395,0.330210848,0.271830934,0.823177112,0.317690999,0.420670116,0.691474953,0.39920577,0.329407536,0.744043288,0.393019564,0.382972152,0.643979104,0.458292006,0.484573289,0.644707164,0.391492743,0.354525127,0.592847472,0.49946016,0.428345337,0.796946471,0.285016629,0.404576439,0.499883389,0.533040702,0.632408296,0.459818165,0.430930955,dance,11
0.16843656,0.613074064,2.226426707,0.113891944,0.449168472,2.264033227,-0.010205644,0.337038395,2.186999027,0.309509017,0.442123204,2.40565792,-0.137061984,0.373225155,1.98857852,0.471672729,0.500618883,2.38072104,-0.063639597,0.516911896,1.85195744,0.532198465,0.628430428,2.236167613,-0.032465201,0.579707937,1.821377027,0.546839513,0.67479244,2.202112467,0.14068778,0.144934452,2.272069867,0.151413311,0.084737723,2.26885204,0.083353588,-0.006941194,2.219754533,0.237006444,0.002699771,2.31418052,0.041875644,-0.477879947,2.316189493,0.213730048,-0.477209268,2.4808648,0.02637197,-0.871968605,2.390743387,0.177564225,-0.858090517,2.570779093,0.058370786,-0.937429497,2.37741936,0.221787368,-0.92353256,2.57880988,0.017369004,0.004576258,0.002565643,0.009745453,0.003927817,0.003202716,0.008929706,0.007784666,0.005722073,0.009770854,0.027085883,0.016128127,0.023567871,0.094145916,0.020357075,0.026178629,0.096074125,0.050232099,0.006039383,0.116367361,0.014551169,0.018566181,0.125977526,0.019401759,0.007775577,0.12032777,0.012388307,0.023092024,0.135080922,0.01314678,0.004753178,0.008126061,0.00252383,0.005603895,0.00996925,0.002024555,0.005837171,0.00660908,0.003073656,0.005704844,0.010399365,0.003906005,0.001301795,0.003335545,0.001030623,0.00255255,0.005279894,0.003038113,0.001478847,0.003526413,0.002889817,0.001672027,0.005295956,0.002769998,0.007066206,0.010145554,0.02358189,0.005596934,0.007148084,0.019574736,-0.226758401,0.056780581,-0.083003502,-0.204044472,0.0777118,-0.038721986,-0.109439924,-0.056783726,0.015730697,-0.095098785,-0.028286782,0.038428313,0.00228693,0.051102532,-3.41046E-4,-0.053239508,-0.052594329,0.025832635,0.025796203,-0.010513441,-0.044833782,-0.008841277,-0.032792485,0.012266838,0.008733588,-0.039531744,-0.029971283,-0.033003632,-0.041701894,0.040879577,-0.051492219,0.086121561,-0.023202695,0.003427442,0.020297569,0.011556521,0.032667992,0.071024716,0.009821432,0.055637956,0.035846504,0.046365411,-0.034199664,0.022076345,0.075042526,-0.073239245,0.048814533,0.054452033,-0.035608676,-0.024516264,0.011955642,-0.036516136,0.049090716,0.024642049,-0.042519075,0.019818538,0.038550267,-0.209764572,0.079699267,-0.076183853,0.656780991,0.495371523,0.346687952,0.55262545,0.41731882,0.477273396,0.648040627,0.545054716,0.356045417,0.325277542,0.675016572,0.453907097,0.349509254,0.850610902,0.262810355,0.385297318,0.703531073,0.409907011,0.210674791,0.876589404,0.290544928,0.26092182,0.859195939,0.298926837,0.233098938,0.883610643,0.271938952,0.260163256,0.898503063,0.229390344,0.431360015,0.691683189,0.394140634,0.45580775,0.7913342,0.275513869,0.546914734,0.619533424,0.38546029,0.489016943,0.703872681,0.348650835,0.333862816,0.740645547,0.39583579,0.31918498,0.679142866,0.452498998,0.451989132,0.578525287,0.471866922,0.248632048,0.750658691,0.421992497,0.411663754,0.441799452,0.55524314,0.488414993,0.401760332,0.511726244,dance,11
0.061125014,0.738865145,2.373685684,0.050594656,0.568559686,2.368692969,-0.033653627,0.428752823,2.252294133,0.236537045,0.502352828,2.611151204,0.067680735,0.430277701,2.035970724,0.428321459,0.562573328,2.612808112,0.184710458,0.61487302,1.977166418,0.456885192,0.740912569,2.486035347,0.209285507,0.682686298,1.967470714,0.443661205,0.81184679,2.448885408,0.114866865,0.194409474,2.414534602,0.137260072,0.121126319,2.419485265,0.08782491,0.040254405,2.369785327,0.217108383,0.042071605,2.482688755,0.026010884,-0.497306836,2.461921898,0.197526396,-0.464635066,2.642407357,0.001178307,-0.872841451,2.513273194,0.152474643,-0.831940647,2.703693765,0.029683925,-0.931787779,2.456806255,0.21552061,-0.883107829,2.726771071,0.009358057,0.013202723,0.018077219,0.010482561,0.015403907,0.01624354,0.021009424,0.037403861,0.038527734,0.019067992,0.027164382,0.015671193,0.03312513,0.048687489,0.030344245,0.02578756,0.059282384,0.032352059,0.03106307,0.038533899,0.057281741,0.065876809,0.062386618,0.039471963,0.040261335,0.04363144,0.07580346,0.091600544,0.051380332,0.040186117,0.013186059,0.008808506,0.010688382,0.015955231,0.009187606,0.010951501,0.017779027,0.009427,0.011739814,0.020466904,0.009133189,0.013513622,0.007512354,0.001238664,0.005013192,0.008479407,0.002577204,0.010408847,0.001314729,0.002215464,0.001013976,0.009978557,0.004378969,0.00444802,0.001746638,0.001232081,0.001610278,0.011555346,0.004363159,0.014368515,0.006370127,0.022704542,0.074054625,0.012793889,-0.021263274,0.010035732,-0.109462566,0.042626261,0.08018252,0.028728834,0.022843272,-0.004647777,-0.04839595,0.144077509,0.016738807,-0.011601414,-0.069240585,-0.022204686,-0.007498277,0.023304934,-0.030757709,0.055036098,0.021083624,0.010374849,0.045283137,0.06774292,-0.075594397,0.125050691,0.087907158,-0.03914322,0.089485739,0.003781781,0.112695041,0.082140286,0.080456484,0.074835596,0.138062058,-0.006623912,0.081439328,0.015085371,0.050956515,0.090946936,-0.104757384,-0.041977536,-0.008661428,-0.059089382,0.013554408,0.039040529,-0.023154663,-0.014160361,0.033592025,0.129781995,-0.012858311,0.074875181,0.023398878,-0.075981285,-0.057876745,0.017587119,-0.015033201,0.017068428,0.376220485,0.721094681,0.397824253,0.476341263,0.663821469,0.400814866,0.478776499,0.495729039,0.493854311,0.49574291,0.663690698,0.388612691,0.400134797,0.641663258,0.44381659,0.363591334,0.692830972,0.43098804,0.328790845,0.541053907,0.541447536,0.593641807,0.571965538,0.391413308,0.334102441,0.484935723,0.558859848,0.664452674,0.505433537,0.364710918,0.45343804,0.662987579,0.394186016,0.458790679,0.693715572,0.369653738,0.563350422,0.652150026,0.327356016,0.507314875,0.536875702,0.460717015,0.544660889,0.521491942,0.451698063,0.540979865,0.520370358,0.457959212,0.429158418,0.612532734,0.462219136,0.516261806,0.57200025,0.428642016,0.463268234,0.390296929,0.552081174,0.384642033,0.507254163,0.540048586,dance,11
