-0.104670399,0.692168629,2.37176146,-0.107210362,0.51059954,2.416045127,-0.288718494,0.385164178,2.423063222,0.068979204,0.412829694,2.406801397,-0.324422925,0.118395805,2.440941587,0.222011917,0.260966921,2.315538238,-0.317581216,-0.087688593,2.407289492,0.23086815,0.247122879,2.109286413,-0.308177405,-0.186395552,2.389672603,0.224200653,0.26509873,2.019264968,-0.092139675,0.150918708,2.430143254,-0.091164071,0.081842414,2.396831159,-0.168308711,-0.003696783,2.391001238,-0.007987963,0.006219461,2.390040063,-0.19488567,-0.472014068,2.51579,0.037617054,-0.466032402,2.520001492,-0.194395667,-0.839073441,2.595506667,0.048438259,-0.84670544,2.619835857,-0.250673646,-0.921241097,2.567465937,0.104179213,-0.916398556,2.593278476,0.007285954,0.001269408,0.003327969,0.003906262,0.001629039,0.001488789,0.004290173,0.002833064,0.001907716,0.004704077,0.002831074,0.002808332,0.002923157,0.002618016,0.004443423,0.023099526,0.026269022,0.037625007,0.0023557,0.002558557,0.004023944,0.101802337,0.056144584,0.0466938,0.00289738,0.002526837,0.005178819,0.142482821,0.075607296,0.03004058,0.002107862,8.98367E-4,0.002402224,0.00175599,8.70174E-4,0.002090192,0.001618799,9.84245E-4,0.002115386,0.001739404,6.05365E-4,0.002924819,7.42312E-4,0.001060738,0.001566676,7.406E-4,8.44989E-4,0.001191015,6.5377E-4,0.002599799,0.001127158,6.33477E-4,0.001157358,0.001355393,0.001834314,0.001541694,0.002081515,7.25928E-4,5.9094E-4,0.001332683,0.258806123,-0.011827702,0.072462706,0.023802706,0.058357444,-0.026241407,0.050506897,0.178371848,0.074671118,-0.132934312,0.237656831,0.154804536,-0.071835639,0.111332761,0.097409644,-0.117801072,-0.128058144,-0.057344862,-0.088868206,0.074689865,0.11868376,-0.215534386,0.012026044,-0.03745696,-0.098054716,0.073631579,0.072129693,-0.174244202,0.034261021,0.021419432,-0.217318733,0.146625985,0.091466669,-0.141613538,0.081105945,0.209728347,-0.144269319,0.204145607,0.096886493,-0.170938589,0.093050196,0.22698581,-0.075479681,-0.068860693,0.019609601,-0.066364099,-0.01463467,-0.025425846,-0.035040684,-0.081049217,0.020325031,0.001166998,-0.069850918,-0.016842804,-0.039211209,-0.013857137,0.054667795,-0.04824546,0.052448895,0.033534693,0.759777431,0.24869978,0.364611766,0.646673108,0.442143372,0.427058798,0.573532532,0.485590974,0.431786763,0.52706014,0.507002548,0.40309847,0.417064688,0.432018314,0.541371561,0.327208803,0.413101895,0.578232195,0.433751744,0.553718831,0.472655427,0.520301205,0.496766651,0.456167681,0.344411341,0.486904429,0.548782197,0.610010348,0.614494904,0.317158072,0.525533701,0.40362383,0.478505913,0.537714633,0.363459317,0.47232313,0.531759611,0.423123549,0.468772547,0.466703737,0.246729024,0.530088183,0.343966374,0.701221204,0.425710054,0.412355159,0.612059468,0.46540882,0.256566908,0.702356187,0.456058141,0.43486012,0.473330936,0.531596524,0.550134021,0.497339307,0.461544237,0.474166101,0.334805735,0.565462972,daily,10
-0.344742882,0.665010839,2.43241344,-0.339328336,0.478334287,2.51374175,-0.5057591,0.352392679,2.526084036,-0.174092989,0.367773477,2.522184536,-0.551327751,0.106675162,2.543709905,-0.040721436,0.221754026,2.412489167,-0.526131435,-0.085653644,2.460718679,-0.02685685,0.236054055,2.210066536,-0.494597018,-0.177208756,2.439032083,-0.032948402,0.250096716,2.134342405,-0.335800592,0.123472739,2.524562512,-0.335418992,0.05292439,2.514245714,-0.410088748,-0.022964095,2.507648774,-0.259375662,-0.020552444,2.516084214,-0.460158099,-0.474228761,2.62597075,-0.232504667,-0.498387217,2.634669357,-0.470766193,-0.839627411,2.675686321,-0.221374308,-0.873424064,2.672388238,-0.509773107,-0.928206106,2.661645869,-0.200128062,-0.943070061,2.627684476,0.029288054,0.001421206,0.003765723,0.03197456,0.00209753,0.002637106,0.029892657,0.001245571,0.006823276,0.03718422,0.008105047,0.011332934,0.031826193,0.002964341,0.005349413,0.067034563,0.036732109,0.071514005,0.028716535,0.003461237,0.00347732,0.118231106,0.116199519,0.070373518,0.02495095,0.005133029,0.0034741,0.140485016,0.148030034,0.052751872,0.027232389,0.00234135,0.001733955,0.026356972,0.003064418,9.3253E-4,0.024880647,0.001474709,0.004165381,0.026387463,0.002071007,0.00423228,0.016545898,0.002687966,0.001775422,0.015824495,0.004549215,0.003426065,0.004513352,0.003458588,0.002571234,0.001500876,0.007034928,0.00176785,0.006634848,0.006439755,0.011606569,0.001882956,0.002706119,0.009253693,-0.561564947,0.075497458,0.156437645,-0.548376894,0.126886137,0.078071408,-0.521665752,-0.010621844,0.105385308,-0.521777025,-0.06755314,-0.054581014,-0.455080959,0.064124426,0.11595725,-0.174472261,-0.029715412,-0.090712876,-0.436499775,0.081352081,0.067619978,-0.179433228,-0.009055654,-0.006999783,-0.409482419,0.106239213,-0.018225921,-0.234485078,-0.045735496,-0.022261793,-0.480025018,-0.102605625,0.111726093,-0.489033058,-0.207401684,0.077195134,-0.499325022,-0.091737996,0.100455353,-0.490167172,-0.079046836,-0.00144384,-0.340816673,0.041780199,0.103569735,-0.226844215,-0.078594844,0.016494274,-0.110042705,-0.33164942,-0.005449261,-0.016577489,-0.128681818,0.051594362,-0.059758843,-0.088173307,-0.177120027,0.032725949,-0.008267756,-0.017549053,0.441602082,0.321887599,0.396780428,0.560224261,0.300947231,0.353949009,0.469788026,0.232316553,0.455671054,0.393160318,0.371638618,0.45226195,0.540133805,0.390089958,0.389272146,0.396000609,0.386899594,0.562622042,0.585830618,0.411797177,0.364963532,0.563458558,0.565062624,0.399001337,0.606421953,0.463029879,0.334676249,0.614862029,0.572957784,0.333803921,0.672601589,0.327044518,0.282382362,0.62166691,0.459733694,0.215054419,0.590998852,0.237722539,0.387870974,0.56375435,0.313335547,0.40153902,0.537273515,0.560466901,0.349379368,0.400745863,0.753429374,0.316873958,0.328883647,0.695092807,0.369460018,0.2998304,0.692783095,0.444792301,0.371533945,0.494236273,0.515103654,0.231809555,0.359123558,0.633825677,daily,10
-0.532125482,0.535896691,2.384000095,-0.566471628,0.351445269,2.449699511,-0.714054466,0.236131799,2.398576832,-0.40492767,0.240949314,2.460934708,-0.793057226,-0.012007415,2.398779737,-0.28426105,0.098251655,2.362856109,-0.814889501,-0.212340284,2.354888431,-0.236103426,0.105411638,2.180757839,-0.811175144,-0.289921793,2.353470562,-0.219919976,0.113550513,2.13002708,-0.556907209,0.008385544,2.463114263,-0.546434642,-0.056032011,2.425891474,-0.611831081,-0.128879201,2.402348803,-0.474050245,-0.125516853,2.436360766,-0.660762826,-0.538453194,2.51701019,-0.471064209,-0.533692846,2.54081465,-0.67331404,-0.861390786,2.572030599,-0.472692578,-0.859693728,2.565135584,-0.70826345,-0.931584046,2.547967985,-0.431293958,-0.939609489,2.55075019,0.006018207,0.002268408,0.00346069,0.001865944,5.93068E-4,0.002232909,0.003523421,0.002303169,0.004944809,0.005438269,0.004081436,0.010022072,0.005449548,0.00404771,0.010915161,0.029374931,0.030715657,0.05698018,0.011777287,0.004540464,0.019083989,0.076931244,0.095142399,0.072003408,0.014638223,0.004651904,0.020633254,0.099084217,0.120039147,0.06422982,0.001227618,8.39842E-4,0.001742851,0.002100416,0.00119511,0.002485705,0.002844852,0.001208201,0.002145844,0.002315819,8.95016E-4,0.004294671,0.002134076,0.003072625,0.002772245,0.002020627,0.006719378,0.001645866,5.9996E-4,0.002078848,0.001613564,4.31541E-4,0.002061575,9.14611E-4,0.00167971,0.001343968,0.001491485,0.001022269,0.001412209,0.002550716,5.33721E-4,-0.064082378,0.024243396,0.081853884,5.309E-4,-0.054761857,-0.098083383,0.046307662,0.221026968,-0.180050091,-0.072549424,-0.186850002,0.026536676,0.032970589,0.089396518,-0.004577458,-0.003002349,-0.001866424,-0.04836258,0.022819299,0.018828334,-0.018526824,0.01904946,-0.031803026,-0.054695879,0.034152165,0.044138324,-0.058162472,-0.032163106,-0.030622712,0.09287827,-0.063124558,-0.030390157,-0.007335328,-0.111793166,-0.030288019,-0.031490689,0.030268297,-0.023998678,-0.054863855,0.064901673,-0.115434144,0.0307083,0.201208526,0.08662459,-0.075675224,0.110303702,-0.061900316,3.70179E-4,0.12545935,0.102921405,0.06355124,-0.264856225,0.059572128,-0.047461447,-0.061856128,0.049151737,-0.014458376,-0.033805958,-0.044767812,0.550112979,0.489711662,0.471637624,0.520730076,0.312145825,0.552838494,0.515151646,0.363390487,0.492411248,0.410696314,0.48184775,0.491681069,0.518643405,0.482790116,0.48614008,0.39315771,0.416360679,0.576489659,0.527046374,0.311492239,0.554187176,0.499595585,0.535333547,0.476298356,0.549815652,0.266708343,0.552767062,0.554671605,0.599133004,0.399804329,0.572517367,0.353436257,0.512537422,0.581466409,0.483846586,0.450524321,0.609191497,0.421739678,0.469353927,0.521175249,0.441312228,0.496057216,0.459318993,0.654127671,0.385317814,0.40081201,0.773881441,0.321993356,0.237866646,0.609614881,0.51343884,0.342413161,0.646029543,0.43368374,0.628007718,0.468091437,0.429041368,0.36081592,0.415974396,0.584818185,daily,10
-0.090566249,0.636511285,2.344694814,-0.094567048,0.444775778,2.384058712,-0.25705269,0.326187208,2.384408119,0.082474038,0.356704425,2.395706169,-0.316205819,0.069631228,2.40306378,0.253902531,0.286732081,2.288898678,-0.331592295,-0.145374973,2.374975763,0.267247079,0.325519995,2.095411542,-0.32229331,-0.227002336,2.369252695,0.256969963,0.344713753,2.035616153,-0.077079115,0.087817113,2.399617153,-0.072649047,0.020764656,2.358669542,-0.145596627,-0.060159283,2.344391458,0.00870467,-0.050903251,2.358625119,-0.170941666,-0.499850251,2.483827678,0.065720957,-0.517906617,2.485041068,-0.1805646,-0.853887846,2.593004695,0.08062041,-0.87093292,2.520985153,-0.217174029,-0.915133083,2.581536593,0.115726564,-0.935468629,2.502311966,0.033554662,0.001880229,0.008776174,0.023033153,0.002949656,0.01418588,0.026573083,0.001546347,0.023656076,0.033908349,0.003038686,0.005118745,0.019840082,0.002295708,0.028022894,0.056711557,0.042488798,0.048251124,0.021189637,0.004662737,0.028059643,0.114033758,0.091791512,0.038921934,0.023034258,0.002445613,0.028064309,0.133079255,0.110666961,0.024732258,0.021210077,0.001761021,0.012949423,0.023726493,0.001378509,0.009449469,0.022655119,0.002633238,0.013513163,0.025507043,0.002836559,0.004347129,0.014879966,0.007983469,0.007207187,0.01286737,0.002569556,0.002783192,0.001632316,0.003761847,0.002614635,0.002714774,0.003493021,0.002375333,0.00503804,0.002139569,0.004977129,0.001493912,0.001303191,0.003959484,-0.481791693,0.072304744,0.074096953,-0.458227899,0.104519682,0.332890987,-0.415797459,0.099471477,0.355821477,-0.646015589,-0.087421035,-0.091498419,-0.365220189,0.06715943,0.412952934,-0.221073858,-0.055470459,-0.062752312,-0.358926701,-0.043626919,0.399274304,-0.20272657,0.010840933,-0.056070908,-0.412899946,0.02496623,0.411096239,-0.178681591,7.43971E-4,-0.056167026,-0.461342178,2.22736E-4,0.300858184,-0.642309063,-0.080690451,0.31645199,-0.54529809,0.052357582,0.290598803,-0.774850489,0.131802215,0.219115413,-0.391300994,-0.080736708,0.017488603,-0.610005232,0.107517354,0.098373564,0.066614706,-0.033150219,0.191889418,-0.100946569,0.003356891,0.055157793,-0.058088962,0.051202591,0.063873701,0.045772626,-0.008887004,0.116538917,0.611614263,0.330532209,0.351298704,0.578883607,0.266842464,0.251284373,0.541489745,0.207616804,0.318532219,0.344122682,0.379732424,0.367969484,0.37287954,0.24949487,0.383573645,0.32763108,0.53176904,0.515645405,0.315649422,0.434824676,0.344041207,0.567555351,0.627026146,0.331025112,0.298112842,0.336178,0.362618282,0.608867603,0.689750653,0.220665476,0.522169618,0.210884157,0.36398256,0.405581466,0.252646671,0.249397078,0.383759818,0.248748659,0.385057462,0.269672937,0.240838973,0.250935043,0.324880546,0.682119684,0.352785012,0.318016282,0.510476115,0.324860495,0.41112002,0.630221326,0.40988737,0.431704356,0.656882384,0.417329884,0.521859351,0.413476682,0.512376168,0.4512138,0.355597178,0.558064879,daily,10
-0.370151976,0.696787796,2.307773176,-0.377292707,0.521119869,2.399508912,-0.553805832,0.405564388,2.392067618,-0.205944294,0.43545584,2.413586397,-0.610428344,0.152214919,2.441069912,-0.025560817,0.325786621,2.315499971,-0.590480431,-0.05467208,2.414354647,4.05575E-4,0.301688144,2.087465368,-0.569932428,-0.149648906,2.405696985,-0.020362404,0.303807426,1.979945441,-0.363975043,0.17706275,2.430957779,-0.361209318,0.108187001,2.440496324,-0.436613375,0.025982629,2.439457294,-0.278855275,0.033482581,2.452117574,-0.476162731,-0.457027887,2.556871353,-0.246668607,-0.470232006,2.588719353,-0.532648401,-0.853957547,2.626838691,-0.21545206,-0.867124931,2.61108425,-0.587932832,-0.918155756,2.606717309,-0.182537362,-0.934978768,2.574241956,0.00964837,0.006186887,0.005458349,0.004046319,0.00188744,0.003760258,0.004668685,0.001616225,0.005102061,0.010377403,0.007438008,0.005705503,0.003118595,0.00117889,0.006602541,0.013314025,0.02571242,0.040217449,0.003272602,0.001181561,0.006508876,0.075678354,0.088327554,0.058755816,0.003509471,0.001226473,0.007085977,0.110413898,0.129819223,0.042000601,0.004138183,0.002598738,0.003728703,0.00423036,0.003107688,0.00407981,0.003577122,0.001754271,0.00578594,0.005139239,0.002074742,0.005244359,0.001379934,4.37402E-4,0.004060145,0.00259559,6.71476E-4,0.00344216,5.50346E-4,9.35427E-4,8.00828E-4,9.66597E-4,0.002416423,0.001489859,0.001972241,0.001941847,0.002728078,0.00109698,0.00178316,0.001328621,0.005076366,-0.104914609,0.017789999,-0.029162364,-0.09665158,0.080880511,-0.169046923,-0.040401923,0.255770056,-0.270455302,-0.147443175,-0.118488754,-0.02494843,0.030636391,0.220175781,0.001333579,0.050851448,-0.12263918,-0.054902427,-0.012821582,0.32100504,0.013123262,-0.007108389,-0.005948811,-0.116124739,0.019271842,0.289472256,-0.07363164,0.010060552,-0.047661442,-0.258429682,-0.32374535,0.051781783,-0.243042583,-0.366197168,0.041962324,-0.186829349,-0.218406472,0.268014083,-0.162206294,-0.222623204,-0.123265163,-0.040136254,0.030648574,0.193244186,-2.37E-5,-0.041522754,0.059458644,0.05983499,-0.001225866,0.07355667,-0.001667373,0.023868547,0.12872066,0.043981185,0.12228095,0.070789311,0.006808667,0.052070097,0.069151817,0.56382749,0.630133695,0.359349959,0.531057558,0.497913942,0.464495169,0.589501662,0.39943026,0.396590718,0.504677043,0.409130517,0.46807473,0.477649781,0.521789005,0.438563224,0.383248946,0.425824462,0.558440877,0.435454695,0.550765847,0.3739788,0.488720863,0.47207949,0.511404729,0.417408313,0.529343773,0.41622544,0.586954802,0.6569616,0.315233124,0.474602127,0.458842601,0.429936081,0.443811931,0.441929608,0.443382671,0.469471284,0.356395441,0.451667344,0.387029421,0.365121115,0.545033427,0.454393274,0.364975543,0.532449321,0.510019814,0.4120975,0.522591619,0.376813564,0.476983953,0.548158101,0.294269123,0.677287706,0.450304357,0.445919044,0.467834372,0.519639767,0.35026672,0.664097301,0.452137768,daily,10
-0.07614746,0.635006251,2.337751169,-0.086385116,0.442985991,2.380359896,-0.248713151,0.327190432,2.37973926,0.093485443,0.357349132,2.395858558,-0.309157631,0.070783252,2.397436117,0.262188505,0.293147484,2.278065961,-0.325028429,-0.141834683,2.369388818,0.255352852,0.351938555,2.090322623,-0.314005332,-0.227043391,2.363972948,0.236972473,0.374873444,2.039013429,-0.070677096,0.088079922,2.394730961,-0.065614869,0.021413956,2.355642727,-0.139209632,-0.059934053,2.340105792,0.016127806,-0.051675989,2.357014364,-0.167166075,-0.501288586,2.482776662,0.070159396,-0.51816474,2.481587753,-0.18114134,-0.854160038,2.593452623,0.083076382,-0.873444592,2.522141091,-0.21943393,-0.914795835,2.580661948,0.116066052,-0.936279951,2.499869182,0.031901664,0.001001602,0.006999281,0.024039471,0.002076901,0.007976545,0.026779789,0.001411844,0.021593288,0.033733814,0.00582317,0.00621103,0.020984989,0.001947916,0.027820435,0.059341361,0.044340752,0.046206917,0.022557366,0.004233805,0.030134042,0.132872462,0.082564446,0.032749664,0.024355277,0.002411727,0.032877645,0.158088549,0.094227537,0.022319807,0.021682963,0.001630189,0.007591155,0.023946346,0.0019308,0.008376348,0.022905391,0.002429002,0.012660847,0.025028719,0.002557261,0.00473054,0.01555717,0.009602168,0.007659464,0.012588495,0.002078371,0.003942766,0.0033484,0.003515953,0.002835109,0.002436491,0.004368502,0.001901766,0.006481278,0.003101374,0.005146538,0.001987207,0.002503034,0.003333948,-0.622834627,-0.033510692,0.179946863,-0.595235246,0.064919785,0.141799321,-0.434344169,-0.017554174,0.175637138,-0.429523021,-0.029204054,-0.091404864,-0.311327704,-0.066178264,0.190162673,-0.158581216,-0.10799941,-0.055951278,-0.234175947,-0.074708356,0.143295103,-0.188478408,-0.0774543,-0.040699967,-0.271262137,-0.037164779,0.119029553,-0.166355073,-0.055797128,-0.045116436,-0.617433393,0.006596729,0.176356437,-0.594916471,-0.027922952,0.123362137,-0.479743128,-0.0217161,0.102256336,-0.586624366,0.074101086,0.101001989,-0.181403265,-0.064835427,0.072584288,-0.494863911,-0.00561491,0.118041964,-0.077060524,-0.177384948,0.115627563,0.05661339,-0.060004865,0.057712688,-0.050851562,-0.036636278,0.055616736,0.09502948,-0.022783862,0.005662962,0.597942604,0.231552737,0.240739733,0.543477013,0.28652691,0.320466071,0.440171426,0.225438288,0.49412085,0.509826248,0.408583014,0.421466508,0.371121804,0.250916874,0.55237608,0.476573025,0.583352407,0.433463096,0.463902604,0.438086301,0.48831078,0.638451214,0.615867339,0.277941872,0.404309631,0.350422724,0.545857165,0.6242526,0.658501122,0.253189742,0.525564501,0.327404498,0.277600898,0.548441085,0.350094239,0.294345985,0.508108719,0.335591214,0.424969816,0.598999151,0.327636338,0.270005483,0.451306013,0.687060483,0.362517725,0.475011871,0.515016399,0.331349491,0.393468627,0.526308143,0.494993476,0.459061457,0.644233995,0.416787042,0.668926182,0.382508301,0.43750408,0.423095708,0.390525628,0.568146776,daily,10
-0.03676415,0.623672532,2.21054814,-0.013870626,0.432124599,2.238684951,-0.187015437,0.327413717,2.288722537,0.122331548,0.345674,2.182976677,-0.25349913,0.069955901,2.322224659,0.204296499,0.294816643,1.976807878,-0.270802401,-0.139653209,2.314133043,0.172555542,0.297716935,1.791084506,-0.26421371,-0.198095027,2.309838287,0.169631026,0.289434279,1.749517268,-0.006851893,0.078473536,2.249096482,-0.014242886,0.009437667,2.227143049,-0.086200638,-0.065207945,2.236003159,0.058454914,-0.058391902,2.210886732,-0.115909855,-0.522782574,2.355659762,0.117256902,-0.507139184,2.331448701,-0.122606163,-0.88479729,2.436091372,0.139572029,-0.882755574,2.42228625,-0.127545976,-0.949382777,2.407194896,0.121652458,-0.937919396,2.385650451,0.006914517,0.005766233,0.006131219,0.008110126,0.009414439,0.010836078,0.004445799,0.004967726,0.010736133,0.01989958,0.029518327,0.029890288,0.002855015,0.00364906,0.007934258,0.087263175,0.060843474,0.046979454,0.003705662,0.003660578,0.012381018,0.174952658,0.13181265,0.058297599,0.003456156,0.003095732,0.010770014,0.197598605,0.145989916,0.054702419,0.007739172,0.006048278,0.010004467,0.007906458,0.007196073,0.004201342,0.006562203,0.005387577,0.008526024,0.010707247,0.006807497,0.009818232,0.001562889,0.004102327,0.002820955,0.002361809,0.00550109,0.005216946,0.00154671,0.001722465,0.002475515,0.003152491,0.007302009,0.005421237,0.011345405,0.001814832,0.006545251,0.020308975,0.015930862,0.036634494,-0.119981275,-0.023972294,-0.089251096,-0.215394313,0.079794628,-0.286129782,-0.098739191,0.081745098,0.174547653,-0.263314514,-0.067445469,-0.150565073,0.085728231,0.00387088,0.197595335,-0.055662334,-0.015035717,-0.060740982,0.068687891,0.020151624,0.119456788,-0.019111478,-0.049934473,-0.032520351,0.102826392,0.035482684,0.094773483,-0.021816719,-0.072819969,-0.01827398,-0.153457483,-0.113032496,-0.343144324,-0.237668963,-0.207958391,-0.20192018,-0.130628822,-0.09142137,0.109667912,-0.17618057,-0.178526345,-0.207846475,0.036681645,0.049411288,-0.034445031,0.007183636,-0.058658743,-0.021704841,-0.006635559,-0.045201319,0.043414251,-0.026764174,0.052829079,-0.008735311,0.048518354,-0.025935729,0.06562968,-0.045543564,-0.001494408,0.035086287,0.532436283,0.562141611,0.426193718,0.444193756,0.518831646,0.393408203,0.492742189,0.477886905,0.471621767,0.483502469,0.619616366,0.357918577,0.434571599,0.543580007,0.460193948,0.512599514,0.588096874,0.4327123,0.556852359,0.320337182,0.523112837,0.629485302,0.552226223,0.379246044,0.433523052,0.49501997,0.515217871,0.628742404,0.602145614,0.338734805,0.376687499,0.565219535,0.35986749,0.377777154,0.658680814,0.342709909,0.484649689,0.595520841,0.421043493,0.395716975,0.613359969,0.394230307,0.4199192,0.703607684,0.397662793,0.437740871,0.669784754,0.417836382,0.469937268,0.556408209,0.478299689,0.461245344,0.538109295,0.493899713,0.670338987,0.35128475,0.452436226,0.488448643,0.389435437,0.54729179,daily,10
-0.085554357,0.637156313,2.345733594,-0.087582637,0.445977726,2.390525942,-0.252446132,0.330080949,2.394310667,0.088129302,0.361202575,2.399772652,-0.307111212,0.072660475,2.413963507,0.248525506,0.288872858,2.270983348,-0.321416942,-0.135742742,2.390611087,0.25817003,0.343155464,2.093670522,-0.313691249,-0.222766274,2.383759841,0.247464117,0.370074562,2.038466797,-0.074757643,0.091629735,2.405297333,-0.071922768,0.024340843,2.368658043,-0.146395081,-0.055885605,2.356153188,0.008687225,-0.048612795,2.368240884,-0.171958387,-0.499464186,2.492809362,0.063075537,-0.515311167,2.483147696,-0.180648833,-0.853591184,2.595026304,0.079146109,-0.872030861,2.52126071,-0.216891429,-0.914735843,2.585166319,0.114090996,-0.936244941,2.501371899,0.028096675,0.004281109,0.003390194,0.023868805,0.004400324,0.008688411,0.02595436,0.002379062,0.019283414,0.035099431,0.008322527,0.004144233,0.024441316,0.002713351,0.022909851,0.064567582,0.046578464,0.044067518,0.027409537,0.006891816,0.026410533,0.14175293,0.085939273,0.038564107,0.028816394,0.004314185,0.029272735,0.162733858,0.095064561,0.027085879,0.024496355,0.003086568,0.008488975,0.027054781,0.002845802,0.007544761,0.026286757,0.002057689,0.011780025,0.029283401,0.001719854,0.003944849,0.018687207,0.009690217,0.011106697,0.016425598,0.00286244,0.003077365,0.00309987,0.003773408,0.003340665,0.004092461,0.002594964,0.0032178,0.003740256,0.003243675,0.005014651,0.003268403,0.001772357,0.003523945,-0.747743264,-0.03927751,0.048672903,-0.613329224,-0.010824284,0.271870979,-0.631530794,0.039204968,0.319583156,-0.542096482,-0.007176195,-0.099840073,-0.500202919,-0.007153057,0.321144683,-0.247198315,-0.0217122,-0.098197812,-0.410066074,-0.0189316,0.289232432,-0.212058567,-0.020323592,-0.064634969,-0.458183339,0.042306236,0.253213296,-0.15592331,-8.96017E-4,-0.057947855,-0.628096463,-0.091351273,0.264055177,-0.68617637,-0.120457989,0.178715078,-0.624702667,-0.05041134,0.207589372,-0.690261982,0.008000309,0.098303795,-0.335539562,-0.032894195,0.093920098,-0.504197688,-0.011850569,0.089758701,-0.048592749,-0.038604528,0.07548998,-0.168142161,0.012213216,0.095141025,0.014669666,-0.013095563,0.118917335,0.099863683,-0.060307191,0.013213073,0.382812235,0.231547949,0.325129916,0.369510288,0.349000492,0.312353765,0.317048526,0.212182811,0.336322876,0.412038899,0.507894919,0.345752157,0.342846432,0.247989139,0.414135442,0.385136404,0.594132014,0.448284504,0.317960469,0.426345093,0.42524296,0.579535412,0.662481132,0.279306353,0.260126819,0.309982563,0.488151555,0.628767237,0.659588149,0.248399132,0.432668118,0.304171466,0.278654477,0.415727237,0.366876063,0.245523708,0.422417181,0.318575707,0.331166196,0.457990438,0.338348588,0.280993127,0.391350883,0.659131057,0.363622756,0.433077543,0.633166329,0.247378132,0.45660204,0.568523545,0.468036529,0.450668428,0.531022446,0.475919365,0.43692995,0.380221098,0.557102902,0.430266642,0.354572524,0.574577627,daily,10
-0.383265454,0.700926459,2.320575232,-0.378467059,0.524483748,2.406997854,-0.556082107,0.405723407,2.401008012,-0.205006154,0.429807729,2.41924011,-0.606449213,0.150840137,2.442968878,-0.04945625,0.280273015,2.346699439,-0.586647829,-0.05953876,2.417542866,-0.043492958,0.220151359,2.148230073,-0.570250668,-0.145574263,2.406572732,-0.077777901,0.210257166,2.048984439,-0.366883817,0.175937121,2.433475695,-0.364408733,0.10613924,2.440363207,-0.44122495,0.025027868,2.440060049,-0.282143239,0.029699588,2.448148171,-0.477966885,-0.462077976,2.550390317,-0.248817945,-0.475930863,2.584129549,-0.533522528,-0.856626861,2.62924078,-0.21589061,-0.868116706,2.611016598,-0.59176904,-0.919665361,2.607247768,-0.18116063,-0.935986,2.575223927,0.035037778,0.011730906,0.035089702,0.034801716,0.006938971,0.02411208,0.032537769,0.002811727,0.02242493,0.035667771,0.008607961,0.022112932,0.028849118,0.002557948,0.017312973,0.06809055,0.048619091,0.065253542,0.027272647,0.004334165,0.013640825,0.127169877,0.136787445,0.104143529,0.030173038,0.009599017,0.012967269,0.1500086,0.181381014,0.124010736,0.029615689,0.001672603,0.011756373,0.028581085,0.001968388,0.00813212,0.027650965,0.001346319,0.007502474,0.027679419,0.002106416,0.005055692,0.010853484,0.006298767,0.003048437,0.014691356,0.005141984,0.003108407,0.001517539,0.001915523,0.002513847,0.001452772,0.0024938,0.00179003,0.001474285,0.002206276,0.002918963,0.001457264,0.00122221,0.001933377,-0.224859265,-0.073484409,0.119608167,-0.510741199,0.007860009,0.071287125,-0.461631927,-0.032939091,0.078610126,-0.35999217,-0.088892991,0.096321523,-0.381568655,-0.089601979,0.083571895,-0.170040309,-0.233016224,0.072499546,-0.328822372,-0.098687954,0.018284215,-0.164947555,-0.244574238,0.115675157,-0.297651159,-0.076195878,0.032295034,-0.117563116,-0.245664221,0.11150212,-0.519417424,-0.09669035,0.071155566,-0.475555606,-0.155551556,0.106291183,-0.529504103,-0.082852432,0.124843668,-0.475404051,-0.116359479,0.102689952,-0.087401289,0.023731495,0.038915899,-0.494626519,-0.166543182,0.029349798,0.07503261,0.003016363,0.107449308,0.003750421,-0.04081972,0.075349128,-0.094526814,0.026651609,0.009396713,0.023366185,0.005932046,0.001143627,0.478860454,0.616103259,0.38284838,0.51696741,0.269858553,0.431941331,0.384681673,0.282548605,0.515022137,0.548153885,0.448662901,0.404910283,0.384350995,0.31385221,0.534679677,0.378585136,0.485818297,0.506669761,0.367376967,0.538062858,0.470734212,0.489641986,0.530131785,0.419329725,0.389398532,0.619543631,0.421016402,0.533204444,0.610952232,0.338987158,0.504019307,0.269475812,0.429045861,0.594277851,0.317747518,0.358615342,0.588354516,0.257466932,0.355571413,0.565015228,0.342958425,0.378770956,0.586333142,0.655961513,0.317972124,0.274696031,0.583398381,0.383629874,0.32015946,0.581563249,0.508847739,0.383236053,0.604792656,0.480527868,0.497488647,0.482301217,0.498799267,0.475737704,0.559790756,0.472954161,daily,10
-0.09653753,0.690328821,2.370035086,-0.106542352,0.508666579,2.413634621,-0.287518986,0.386730019,2.416361552,0.073509909,0.411450016,2.408000845,-0.325792169,0.116682559,2.434634328,0.225360366,0.259969719,2.331095379,-0.318997916,-0.089686828,2.404230069,0.236769674,0.240259631,2.117393414,-0.309491021,-0.187632338,2.386550845,0.229437781,0.254376457,2.030971534,-0.092744536,0.150314116,2.427600603,-0.091153056,0.081779058,2.393171276,-0.168977453,-0.003708075,2.385041914,-0.0075625,0.004899156,2.388217103,-0.195205881,-0.473577117,2.514046534,0.036949246,-0.46782544,2.518911397,-0.194784471,-0.839688883,2.595935069,0.049365631,-0.847074538,2.6188645,-0.251632262,-0.922464336,2.565784897,0.104008552,-0.916414133,2.591624138,0.004672996,0.001163459,0.003117283,0.001904649,6.79285E-4,0.001492127,0.002299359,0.001927691,0.001068526,0.003863613,0.001738621,0.002461511,0.001565931,0.00123866,0.002092444,0.039928604,0.029082924,0.045548947,0.001700732,0.001210266,0.002683685,0.111189645,0.070181045,0.048175879,0.002068517,0.005457867,0.004204655,0.147048609,0.08599039,0.0312318,0.001399517,9.67162E-4,0.001838497,0.001264995,0.001046992,0.00196973,0.001356191,9.69083E-4,0.00171344,0.001363787,5.41224E-4,0.002799637,5.54635E-4,0.001127975,9.69503E-4,4.588E-4,8.2478E-4,7.88075E-4,7.37502E-4,0.002246925,0.001913952,8.14349E-4,0.001127908,0.001161069,0.001056502,0.001146472,0.001444253,0.001053682,6.06614E-4,0.001793074,-0.009511892,0.023477818,0.04090588,-0.043768834,0.026522686,0.098509703,0.075332819,0.039153512,-0.01994051,-0.083620508,0.006780947,0.081866552,0.088857151,0.084710122,0.062381372,-0.16006067,-0.116172861,-0.05779787,-0.003146528,0.093337257,0.145544456,-0.201925174,-0.067657494,-0.011419031,-0.006441982,0.09510365,0.11229214,-0.26803994,-0.071716918,0.004996828,-0.157170172,0.109241616,0.163330619,-0.061903839,0.013198604,0.175131949,-0.013758648,0.034921469,0.145309541,-0.147207613,0.022440687,0.201975374,0.025043894,0.010955452,0.017338412,-0.069875669,0.0346861,-0.035155667,0.024918052,-6.32606E-4,0.033226957,0.062642462,-0.09421404,0.017618942,-0.027482087,0.011103067,0.002813339,-0.140334991,0.014865302,0.02134584,0.7021167,0.32561364,0.435548965,0.583856028,0.433567195,0.464313382,0.533725369,0.525663458,0.454492911,0.625563354,0.386565191,0.458744322,0.445434799,0.439401254,0.532782928,0.378420498,0.333557426,0.583692265,0.480926237,0.476310671,0.485957732,0.44292682,0.507481717,0.491081442,0.358796867,0.425899805,0.564545483,0.575644285,0.605521746,0.32096962,0.516143107,0.496441834,0.434758088,0.60435921,0.520852371,0.373780509,0.572117266,0.517262994,0.414229916,0.574384366,0.29767066,0.478721614,0.385638324,0.695967025,0.417131279,0.445631423,0.560326827,0.48020564,0.276037496,0.691723087,0.460922772,0.416864522,0.480750481,0.530990776,0.506213007,0.434551929,0.517908819,0.430275546,0.282312223,0.590096329,daily,10
0.072984591,0.612859903,2.149425933,0.017968025,0.435769392,2.152582547,-0.039818704,0.277344657,2.04831712,0.168183841,0.36437012,2.362597347,-0.108298847,0.021852202,1.985413773,0.337839548,0.314807232,2.398330573,-0.061482577,-0.192530567,1.969165147,0.425311128,0.415326331,2.262942747,-0.042719018,-0.272484692,1.977231333,0.461953165,0.430984188,2.22104216,0.078709409,0.083328047,2.15973188,0.096935538,0.014188862,2.160195533,0.062126205,-0.071546464,2.093793707,0.162106495,-0.060933084,2.224506093,-0.013963079,-0.544192625,2.231970133,0.134515605,-0.581828184,2.39180628,-0.093626498,-0.88533708,2.303213333,0.123707443,-0.886044176,2.424027653,-0.064862825,-0.947115169,2.323519587,0.196669163,-0.942622023,2.439266507,0.007563733,0.001545103,0.004816949,0.008967682,0.003093158,0.003431439,0.016103135,7.14652E-4,0.005469849,0.006545637,0.01616757,0.016689741,0.019191013,0.001208412,0.009472499,0.018092418,0.066947459,0.044014773,0.024086138,0.003422748,0.008921316,0.056169264,0.08639716,0.088610978,0.025111737,0.001756123,0.010094279,0.063876705,0.102785215,0.106970843,0.00946534,0.005770872,0.0060987,0.009886508,0.006451851,0.007158835,0.014340891,0.004346928,0.007648906,0.006250553,0.00654008,0.010076359,0.007818242,0.002231578,0.003481854,0.004040125,0.002657476,0.002801313,0.002314241,0.002376275,0.001268153,0.001522638,0.002560786,0.001945441,0.007672273,0.003285553,0.010682093,0.002767782,0.001150276,0.001519014,-0.289361286,0.093224915,-0.134127451,-0.372126368,-0.087933007,0.06522759,-0.421114753,0.042628603,0.066662655,-7.43884E-4,-0.25892104,-0.103510964,-0.338859557,0.01299746,0.066764684,0.043996215,-0.048463749,-0.058888049,-0.321782053,0.106007064,0.012788101,0.038362103,-0.091946877,-0.076869018,-0.289438114,-0.014069927,0.021723859,0.028124202,-0.098982099,-0.065447428,-0.302518967,-0.180174441,-0.145327989,-0.286512669,-0.169379301,-0.173343992,-0.28241856,-0.145912321,-0.136840609,-0.246761774,-0.138545317,-0.320689213,-0.165808323,-0.057006218,-0.058276827,-0.070320967,-0.127430446,-0.035436781,0.150159736,-0.182733464,0.003535434,-0.040173407,-0.106125997,0.030257158,0.023035979,0.013171107,0.05433146,-0.093737367,0.041364842,-0.070660425,0.526789205,0.327068181,0.485731247,0.504573184,0.258973173,0.503991545,0.594419557,0.150554408,0.458203818,0.449870511,0.475492625,0.483913494,0.634877894,0.205092776,0.455943672,0.383297895,0.665748959,0.43873449,0.624258774,0.324673926,0.432845547,0.455631821,0.636795715,0.419130018,0.684555266,0.255306509,0.428150328,0.430549608,0.655202459,0.419767344,0.466350925,0.492026654,0.423347281,0.451826048,0.539896256,0.39853951,0.546970531,0.384590085,0.446669451,0.431773351,0.412157345,0.412646044,0.574926492,0.503202386,0.42701971,0.558951221,0.544360997,0.420544785,0.420016652,0.590169143,0.450028966,0.405409931,0.551829044,0.501351976,0.531877548,0.285230481,0.554769811,0.614101182,0.429538291,0.449501246,daily,10
-0.28427067,0.682327042,2.43193129,-0.349491384,0.498332958,2.440867478,-0.413201493,0.339716709,2.351166261,-0.258204774,0.383905981,2.657327072,-0.452938004,0.114480357,2.294644928,-0.173492964,0.25390782,2.76250413,-0.373633694,-0.073775061,2.306133623,0.00868919,0.313058332,2.701762986,-0.327719526,-0.157735246,2.327504116,0.073393443,0.340328034,2.667835667,-0.29867468,0.122298686,2.480147333,-0.285121959,0.047305031,2.48972129,-0.304748159,-0.023214585,2.438329681,-0.245051196,-0.024220295,2.552803377,-0.408532064,-0.504497855,2.508646841,-0.28091953,-0.506153484,2.691094232,-0.43878177,-0.878520704,2.547306261,-0.271687109,-0.853766717,2.740421,-0.395113386,-0.953167351,2.529300913,-0.201410432,-0.931585891,2.738624971,0.00520665,0.003910246,0.007149168,0.005902594,0.003062896,0.005293684,0.007609392,0.001290842,0.002584209,0.004098558,0.002313308,0.010835026,0.007195916,0.001952196,0.001562498,0.0380493,0.041952708,0.032237693,0.004437471,0.001428391,0.004743161,0.037221354,0.129425461,0.095347609,0.006172526,0.00400636,0.008807658,0.033261373,0.156613038,0.119841123,0.003615788,0.005934195,0.006954678,0.003280352,0.007380455,0.007291355,0.004594632,0.003320018,0.008237704,0.00224978,0.004376782,0.007999347,0.001082537,0.001642388,0.002250523,9.55452E-4,0.003311827,0.004359527,7.25706E-4,0.001231317,0.001307859,0.001094136,0.001527209,0.001786898,4.25017E-4,9.04608E-4,0.001367658,0.008700097,0.002823826,0.005272341,-0.360405752,-0.115350953,-0.140093113,-0.443412685,-0.120988177,-0.197310925,-0.605468777,-0.060422749,-0.203646607,1.72737E-4,-0.007951224,-0.280945726,-0.507075745,-0.077580071,-0.134630282,0.047549393,-0.018457547,-0.053365872,-0.315102009,0.003480061,-0.242928974,0.051293382,-0.07856632,-0.050934,-0.154185004,0.034749449,-0.257126441,0.081509702,-0.088254144,-0.063045654,-0.207297309,-0.012569126,-0.317920823,-0.166617415,0.002792836,-0.30432182,-0.21892556,-0.070497174,-0.314815004,-0.065697062,0.113338751,-0.241987854,0.061769068,-0.098395579,-0.012732369,0.029631871,0.216527871,-0.166941728,-0.040657763,0.080611594,-0.049552595,-0.037597196,-0.082834884,-9.66841E-4,0.045373477,0.15422313,0.099623559,-0.168538589,0.029101829,-0.050093807,0.444285539,0.398574543,0.47112069,0.482953779,0.361995312,0.404747638,0.402188133,0.308876134,0.366253061,0.395488694,0.390246011,0.508106382,0.370592049,0.448729206,0.414004697,0.590915748,0.54939513,0.403644774,0.566175242,0.446894796,0.349641503,0.33896937,0.569065071,0.515926758,0.641732974,0.403435806,0.35439527,0.321816012,0.607984711,0.494657396,0.355897444,0.655884102,0.299635356,0.3523517,0.677408318,0.305070008,0.415696833,0.423540194,0.43491141,0.463058377,0.453778913,0.462981133,0.367686202,0.46073033,0.558481847,0.311547438,0.543581404,0.493825901,0.394993163,0.52341943,0.520601732,0.384637719,0.513186937,0.531783957,0.374548664,0.428513727,0.554535035,0.591032882,0.31191777,0.501949509,daily,10
-0.075618323,0.698376813,2.380239036,-0.111380323,0.509053579,2.413478821,-0.208168866,0.368525443,2.314186339,0.056799319,0.425127614,2.579634464,-0.250446604,0.128222163,2.284045446,0.193044975,0.298016173,2.674479429,-0.189739116,-0.120537748,2.278604571,0.363683409,0.330030489,2.541954214,-0.154701454,-0.206944902,2.279177018,0.429506234,0.355278163,2.477001554,-0.058795526,0.160642311,2.420589304,-0.040646972,0.092488721,2.417468946,-0.089785768,0.007530449,2.357164696,0.035706267,0.014838197,2.474167036,-0.174321734,-0.511726461,2.476715875,-6.72915E-4,-0.467991529,2.645077696,-0.205188261,-0.878733705,2.516190946,-0.033573334,-0.83018417,2.723835929,-0.176286613,-0.940248205,2.448918982,0.018766498,-0.888687416,2.760421571,0.003416081,0.001185668,0.003445138,0.001417513,6.18186E-4,0.002633399,0.002886066,6.92263E-4,7.55679E-4,0.004296888,0.006621437,0.012353142,0.00429706,0.001557626,0.001306396,0.039046915,0.047112321,0.026033816,0.011451005,0.023829787,0.003357395,0.064586465,0.083587903,0.071430977,0.009692362,0.018493755,0.001515269,0.077526728,0.098827871,0.09437008,0.001014136,0.002571338,0.00330591,7.29366E-4,0.003281331,0.002854237,0.001882506,0.001486921,0.001820976,0.001245444,0.003228092,0.004378325,5.04373E-4,0.001925218,0.001640338,7.94139E-4,0.001096375,0.001369167,4.71723E-4,8.98267E-4,0.001272178,9.63582E-4,0.001642257,0.001929395,0.001562764,0.001800713,0.001948862,0.006472022,0.002366648,0.01252917,0.12374493,-0.010820119,0.066252726,0.088864329,-0.021080694,-0.041723401,-0.145224966,0.182857298,-0.074919496,0.166177556,-0.181405645,-0.123174892,-0.211890785,0.103222828,-0.051356137,0.018579852,-0.036865779,-0.015570938,-0.05346778,-0.096311344,0.040323033,-0.056648083,-0.065414116,-0.049218899,-0.061838614,-0.085241844,0.016577114,-0.043419638,-0.092520766,-0.069861758,0.118492409,-0.073989832,-0.182875871,-0.00658174,-0.097949145,-0.082742458,-0.175850351,-0.170922061,0.019294561,-0.015731198,-0.118058394,-0.109810618,0.057163329,0.160862856,-0.021230209,0.061034657,-0.040342574,-0.019711664,0.09235496,0.085905097,-0.011250487,0.06282063,-0.051783416,0.008854228,-0.060803699,0.140232845,0.081668144,-0.026011716,-0.043297808,-0.014778624,0.603573377,0.359442717,0.481492162,0.484947332,0.401000898,0.535632633,0.570267329,0.523490582,0.39725465,0.462466505,0.523127228,0.448197274,0.534251537,0.480867927,0.44901336,0.479329439,0.469059579,0.514691934,0.392173187,0.77646887,0.323610984,0.475721524,0.547641754,0.470658301,0.41317695,0.830561964,0.233899972,0.447682722,0.578402352,0.461668171,0.352307098,0.616719501,0.441237967,0.283581089,0.636941203,0.485773449,0.439461587,0.44560235,0.513877921,0.331371741,0.541861546,0.519325822,0.299535694,0.642225752,0.473840899,0.412677942,0.522588763,0.515836592,0.363155192,0.588314074,0.493643043,0.356995503,0.505219586,0.544158734,0.484262452,0.482671513,0.488347854,0.485056151,0.336854738,0.561259807,daily,10
0.065073168,0.614702018,2.14926003,0.015254244,0.434243691,2.156127515,-0.044221501,0.277221108,2.056329939,0.170810482,0.357224952,2.359512364,-0.114191495,0.022032212,1.993974727,0.330316339,0.289184341,2.40219153,-0.066690503,-0.193412661,1.975406712,0.426723708,0.395271991,2.274344182,-0.04833539,-0.273189086,1.983786894,0.465192841,0.414106459,2.231283439,0.076628428,0.080287737,2.16179997,0.094794282,0.010705259,2.161654364,0.057483633,-0.072406031,2.096956061,0.16147892,-0.063584063,2.223274364,-0.016357268,-0.543814702,2.231011742,0.135534783,-0.57584937,2.391190364,-0.093291463,-0.885411811,2.304646242,0.127547438,-0.881750667,2.423739636,-0.061681991,-0.945671159,2.327502121,0.198946282,-0.941750589,2.437704455,0.011097646,0.001718283,0.005296461,0.011372787,0.002990703,0.004208361,0.016934635,0.001316856,0.003176201,0.007075951,0.019536353,0.02144865,0.017563796,0.002155499,0.008282109,0.021916523,0.076809046,0.053425559,0.022770517,0.002629219,0.008220761,0.064371886,0.089958007,0.098622161,0.023516947,0.002335327,0.009425255,0.073022409,0.107091329,0.118787686,0.010672567,0.006574593,0.005772725,0.010916784,0.007498886,0.00643949,0.014157196,0.005313143,0.005221917,0.00811963,0.006785573,0.009079597,0.010389974,0.002770619,0.005149395,0.005739656,0.002345144,0.003224783,0.001782689,0.002298558,0.002117834,8.37867E-4,0.00162082,0.002155015,0.004972484,0.002343727,0.006105471,0.001982456,0.001151466,0.001348515,-0.303570618,-0.049071869,-0.211462172,-0.429297035,-0.087723799,-0.040800853,-0.322041261,-0.079289858,0.023177821,-0.132313965,-0.13120621,-0.195451725,-0.205191553,-0.129955156,0.037208586,-0.048552848,-0.042975903,-0.146042486,-0.296335802,-0.087742088,-0.006734435,-0.001926016,-0.117932481,-0.119956342,-0.228457083,-0.023768208,-0.020572154,-0.008626764,-0.079689865,-0.113514601,-0.31864216,-0.087021935,-0.075677485,-0.294072584,-0.086977118,-0.0890171,-0.313564155,-0.131983939,-0.079728227,-0.264434634,-0.071434471,-0.141783777,-0.286945233,-0.069850137,-0.21316801,-0.157143722,-0.001069974,-0.094833845,0.038051773,-0.198703681,0.051767125,-0.057141294,0.053813941,0.06698349,0.055138291,-0.006596162,0.054852519,0.109599676,-0.082014944,0.036249422,0.626698701,0.192292646,0.428987931,0.560838059,0.257536319,0.450236236,0.699603816,0.238437014,0.403445783,0.365384873,0.471993574,0.507689336,0.68343796,0.356894095,0.404625446,0.407459044,0.609690859,0.446815121,0.59227479,0.435761405,0.416450978,0.472897108,0.615565284,0.411530972,0.664743227,0.263864382,0.457536198,0.399893927,0.673524306,0.411323408,0.483558445,0.533326668,0.414689466,0.468022996,0.577766891,0.400108013,0.537622035,0.422034742,0.439905076,0.406868198,0.501666513,0.474551208,0.523516813,0.397556292,0.431078154,0.552499017,0.523904584,0.425173698,0.454890971,0.568468371,0.451403575,0.334570618,0.635161837,0.476382117,0.603027022,0.274844369,0.517780363,0.593221954,0.415474321,0.468182063,daily,10
-0.247061793,0.702930585,2.230741934,-0.293565692,0.515102033,2.290868328,-0.381799034,0.370261821,2.188548836,-0.148187513,0.434687843,2.480996,-0.43040798,0.125466056,2.164893426,-0.007083471,0.301253539,2.543099639,-0.366667718,-0.073868634,2.186890377,0.13157922,0.29692637,2.394670607,-0.338060111,-0.14132272,2.197845787,0.188966227,0.299467184,2.320857377,-0.249421866,0.182991157,2.337972344,-0.240377644,0.116467252,2.350694279,-0.284875757,0.021984125,2.292912852,-0.173651933,0.045798879,2.427878967,-0.346100008,-0.498589093,2.415705557,-0.236046582,-0.47426387,2.601196082,-0.382383589,-0.89160277,2.393474033,-0.227284979,-0.857656625,2.658862246,-0.313375023,-0.940379556,2.342797836,-0.146575562,-0.921220016,2.706842475,0.004147661,0.004698575,0.00796611,0.001512786,0.002268785,0.004759181,0.00926837,0.001212897,0.003501069,0.009664595,0.00577997,0.015062351,0.012971403,0.002722151,0.003763035,0.022352872,0.028704677,0.045242434,0.015999432,0.004338628,0.002609494,0.050281096,0.091289745,0.094473504,0.018556359,0.006899083,0.005139963,0.07106752,0.129292229,0.11780854,0.006111864,0.00272017,0.004912774,0.007233382,0.003313407,0.00527982,0.012178925,0.00190375,0.00312655,0.005920199,0.00424845,0.008854742,0.007767433,0.002825456,0.005997829,0.009214587,0.007407436,0.009636192,2.92358E-4,8.45549E-4,9.1317E-4,0.002457367,0.006383204,0.002235269,0.003730636,0.001409626,0.003573419,0.004168088,0.004237062,0.003814631,-0.160180013,0.008094862,-0.024104163,-0.053896393,-0.106108767,0.066675977,-0.537936125,0.036671935,0.125420685,0.346561077,0.003818554,-0.237151482,-0.499338844,0.074785853,0.264922179,0.113903129,-0.017333535,-0.011077515,-0.290069333,0.0226114,0.14673634,0.065697869,-0.085121476,-0.058471456,-0.215507899,-0.014623936,0.144827738,0.053460654,-0.069682556,-0.075133223,-0.169432839,0.159106996,-0.075748273,-0.158908558,0.184109682,-0.113121174,-0.369782357,0.15843034,-0.094639682,0.041891883,0.055707782,-0.173622162,-0.015283825,0.116536434,-0.048462863,-0.124674906,-0.100862456,-0.125544668,-0.07232345,-0.036040578,0.113269352,-0.033396098,0.201120535,0.012724461,-0.453975371,-0.107816448,-0.412275774,-0.02113851,0.071444863,-0.099084059,0.477868444,0.55122101,0.460324457,0.45105202,0.418863162,0.538980307,0.366771953,0.33763548,0.45125573,0.405623164,0.426028285,0.447674877,0.3705031,0.413002363,0.369866042,0.567006861,0.448061033,0.472933789,0.511125244,0.577896321,0.359358444,0.503331651,0.581427701,0.431987298,0.49664815,0.5953047,0.382231479,0.490472791,0.602880471,0.424254924,0.462995594,0.564615735,0.437942762,0.491436488,0.5592882,0.414045145,0.520737328,0.442650473,0.408336962,0.564325708,0.526931615,0.400611727,0.498959603,0.430606165,0.514845033,0.408874446,0.650408835,0.409224494,0.391021385,0.606352021,0.463706183,0.384627825,0.817868797,0.248896227,0.28151391,0.438355015,0.269233298,0.483962044,0.530788725,0.469984639,daily,10
-0.027771341,0.603839471,2.130923634,-0.053219259,0.418992334,2.150221226,-0.175326676,0.276525121,2.072815835,0.122223437,0.354221044,2.240210299,-0.242621787,0.025228906,2.041443689,0.291025221,0.318043266,2.17531778,-0.216833184,-0.180828901,2.050765689,0.406393059,0.348976121,2.049100543,-0.209072205,-0.235252267,2.056808366,0.45012343,0.338035236,2.02308936,-0.021345273,0.076482233,2.159455854,-0.007977907,0.009151506,2.151168024,-0.068912913,-0.077410443,2.103328951,0.0714079,-0.067347881,2.194928823,-0.112389,-0.479413935,2.196907799,0.092128461,-0.53739216,2.335252287,-0.124557567,-0.828372638,2.303604232,0.153384134,-0.886861612,2.387030012,-0.087219864,-0.872046012,2.239856268,0.214499759,-0.943561154,2.381804006,0.009544107,0.003893669,0.008221685,0.008423434,0.001671824,0.007277488,0.011931528,0.004335308,0.013302537,0.011694897,0.023836258,0.040266894,0.012853057,0.008516072,0.019738504,0.034701986,0.094046611,0.121572149,0.021364528,0.008036874,0.023931938,0.099748203,0.161274157,0.198641659,0.022947672,0.017908858,0.024849214,0.122017001,0.185868553,0.21386092,0.007899628,0.006802022,0.006975409,0.00856082,0.008256009,0.005812599,0.012429773,0.005548384,0.009273079,0.008892121,0.009210742,0.009363698,0.004425761,0.006319598,0.007475826,0.002163187,0.004021843,0.00439968,0.003901658,0.017024514,0.006286566,0.001716846,0.00340602,0.002209776,0.010088126,0.0171777,0.006465941,0.002356435,0.001653953,0.00159498,-0.166325568,-0.018697821,-0.01468662,-0.072546263,-0.003054471,0.043954665,-0.315537954,0.120922835,0.233227326,-0.065971357,0.019808582,-0.108138846,-0.209939272,0.10935291,0.227865729,-0.007256771,0.017396225,-0.078235079,-0.1585622,0.082706688,0.157743924,-0.004231001,0.002306517,-0.059059383,-0.106703717,0.061224205,0.164338668,0.008346169,-0.038251254,-0.054658397,-0.149574978,0.042056109,0.01610774,-0.149388174,0.08066262,-0.086374853,-0.167707944,0.056905698,0.036378802,-0.072097327,0.035996489,-0.068299063,-0.016735139,-0.013079151,0.06154633,-0.048703739,0.083618869,-0.079901762,-0.011056914,-0.020936228,-0.011369789,-0.087013035,0.087687091,0.015790711,-0.064995187,-0.02147498,-0.041626002,-0.025255269,0.026502158,0.051173865,0.494900711,0.484587549,0.492693372,0.510874574,0.424729281,0.521193281,0.491134544,0.347647824,0.451358185,0.239440516,0.675562667,0.475312076,0.343408845,0.501631907,0.481373992,0.331637844,0.632916086,0.485089978,0.509890032,0.426584653,0.484588762,0.41162546,0.59283569,0.482666123,0.437153202,0.668132103,0.378674593,0.451248924,0.617594803,0.447918598,0.383683646,0.640821507,0.453424794,0.403391532,0.721688741,0.364892297,0.5078871,0.628056263,0.391944735,0.364340885,0.71358865,0.409872917,0.406305463,0.706085958,0.401339785,0.409828524,0.682813558,0.410732712,0.34118693,0.799365425,0.344708048,0.41469423,0.689362613,0.406704589,0.380856184,0.785098199,0.334838328,0.648928129,0.487978363,0.404979231,daily,10
-0.051883832,0.602186427,2.118320052,-0.068788996,0.415229067,2.137407701,-0.191628107,0.272948805,2.06495187,0.108134319,0.35297108,2.216826968,-0.256373094,0.019827675,2.036519071,0.281559713,0.329727553,2.148008481,-0.23169557,-0.187771185,2.036556695,0.400418389,0.366448945,2.028776617,-0.219832384,-0.233013975,2.035373214,0.437426449,0.36027508,1.998064455,-0.031258222,0.070681441,2.146506578,-0.01919069,0.002584819,2.141471286,-0.080572286,-0.083283662,2.098320513,0.061374812,-0.071153672,2.181760487,-0.115727676,-0.48706286,2.195721006,0.089454147,-0.538395381,2.330090032,-0.125646436,-0.825526544,2.300454266,0.153491138,-0.887382014,2.385624422,-0.09129533,-0.869359026,2.235384656,0.213958989,-0.942653183,2.380867604,0.010212298,0.003836267,0.011296143,0.005351914,0.002153829,0.009126548,0.014434872,0.003700574,0.017595661,0.00888075,0.023188077,0.033242337,0.012690331,0.006031941,0.025818789,0.03951653,0.095611291,0.114975409,0.020752761,0.005403198,0.027299274,0.106260416,0.165733168,0.19383067,0.023498527,0.007480784,0.026347327,0.131262992,0.192929193,0.208370946,0.008502847,0.007834655,0.009663011,0.009707901,0.009378176,0.006739908,0.013841697,0.006176476,0.013039095,0.009274376,0.00974647,0.005187668,0.007597887,0.008859068,0.010628736,0.002398833,0.003323889,0.003856237,0.004212142,0.017560234,0.007525727,0.001689458,0.003006869,0.002053735,0.010397887,0.017605101,0.006498742,0.002164524,0.001703386,0.001405608,-0.221679825,-0.061801035,-0.019791579,-0.069875238,-0.055652335,0.088874871,-0.296751684,0.047195039,0.253358871,-0.055301314,3.3916E-4,-0.109652818,-0.108856018,0.08731313,0.281242226,-0.013069102,-0.005819064,-0.056421946,-0.125135261,0.083298032,0.215639606,0.001938061,-0.042201285,-0.030945121,-0.092854449,0.022733764,0.198292654,0.006686399,-0.064110603,-0.021014823,-0.135857551,0.013518077,0.067069198,-0.064525849,0.055929886,-0.008279758,-0.155094148,0.029472627,0.079693443,-0.012279878,0.06351899,-0.021320989,-0.087954165,0.077902433,0.087451028,-0.002795389,0.032090228,0.009016268,0.008378646,0.053078837,0.01676158,-0.069152735,0.055631038,0.024753124,-0.080657125,0.050922636,-0.015923983,-0.091219352,0.071147879,0.058385381,0.582139406,0.487768123,0.425772254,0.525788346,0.461665577,0.489868829,0.530225533,0.256013131,0.461888853,0.30462081,0.684441098,0.449959778,0.424330291,0.359033927,0.502828836,0.320456819,0.647103289,0.482397309,0.543735045,0.317078095,0.490369205,0.390139629,0.618771546,0.476787588,0.616701831,0.399796329,0.42717289,0.437261583,0.622724924,0.452442802,0.371217463,0.676439867,0.430275235,0.453624089,0.73254774,0.348988285,0.494657216,0.589879527,0.425998591,0.443918989,0.714949873,0.374245065,0.37110371,0.689124787,0.419262943,0.344895193,0.712948931,0.427204373,0.279724951,0.784651117,0.384752269,0.498420018,0.634109678,0.408524549,0.37622148,0.761218045,0.362491325,0.583941784,0.527451844,0.420676758,daily,10
-0.057751398,0.699764186,2.3955615,-0.106933394,0.515296005,2.418594375,-0.209586741,0.373968059,2.317522344,0.065499198,0.42094165,2.583933266,-0.256703369,0.134039733,2.284765563,0.198822284,0.302563545,2.658781453,-0.202742505,-0.10175981,2.2778785,0.342714291,0.330671197,2.503910141,-0.167768942,-0.196215113,2.279243563,0.399971405,0.354504453,2.425859938,-0.05773107,0.166191266,2.426728516,-0.039401241,0.097994514,2.422862203,-0.089717756,0.010763315,2.361929547,0.038062905,0.018047527,2.480008,-0.175129195,-0.506495745,2.470696188,-0.002499699,-0.464080211,2.641309859,-0.205555266,-0.878664388,2.516047484,-0.034002475,-0.830201647,2.723103844,-0.175473073,-0.939817502,2.449001875,0.019537062,-0.889869214,2.759028172,0.017705934,0.001181356,0.007301823,0.006266219,0.004688947,0.001677866,0.011290204,0.001874344,0.004413668,0.00252283,0.003668795,0.015525308,0.008623541,8.64058E-4,0.007504057,0.018678195,0.035266793,0.054238881,0.010193853,0.014952312,0.00676379,0.061007722,0.071254226,0.10092103,0.009321119,0.015436468,0.00441472,0.087657295,0.084723094,0.121747975,0.005734162,0.002916719,0.001019329,0.00676122,0.003041654,0.001373217,0.009487065,0.002395848,0.004224047,0.004998232,0.001763596,0.004153255,7.4993E-4,0.001534739,0.001583002,0.00125418,8.5559E-4,0.001141812,9.31858E-4,9.53839E-4,0.001411765,0.001281561,0.001588895,0.001437944,0.001835222,0.001750202,0.002334518,0.004721537,0.002933995,0.005631694,-0.269107888,0.003640361,-0.005048873,-0.292557998,-0.190028509,0.014965575,-0.487304708,0.054336598,0.044281091,0.02001846,0.084595808,-0.216095692,-0.25139941,0.028201617,0.071177029,0.085868137,-0.124920734,-0.181862793,-0.099183831,-0.115542561,0.052156954,-0.048995013,-0.072439085,-0.097597007,-0.093298286,-0.126910152,0.032861246,-0.055094628,-0.086433805,-0.098014355,-0.316060397,-0.089502874,0.05174135,-0.352485549,-0.123050014,0.08610814,-0.331675705,-0.143306751,0.218637855,-0.320508271,0.022361668,-0.115641144,-0.075535023,0.017253863,0.006820667,-0.098874332,-0.083402706,0.16904935,0.010790098,0.028814193,0.13764638,0.120959734,0.013339743,-0.081968339,-0.054801838,0.071685188,0.097569862,0.11653105,-0.054016279,0.155687548,0.635603325,0.288603713,0.460005149,0.612091755,0.447211604,0.377746359,0.466209922,0.550294459,0.328430293,0.444037739,0.453439903,0.489282857,0.522903865,0.414413151,0.481484311,0.432456916,0.520686365,0.46661136,0.416746366,0.733882596,0.348412944,0.446352014,0.560166146,0.471162757,0.422110957,0.734060661,0.346197694,0.46568328,0.573886805,0.451513239,0.482713407,0.598625698,0.372629162,0.368057061,0.588105175,0.416010103,0.46561322,0.352259385,0.45470008,0.355009595,0.422748697,0.52313685,0.303461232,0.660575661,0.474070151,0.440728454,0.482588132,0.490883785,0.394701555,0.56595073,0.484035742,0.41392894,0.515809218,0.508937856,0.48152846,0.428131617,0.520263118,0.579310739,0.337132496,0.484180712,daily,10
-0.268494303,0.678717149,2.425408197,-0.339320213,0.496666671,2.435002566,-0.408668611,0.33860842,2.346182066,-0.246113292,0.387068018,2.654037947,-0.451226496,0.111896745,2.294625711,-0.160291356,0.28690325,2.779992211,-0.374028521,-0.077674448,2.303085224,0.01389137,0.344663709,2.712410263,-0.331529241,-0.15626673,2.322097316,0.081927776,0.372256481,2.680206737,-0.292902254,0.118831751,2.476976737,-0.280141726,0.04352305,2.487059961,-0.302256713,-0.024955556,2.439558039,-0.239292829,-0.026243077,2.547043382,-0.408649092,-0.501866579,2.505974618,-0.279976168,-0.504760295,2.686116526,-0.43840093,-0.876660832,2.545961882,-0.270974643,-0.853473645,2.739923447,-0.395342646,-0.952636992,2.529803316,-0.200466593,-0.932261958,2.737669671,0.013235401,0.003083515,0.007900157,0.011560957,0.00329229,0.005801627,0.012745566,0.002328677,0.003475348,0.00739495,0.006782397,0.014436803,0.01192898,0.004198475,0.00393619,0.049510313,0.063905356,0.051215843,0.009977492,0.003687872,0.004860696,0.045199009,0.151745443,0.107672077,0.006937427,0.010843238,0.004458752,0.040043935,0.185621606,0.138979984,0.008669429,0.009275739,0.008185805,0.008310741,0.011029011,0.008928804,0.009770218,0.004689182,0.009163134,0.005687445,0.006518673,0.012059369,0.00105204,0.002090277,0.001179673,0.00252921,0.003599787,0.002353806,0.001192632,0.00193945,0.002410209,0.001629669,0.001190628,0.002565208,6.75623E-4,4.45573E-4,0.001069324,0.007476719,0.003130868,0.006788435,-0.37609638,0.022533453,-0.149744977,-0.270680973,-0.135162947,-0.152245883,-0.431331066,-0.012825966,-0.148413599,-0.134589854,-0.046799473,-0.057613415,-0.400938657,-0.122618743,-0.117244711,0.059222769,0.005268233,-0.09782558,-0.303677639,-0.107848504,-0.136040367,0.035392738,-0.025376108,-0.01328369,-0.149502892,0.032398454,-0.045754318,0.030340335,-0.04776663,-0.015844929,-0.227942864,-0.113270588,-0.234562693,-0.206652878,-0.093724895,-0.208703309,-0.179398853,-0.104131118,-0.093736022,-0.126665096,-0.022352495,-0.230510631,-0.05822736,0.21845466,0.033746587,0.003076334,0.283519937,-0.172458999,-0.04490212,0.011775915,0.059472727,-0.039525616,0.023079466,-0.049740376,0.031458206,0.019973135,0.054210853,-0.125340564,-0.015643012,-0.079276632,0.607281436,0.319139965,0.404185313,0.594117235,0.317287264,0.443444892,0.615145977,0.203377754,0.408390259,0.558706493,0.469761749,0.461809023,0.435609723,0.441344438,0.445048153,0.548890312,0.547701078,0.425695027,0.519358487,0.483768333,0.412406385,0.341084969,0.621501883,0.490807305,0.599025215,0.565398181,0.374302571,0.271874204,0.615610708,0.514791627,0.31430514,0.752324362,0.26900602,0.287232736,0.777448807,0.282210393,0.45003583,0.561443151,0.451391118,0.37847246,0.537279462,0.463845093,0.449185236,0.593146734,0.435300954,0.396540423,0.583248507,0.416834066,0.407235661,0.514832882,0.522695395,0.377508396,0.440033936,0.567180376,0.416815239,0.442657304,0.552097443,0.577849674,0.327560307,0.508210493,daily,10
-0.293321992,0.662409281,2.413523914,-0.340707904,0.446506467,2.43955661,-0.414931512,0.333965459,2.349080276,-0.234316837,0.380172439,2.623282438,-0.453237436,0.105377597,2.295574133,-0.128919535,0.243068858,2.69674939,-0.367188628,-0.080957244,2.297959886,0.024785055,0.321072867,2.5834302,-0.344933484,-0.150132716,2.308783657,0.074097446,0.349861107,2.547938543,-0.290271438,0.113855303,2.464352076,-0.276914525,0.047247938,2.470481229,-0.304011208,-0.023563763,2.417973943,-0.226900754,-0.022892257,2.529467552,-0.406507667,-0.504596984,2.499976248,-0.278398617,-0.502861618,2.679270933,-0.437100782,-0.87357099,2.541084933,-0.271911406,-0.853148726,2.736170571,-0.395401411,-0.953496403,2.527399733,-0.20192773,-0.931960414,2.73730961,0.009534454,0.01066181,0.014141622,0.003849428,0.032877595,0.006511669,0.005850584,0.002439287,0.007222929,0.022480821,0.011046641,0.016315489,0.005943639,0.009321599,0.009617932,0.053954667,0.038704083,0.064946796,0.005502821,0.008273723,0.003114265,0.039399984,0.108374182,0.136004497,0.005502954,0.008275401,0.003114327,0.046174707,0.137633273,0.152663378,0.001958248,0.010097508,0.00817528,0.001938857,0.006888298,0.010542603,0.010064233,0.005055651,0.015317423,0.007232726,0.003197335,0.010855481,0.001379246,0.002064554,0.0019132,0.002557776,0.005799348,0.005766848,0.00129092,0.00209068,8.32691E-4,7.8075E-4,0.001762259,0.002425615,0.001050245,8.51086E-4,0.00176701,0.007105624,0.003019869,0.005228775,-0.185865976,-0.14784135,0.092029305,-0.018989039,-0.057332259,0.165459834,-0.175019648,-0.04883807,0.279011813,0.062359101,-0.11491509,-0.167309588,-0.218100102,-0.170085883,0.108179426,0.062849811,-0.05652114,-0.159834118,-0.080207857,-0.11216443,-0.023584784,-0.023621747,-0.064582131,-0.162598305,-0.080205418,-0.112202242,-0.0235452,-0.068279545,-0.031257815,-0.180530014,-0.065025207,0.057167373,-0.081526677,-0.082563476,0.046265434,-0.117078879,-0.204517822,0.013481937,-0.175494702,0.09622615,0.01727892,-0.120459101,-0.07748776,-9.1392E-4,-0.17398795,0.080631063,0.194914856,-0.17120285,-0.038346411,0.027730284,-0.012442625,-0.106977423,8.4353E-4,0.003877445,0.06752515,0.04070217,-0.026950611,-0.105445876,0.005270806,-0.089473863,0.41251695,0.412026786,0.536843126,0.377527387,0.546945821,0.494845895,0.598462296,0.329563825,0.408098286,0.578691475,0.514463398,0.398149713,0.449134539,0.711296413,0.301543658,0.587298996,0.462735187,0.431591262,0.543484405,0.66257295,0.343282853,0.327825755,0.593597017,0.48600325,0.543465327,0.662584957,0.34328316,0.322464576,0.654290728,0.439774126,0.369023637,0.592385894,0.49106804,0.333180601,0.579292292,0.50352451,0.349169068,0.466097926,0.522788679,0.427307134,0.445256087,0.534130355,0.37598431,0.622001693,0.444379125,0.332309255,0.609198019,0.449848567,0.393350101,0.621659144,0.472560397,0.387724393,0.498228036,0.538626934,0.413797055,0.440675606,0.555526281,0.632825219,0.32675483,0.477351678,daily,10
