-0.366876865,0.686771404,2.498896407,-0.350218422,0.496138987,2.550609868,-0.492734815,0.38119863,2.508629846,-0.205887468,0.410728033,2.519485791,-0.511858353,0.244066957,2.300330637,-0.145995934,0.299891695,2.264877077,-0.272847309,0.259208126,2.233574011,-0.305069765,0.389750237,2.208563022,-0.204178612,0.270817953,2.223381901,-0.35600649,0.431845356,2.193962659,-0.340956987,0.131991566,2.565086879,-0.337774658,0.062105517,2.533005044,-0.4015334,-0.004832074,2.52595844,-0.269766743,-7.15412E-4,2.530714231,-0.445269524,-0.464649787,2.636961099,-0.237855299,-0.480015127,2.654853396,-0.450106257,-0.838550334,2.678893758,-0.234945222,-0.850855248,2.685223407,-0.44788619,-0.887655495,2.595853374,-0.203781733,-0.92601049,2.645731286,0.004933779,0.006220237,0.006275967,0.004039832,0.00303817,0.007123581,0.004891388,0.009998907,0.008279636,0.021279616,0.017407249,0.00980611,0.017082035,0.013729616,0.016221232,0.017702636,0.024793689,0.010746989,0.038674548,0.030670677,0.020699337,0.127486122,0.131000707,0.029833252,0.052990885,0.04884137,0.040301638,0.160020704,0.160961342,0.037778326,0.003062304,0.009245363,0.007095971,0.00247343,0.011607482,0.004789093,0.003145837,0.008977795,0.004857676,0.004982241,0.008279993,0.005114727,0.001457159,0.004460422,0.002798102,0.001297109,0.002747238,0.002821683,4.91273E-4,9.73847E-4,0.001142648,7.68698E-4,0.004364918,0.001217391,0.004550488,9.92084E-4,0.00116682,0.001256266,0.001984155,0.002267616,-0.017288977,0.106425827,0.048478165,-0.007576787,0.246893387,0.061959261,0.145503979,-0.067754199,0.120140913,0.040589253,-0.017698833,0.124399374,0.017043867,0.056660438,0.092794451,0.139947192,0.181131669,0.097936961,0.081575876,0.133418362,0.006433753,0.170291628,0.24255449,0.043120885,0.035664728,0.111567221,-0.058812513,0.200100766,0.219126113,0.026708878,-0.095047875,-0.04272494,0.088780311,-0.084836684,-0.032352417,0.073964638,0.037014836,-0.014954342,0.046404331,-0.085885241,-0.02665959,0.08545218,-0.110617084,-0.180489697,0.155461336,0.005059968,0.231514014,0.073594506,-0.066735754,-0.056748955,0.048586487,-0.013366151,0.099309449,-0.021235103,-0.051211468,-0.046242476,0.003838091,0.007328264,0.015365948,0.039878894,0.607601977,0.554666309,0.38441318,0.541626231,0.570465463,0.387713926,0.522831541,0.528838041,0.436250891,0.500861825,0.59008521,0.422225616,0.628723096,0.471240729,0.418673837,0.519213729,0.639553337,0.344894929,0.755430681,0.479570397,0.285845323,0.706770724,0.469874393,0.296659836,0.727317182,0.459259909,0.337722224,0.652148099,0.557628963,0.284749125,0.449680434,0.76502871,0.295371163,0.464369103,0.819183946,0.203456676,0.471649882,0.785716973,0.267505235,0.563434605,0.730073085,0.240291847,0.350164568,0.737043252,0.338272667,0.370957342,0.728904939,0.356934377,0.33928201,0.611462359,0.49363816,0.267993734,0.819964071,0.341806014,0.699856054,0.465231939,0.372696905,0.356145687,0.534045212,0.535413775,day,13
-0.484347667,0.559537496,2.498530942,-0.493986646,0.365867652,2.522143304,-0.632169178,0.248719686,2.438568014,-0.336640652,0.260216406,2.480590449,-0.620825723,0.08020294,2.330231942,-0.322438823,0.093443462,2.315030159,-0.440633336,0.087419966,2.291893667,-0.427705972,0.245483538,2.241134594,-0.380550362,0.091771834,2.28872829,-0.467096628,0.300632094,2.223566087,-0.481052545,0.022236209,2.52985029,-0.471027232,-0.038708144,2.479248377,-0.530152938,-0.110328948,2.455587159,-0.404638442,-0.103314116,2.484449014,-0.593521648,-0.511756817,2.558882696,-0.385299103,-0.514021616,2.591264594,-0.620912235,-0.858122746,2.604783406,-0.373954074,-0.852143901,2.627174826,-0.651480842,-0.932767186,2.585382565,-0.340348775,-0.929798843,2.599343232,0.008682784,0.003092056,0.002257022,0.007432366,0.004348955,0.00365422,0.004553218,0.009787599,0.007562494,0.022692493,0.01343002,0.01793093,0.004932535,0.009434599,0.006821219,0.010632032,0.028997441,0.013374844,0.038760778,0.062157977,0.023743425,0.10960068,0.054964496,0.021516832,0.058881199,0.075724998,0.025666518,0.151129615,0.075914909,0.03232119,0.003888924,0.00666955,0.001288039,0.002960059,0.008065935,0.001204056,0.004004312,0.006553825,0.007750555,0.004837695,0.006946694,0.008321485,0.001235727,0.003354381,0.001109445,5.54435E-4,0.003986717,0.001598059,4.67668E-4,5.80148E-4,6.74119E-4,7.02103E-4,0.002474334,0.001102117,0.003024992,0.002299734,0.003517154,0.002498713,0.002628871,0.003511092,-0.083487917,-0.016083953,-0.061082305,-0.052916513,-0.138434192,-0.197969973,0.075063897,-0.069721215,0.054488218,-0.010541093,0.143296625,0.124306213,-0.073441781,-0.086017144,-0.055615871,0.219786102,0.035808913,-0.008841602,-0.006190132,-0.063951157,-0.012873798,0.200506858,0.071540208,-0.069879353,-0.008173735,-0.066587087,-0.017553123,0.210838307,0.111487922,-0.071746612,0.080588305,0.053017569,-0.041316024,0.241797731,0.054446814,-0.0510011,0.109639682,0.032216915,-0.079605005,0.247834168,0.135095225,0.10700096,0.023194867,-0.118982411,0.023663132,0.044679638,-0.412513721,0.103776567,-0.04793476,0.157341046,-0.007226591,0.003673122,-0.114484226,0.019362912,-0.109085982,-0.007747511,0.063316948,0.041761503,-0.113481942,0.002643717,0.539244641,0.608880577,0.392980096,0.449850764,0.553094173,0.433123036,0.404425789,0.713155935,0.385011216,0.4844848,0.416243498,0.512348888,0.398795785,0.657754671,0.432641212,0.546043736,0.638286699,0.338558969,0.561072352,0.590602841,0.398217967,0.700812636,0.525462164,0.284734898,0.558021758,0.585806318,0.403450536,0.651962081,0.587741209,0.270771517,0.627463342,0.689069606,0.227882136,0.365812532,0.820832909,0.234623025,0.447676061,0.631882162,0.423965842,0.478668755,0.576228027,0.400032686,0.33032593,0.816516183,0.310992724,0.340657364,0.649367858,0.354271435,0.406483162,0.602655621,0.463310899,0.33328736,0.743362253,0.392143003,0.482212718,0.424706957,0.525412873,0.546146877,0.496428164,0.461370455,day,13
-0.478920946,0.55936833,2.489693586,-0.495388299,0.366857501,2.516362929,-0.628650546,0.247418137,2.428248343,-0.335767931,0.260821059,2.460342657,-0.619727941,0.075436337,2.328313243,-0.321807933,0.106604259,2.302387371,-0.443455553,0.124639776,2.282806329,-0.399423269,0.271906869,2.250289786,-0.382087507,0.120922575,2.269757057,-0.424949366,0.320448787,2.237022186,-0.47929798,0.019685836,2.525173671,-0.470322646,-0.042156307,2.474852471,-0.528844449,-0.112603907,2.451863657,-0.403352186,-0.105901674,2.479839357,-0.592068891,-0.513025196,2.5573782,-0.385372063,-0.511146253,2.5899064,-0.621025897,-0.858850466,2.606194057,-0.374371637,-0.852784226,2.627527,-0.650648659,-0.931843761,2.5869679,-0.339763504,-0.930532111,2.599102314,0.006314452,0.002622641,0.006985757,0.005152512,0.003440673,0.004867393,0.008894312,0.003887314,0.014626456,0.022229531,0.010598094,0.021957153,0.004444874,0.007175541,0.005888774,0.013129275,0.021797285,0.00837961,0.050078593,0.071845296,0.013075375,0.08427931,0.048684021,0.020297127,0.062408349,0.082941667,0.014583577,0.108197322,0.062253108,0.026878067,0.003372145,0.006613464,0.001641881,0.00236146,0.008274238,0.001321669,0.004171844,0.006213602,0.008069787,0.004320369,0.007408085,0.008530494,0.001381595,0.005107629,0.001782596,3.90029E-4,0.004844496,0.001551716,8.67099E-4,8.68996E-4,0.001442941,6.37689E-4,0.003227895,0.001735128,0.002999753,0.002276104,0.003955114,0.003042208,0.003240134,0.003070602,0.042979111,0.084375591,0.012371048,-0.147123748,0.063494227,-0.27693395,-0.083589006,-0.012758012,0.06420327,-0.014187278,0.047255867,-0.088645069,0.10794446,0.046670601,-0.023725768,0.261373921,0.246203575,-0.071940076,-0.047575149,-0.014472197,-0.03373156,0.081061863,0.089322285,-0.019604595,0.00229071,0.043362243,-0.041194592,0.073340115,0.072490031,-0.015888509,0.073416541,0.020707405,-0.044705669,-0.01369394,-0.0439947,-0.02601005,-0.005111023,0.008790155,-0.027000476,0.106625392,-0.036597122,0.037497693,-0.054421138,-0.105789917,0.048944691,0.022712404,-0.135654855,0.060098563,-0.204817118,-0.042345114,0.187330516,0.022553416,0.027052753,0.039888858,-0.010847422,0.026656865,0.06553285,-0.007171849,-0.032497343,0.029003725,0.608365077,0.452706775,0.447799531,0.444420371,0.484243888,0.431189517,0.547187192,0.41202196,0.500356981,0.483913737,0.412669121,0.53038929,0.520161125,0.468979628,0.489808652,0.423700876,0.675744176,0.322531199,0.720306349,0.542982238,0.288980107,0.676982408,0.565654416,0.309594063,0.765673658,0.518059441,0.250508959,0.657086139,0.55231077,0.344527192,0.581037387,0.706717505,0.26314913,0.267862768,0.834383898,0.327134386,0.35377314,0.644340415,0.470952849,0.430925431,0.58777983,0.468284091,0.32192076,0.828876352,0.296326995,0.314206237,0.767139536,0.368617679,0.373500371,0.544372447,0.465877459,0.260833387,0.784405767,0.385806905,0.469031984,0.430131592,0.534298236,0.481068932,0.541616742,0.478487646,day,13
-0.355694807,0.683530217,2.500615833,-0.335091698,0.494547379,2.550772607,-0.480401733,0.38289741,2.508338833,-0.187690833,0.410483081,2.515131274,-0.506262112,0.246999552,2.302756488,-0.148281512,0.285741667,2.268394131,-0.269082867,0.253651944,2.240063024,-0.288389099,0.427679548,2.202421321,-0.192072104,0.256181521,2.224262988,-0.331165001,0.480088358,2.184942667,-0.326910338,0.127995527,2.565002298,-0.324464607,0.058805168,2.525800679,-0.390170155,-0.008615589,2.518623607,-0.255649388,-0.004465681,2.521371048,-0.443522849,-0.46909802,2.629172226,-0.227451454,-0.486327839,2.652982488,-0.455177039,-0.842818206,2.682724357,-0.230632492,-0.859200427,2.685140524,-0.457066581,-0.894345232,2.605887536,-0.205014169,-0.932488676,2.646190155,0.032540217,0.005009261,0.003584052,0.032210789,0.003231532,0.006559577,0.030045239,0.012269018,0.013015074,0.045830292,0.010883387,0.010817038,0.035264161,0.009959307,0.007389828,0.027199164,0.022627199,0.004863487,0.057162598,0.029595738,0.014955229,0.106976915,0.11542372,0.02657412,0.070194263,0.040435059,0.020398023,0.138884237,0.136504756,0.032162698,0.029249801,0.008234523,0.005018117,0.027026772,0.009822086,0.007502217,0.025072606,0.00831173,0.009694143,0.027841782,0.007092447,0.006844794,0.015808362,0.004804937,0.01036202,0.017228059,0.004466425,0.007035836,0.005549613,0.004086381,0.007584229,0.003408431,0.002003376,0.004117891,0.012333173,0.009984842,0.023041826,0.001849937,0.002135387,0.002395667,0.037186386,-0.001039212,-0.025635062,0.06147737,0.143860647,-0.050524474,0.166807921,-0.017467372,0.044225185,0.057517196,-0.001840957,0.038862904,0.069168173,0.039485524,0.036444837,0.112919455,0.168128037,-0.022494174,0.052826725,0.11066903,-0.009493099,0.142318796,0.169606145,-0.028954199,0.04582347,0.125077755,-0.022842449,0.132893402,0.192292957,-0.064604703,0.078778689,0.053167268,0.028013495,0.069062959,0.031783223,0.039884221,0.074930659,0.104446274,0.062836457,0.041514315,0.185280939,0.060407217,0.105132102,0.018919913,-0.016724553,0.094374342,0.212569137,-0.05607074,0.030529496,0.083386436,-0.090733262,0.110861876,0.105466008,-0.022843965,-0.002301292,0.028635582,-0.081992624,0.022714137,-0.069328939,-0.004169318,0.66238772,0.471093861,0.402823883,0.672854546,0.485612174,0.367057346,0.697693884,0.492917158,0.33599104,0.611712584,0.508052498,0.417871763,0.627659953,0.494987812,0.412233932,0.486666236,0.702453805,0.327971215,0.669009893,0.541202136,0.340643456,0.659756399,0.606395154,0.258505154,0.641241968,0.559870577,0.349493443,0.679911104,0.545771138,0.286411362,0.658193174,0.664066337,0.226957443,0.574889054,0.696022257,0.286302344,0.57916132,0.61050797,0.357133939,0.659181965,0.619470307,0.250813336,0.521056436,0.548985887,0.448860853,0.644522464,0.519421655,0.347589028,0.339467069,0.635036961,0.47159209,0.405901886,0.613547011,0.459349398,0.517917468,0.510049882,0.471762446,0.383114357,0.44224851,0.56576042,day,13
-0.386131205,0.729176806,2.391006156,-0.382266192,0.539124873,2.441329429,-0.526235812,0.41692157,2.371157429,-0.206398204,0.448446744,2.42945474,-0.495724219,0.205115775,2.259494403,-0.158073105,0.244244462,2.255125091,-0.293149161,0.216945439,2.218197818,-0.238419562,0.335936065,2.126989792,-0.222351034,0.210561079,2.215433013,-0.27460492,0.368761001,2.083753208,-0.354874606,0.193184758,2.451793935,-0.346930056,0.124720497,2.443132104,-0.40670271,0.048018256,2.426249623,-0.274859322,0.053902976,2.456191948,-0.435053356,-0.461635253,2.555781831,-0.235135719,-0.481502948,2.59419074,-0.488452731,-0.849015549,2.614912675,-0.183340544,-0.860796286,2.605382948,-0.547276769,-0.928378616,2.594388792,-0.119575491,-0.94165521,2.585513948,0.008736718,0.005442329,0.006999278,0.01028966,0.004048843,0.008583145,0.008464586,0.009720366,0.013460304,0.01762248,0.004102676,0.014878614,0.012670747,0.00557469,0.0112408,0.019424732,0.017649599,0.011726382,0.018103372,0.047702157,0.029065356,0.15063812,0.080924723,0.069919277,0.019225049,0.044598796,0.028669525,0.221031343,0.110478439,0.086953295,0.006256389,0.004909157,0.007498428,0.005421676,0.005754794,0.00697361,0.004413208,0.005471082,0.00804885,0.0053545,0.005635074,0.006304726,0.005586997,0.001989943,0.005606791,0.002214719,0.006288988,0.004369863,3.54364E-4,5.83378E-4,0.001500208,0.001263362,0.003681594,0.001171605,0.001729142,0.001339706,0.001411337,9.35485E-4,9.90661E-4,0.002060535,0.064670044,-0.102897801,-0.203145171,0.046396766,0.054745833,-0.290352608,-0.016349111,0.145617971,-0.108221826,0.093046204,-0.010567127,-0.093799515,-0.057793371,-0.023336405,-0.240168236,0.215144444,0.093139817,-0.153335745,-0.041624991,-0.08775171,-0.073955177,0.214489592,0.047211167,-0.009321362,0.033313636,-0.102636128,-0.041936642,0.248948774,0.072928597,0.014469945,0.083384514,-0.037572989,-0.363082188,0.155322635,-0.025594058,-0.33178122,0.047876709,-0.074592953,-0.324857109,0.201010137,-0.024794255,-0.19381814,0.087486173,-0.098543951,-0.233931709,0.059369225,-0.287006479,-0.062139774,-0.051453456,-0.067220905,-0.258282253,0.037379027,-0.019901,-0.043924491,0.021550715,-0.039101088,-0.056725239,0.082191188,-0.06486162,-0.005037187,0.501905909,0.593765287,0.376688805,0.608866607,0.375044004,0.386923902,0.54493067,0.595187155,0.380892617,0.653262568,0.322159757,0.463459996,0.578711913,0.421615808,0.420332894,0.511319875,0.483023929,0.440882182,0.48971697,0.572936328,0.446163406,0.612004302,0.452140746,0.42356592,0.460967751,0.611848356,0.438538253,0.630390368,0.450152641,0.398878991,0.503935044,0.435840053,0.365604794,0.575385033,0.573064364,0.199011063,0.593915248,0.520394378,0.26598437,0.486985018,0.495598939,0.439539712,0.666271753,0.48218136,0.301615462,0.206696422,0.816327668,0.302387056,0.425320011,0.518689636,0.444111862,0.379088555,0.768975303,0.350773876,0.618507649,0.424059426,0.456028649,0.359749018,0.431932725,0.574325166,day,13
-0.092169007,0.651893596,2.422017964,-0.080358132,0.467295024,2.425182339,-0.19500953,0.350247894,2.325772991,0.080574251,0.395083362,2.403325866,-0.10491864,0.223857755,2.193437357,0.205435399,0.32237625,2.225201304,0.087424795,0.292050922,2.214231036,0.145900337,0.414427354,2.09575417,0.129959909,0.332579682,2.218538375,0.134520985,0.459004052,2.05902242,-0.060780056,0.089332398,2.438359009,-0.042417863,0.021327277,2.388560214,-0.103099496,-0.051325595,2.361447536,0.029555604,-0.037116343,2.400323518,-0.149915408,-0.522257191,2.512482884,0.055073967,-0.469036576,2.4980995,-0.168717358,-0.872824074,2.615381348,0.077091412,-0.822220425,2.571075179,-0.167669918,-0.936467333,2.571184545,0.047048784,-0.893926896,2.562447161,0.004383227,0.003105216,0.006133542,0.003213994,0.005265748,0.003705892,0.009307139,0.00554022,0.010328141,0.009083033,0.020281011,0.007800545,0.015827695,0.009272286,0.006127815,0.029401559,0.0205075,0.007435882,0.029017595,0.03040253,0.01445112,0.164491505,0.057035637,0.044289484,0.042721147,0.027876554,0.028426863,0.208287168,0.060091492,0.05165187,0.002996369,0.008046238,0.002981344,0.003277779,0.010339333,0.003236783,0.003290647,0.011244353,0.005504575,0.005082097,0.008655232,0.007329822,0.001296493,0.006044547,0.003098008,0.001224432,0.006048591,0.003327834,0.001423434,0.00445974,0.003291514,0.002654551,0.004848786,0.003383289,0.007494642,0.004801164,0.008087649,0.004116036,0.004298283,0.009755605,-0.083062096,-0.061391518,0.06633308,-0.02364499,0.237861155,0.055076761,0.115590505,0.124240412,0.09004523,-0.082048321,-0.078142837,0.05372543,-0.030355987,0.025266521,0.044223788,0.212419046,0.14249865,0.045417235,-0.025521653,0.087095318,0.02182514,0.351555562,0.126556678,-0.008933516,-0.034487398,0.052830386,0.071426161,0.315172422,0.128622114,0.022925084,-0.091748294,0.054543634,0.061992676,-0.120310011,0.005313203,0.084635517,-0.028443179,-0.053841949,0.02809159,-0.138649021,-0.039082116,0.014979193,0.038065187,0.136155513,-0.064261246,0.007844231,-0.145926872,0.058840518,0.05220787,0.059362349,-0.03867252,-0.039914141,-0.138181582,0.047807434,0.041099796,-0.008725771,0.022162265,-0.065449883,-3.92885E-4,0.02091277,0.521789611,0.526013299,0.459561109,0.466142589,0.54047647,0.457063422,0.501165714,0.4925825,0.475272418,0.517877196,0.617400118,0.401766446,0.639223744,0.524377522,0.388517406,0.560199764,0.622406505,0.331359009,0.662860168,0.522411607,0.367029351,0.590893351,0.575619292,0.291094299,0.764109054,0.406408641,0.337378686,0.62588154,0.560292915,0.289269171,0.458459647,0.687594868,0.379979089,0.42696161,0.80660932,0.253956087,0.352654606,0.805159653,0.326350873,0.502444976,0.62029051,0.407669607,0.359945528,0.697948679,0.415810702,0.345666188,0.722568437,0.400540481,0.337064409,0.617090391,0.493585908,0.409420424,0.639292554,0.441126397,0.548597587,0.358037921,0.528709801,0.419498327,0.461076691,0.546450102,day,13
-0.093376479,0.657701365,2.436134463,-0.081406471,0.472390081,2.430809509,-0.196852854,0.353343916,2.333372565,0.071537197,0.386819607,2.390191981,-0.110716005,0.228220801,2.198258685,0.214358193,0.322750394,2.228222324,0.082536425,0.290446795,2.220865037,0.184518521,0.419180444,2.093111657,0.121910772,0.343498403,2.209096056,0.182311727,0.461896794,2.05513937,-0.057897665,0.087681415,2.441872843,-0.042386449,0.018808539,2.389478241,-0.10176043,-0.051213147,2.362055741,0.028216794,-0.0381163,2.401424167,-0.149210674,-0.518555404,2.511041444,0.056291297,-0.46850969,2.498081611,-0.169112841,-0.869985771,2.616421991,0.078543767,-0.821159024,2.571376833,-0.164284666,-0.934263138,2.573431611,0.048233549,-0.892517785,2.563659083,0.007880133,0.003329672,0.005044699,0.003886055,0.005372305,0.003060892,0.010239727,0.004118394,0.009985447,0.020552289,0.016106667,0.03591358,0.017772794,0.010612919,0.005780712,0.025441077,0.022383426,0.008956284,0.029135479,0.02346586,0.010050165,0.153707247,0.054195245,0.035917291,0.043139519,0.019641107,0.008124287,0.204348993,0.065629924,0.046257366,0.005434023,0.011826012,0.00165521,0.003299155,0.015517321,0.00184846,0.004421139,0.010961299,0.002949063,0.006271933,0.009461954,0.003803382,0.001415919,0.010154273,0.004612434,0.001481418,0.005226871,0.002872957,0.001953874,0.004582858,0.003329675,0.002105799,0.003672677,0.002858326,0.005890391,0.004833484,0.007838424,0.006511789,0.004093166,0.010294307,-0.164066671,-0.06215198,0.033691976,-0.126658484,0.156007853,-0.061233666,-0.012237704,-0.008231692,-0.008075851,-0.199125216,-0.024660229,0.002378601,-0.059748141,0.049365757,0.010290606,0.131047145,0.136896187,-0.010097658,-0.119800531,-6.60808E-4,-0.025986278,0.170290525,0.043850686,-0.018429301,-0.148059156,0.0176976,-0.021366885,0.255054009,0.070710084,-0.015274687,-0.082001156,0.19190205,-0.010585255,-0.07412455,0.201361251,3.99809E-4,-0.063631434,0.116986939,-0.002166914,-0.010865477,0.152238984,-0.02408545,-0.002467468,0.132207698,-0.056984284,3.57427E-4,-0.08821182,-0.045540171,0.014728545,0.040677068,0.026463286,-0.017060428,0.017824334,0.005452102,-0.015517253,0.023965391,0.014878703,-0.003105754,0.049759645,0.035618689,0.57803334,0.480232336,0.443028576,0.460294926,0.663181319,0.381212476,0.486855607,0.497972336,0.502642101,0.531330213,0.575223258,0.410374196,0.624770348,0.558084085,0.375886713,0.629505297,0.600728685,0.313884484,0.657916048,0.46676913,0.40254026,0.618713868,0.58791452,0.339343124,0.732019769,0.411425676,0.362053887,0.599564882,0.586803206,0.328374788,0.575612295,0.715897359,0.226530209,0.474740404,0.78462019,0.227129367,0.445675544,0.698590821,0.378211747,0.554594553,0.555846329,0.417989479,0.435402653,0.688284616,0.389319621,0.410770676,0.683574838,0.413887873,0.359835876,0.621462744,0.485620047,0.467018043,0.625297794,0.436392347,0.512398321,0.415949554,0.526221675,0.447994504,0.498406356,0.517917097,day,13
-0.484594378,0.559871504,2.5002005,-0.491879492,0.367747217,2.521776722,-0.629406356,0.24341819,2.434011903,-0.335926992,0.253711549,2.476704292,-0.621074835,0.071163573,2.334034264,-0.329365617,0.070319302,2.325197806,-0.43907809,0.090606847,2.293013403,-0.428131076,0.214595809,2.262029333,-0.378412503,0.097087937,2.283564556,-0.464546007,0.262691723,2.249141542,-0.481919657,0.019280418,2.528852625,-0.472001289,-0.042499312,2.47821125,-0.530775406,-0.113405853,2.456788153,-0.406240896,-0.107590317,2.481161819,-0.594083929,-0.513143442,2.559485167,-0.385702519,-0.513451139,2.591460958,-0.621297214,-0.859100535,2.6043035,-0.373630394,-0.851804446,2.627433444,-0.649460731,-0.931276778,2.582740278,-0.340879038,-0.929190785,2.598636847,0.004992862,0.002386201,0.002084918,0.005780549,0.003927826,0.002269175,0.006577038,0.007509047,0.011273321,0.017181428,0.012388259,0.016272174,0.006359631,0.007625743,0.006234116,0.015074325,0.014868342,0.00561198,0.036533094,0.058759871,0.013975892,0.099566962,0.066425735,0.02568678,0.048396049,0.079651355,0.0177237,0.12722271,0.073435882,0.030474666,0.002743789,0.003820241,9.99432E-4,0.002298638,0.004819544,9.06932E-4,0.003749858,0.005506095,0.007775123,0.003841469,0.006475047,0.007471287,0.001683068,0.004355962,0.001376076,8.29265E-4,0.004302779,0.001982841,5.62259E-4,0.001702788,4.35763E-4,7.25084E-4,0.001942498,8.44888E-4,0.008563651,0.006172599,0.012378455,0.001828169,0.002114971,0.002753115,-0.053308999,0.026872101,0.031339347,-0.07232204,0.029071152,-0.181012646,0.012694196,-0.156457047,-0.072459855,-0.014862185,0.203077007,-0.00825931,0.044764229,-0.064175516,-0.042798427,-0.038972204,0.031646703,-0.050244766,-0.022058202,-0.04022078,0.017792966,-0.095166677,-0.074369759,0.101403127,-0.011953536,-0.024184104,0.024721348,-0.065083549,-0.031142182,0.064859529,-0.022143016,0.103302768,-0.014579484,-0.093169303,0.09683927,0.007331863,-0.106438706,0.059221125,0.151957557,0.133616076,-0.034846568,-0.107934429,-0.05372133,-0.280036682,0.066424575,-0.041450659,-0.225155447,0.135024717,-0.117562042,-0.013428034,-0.026551769,-0.018502957,-0.003392691,0.008796459,-0.015210889,-0.045197341,0.076745879,-0.006026723,0.016144681,-0.032972554,0.520312967,0.538565551,0.458001596,0.535878425,0.553131008,0.400112849,0.379511607,0.583833549,0.482384218,0.475447789,0.451056046,0.507065019,0.526919871,0.5364366,0.453091131,0.553867886,0.64474002,0.357617206,0.554478133,0.662607463,0.343980256,0.603614436,0.636452339,0.3007039,0.533634971,0.668501361,0.355160265,0.645763851,0.628619434,0.282781813,0.608434563,0.691565489,0.250708952,0.345596092,0.818193679,0.298844613,0.423710291,0.585253182,0.44832234,0.353185305,0.505917861,0.530216375,0.393635377,0.714235587,0.338698823,0.278822806,0.698975606,0.405880632,0.410779406,0.700191233,0.394512239,0.347405073,0.741102895,0.397162384,0.517585323,0.417420057,0.514552936,0.49483298,0.493967473,0.497265418,day,13
-0.351782706,0.667421287,2.404234612,-0.356046654,0.482536994,2.443627588,-0.411618881,0.334915767,2.329153541,-0.192493735,0.398347109,2.567882529,-0.254670619,0.260019381,2.179201282,-0.008453016,0.324628091,2.439334482,-0.058654097,0.252506756,2.197857424,-0.045814201,0.477843258,2.278772824,-0.001157682,0.265483407,2.208464153,-0.061135916,0.507455573,2.240168541,-0.294535874,0.140916916,2.447447341,-0.281866179,0.072800991,2.4511592,-0.3174993,-0.02289471,2.376913318,-0.215013171,-0.003401117,2.523125341,-0.380187814,-0.490247199,2.480844682,-0.255038082,-0.491411308,2.653235153,-0.409388339,-0.875619821,2.5162864,-0.260921245,-0.855371018,2.6934594,-0.367383829,-0.9507285,2.499655788,-0.203474568,-0.929560972,2.690036976,0.003990791,0.00258137,0.005152731,0.001929445,0.002970979,0.002221321,0.002991598,0.001280498,0.002384152,0.008449345,0.009675312,0.003693312,0.00825432,0.007094239,0.007495419,0.009795383,0.025575031,0.032559088,0.011147732,0.038351588,0.030282394,0.058246185,0.120243314,0.092190703,0.024586883,0.046664198,0.040340971,0.075843775,0.151656564,0.121586947,0.002046811,0.003237424,0.002518668,0.00232184,0.004105699,0.002728605,0.002345819,0.003402032,0.00359849,0.003297782,0.006277593,0.003382329,0.002240479,0.001724325,0.002320437,0.001349957,0.00351419,0.003142193,3.40753E-4,0.001731104,0.001242161,0.001131722,0.003298142,0.002609237,0.001058402,0.001296772,9.24903E-4,0.004346626,0.002432325,0.006978293,0.114636415,0.059029685,0.121097153,0.03868609,0.289928955,-0.034002251,0.14576363,0.05473868,-0.13105324,-0.130527736,-0.159461131,-0.011409786,0.024427041,0.109042178,-0.04477592,0.067815679,0.110189842,0.082866012,-0.030140196,-0.005152894,0.07090559,0.060113437,0.194348461,0.068930725,-0.006203,-0.010391613,0.110763522,0.085186585,0.223438147,0.105714057,0.072009284,-0.183168478,-0.023084026,0.055662613,-0.199191616,-0.022680302,0.050344299,-0.078207522,-0.019400276,0.067068869,-0.103026032,-0.029631304,0.260153316,0.143690409,0.195020004,0.058464637,0.090360505,0.003336868,0.009134066,-0.042936006,0.095595726,0.019912477,0.040644279,-0.008589042,-0.044572145,-0.037062292,0.053998434,-0.018190316,-0.011035403,-0.023816144,0.533972687,0.409079483,0.494530205,0.550502769,0.427424307,0.454662863,0.531945074,0.501535512,0.444016331,0.541050071,0.599558538,0.382527953,0.583320077,0.461934055,0.457032178,0.413306762,0.544082602,0.49518167,0.379121622,0.43368968,0.567958744,0.300700683,0.496830694,0.547421205,0.404848517,0.448188067,0.546965695,0.320797124,0.534481842,0.50942836,0.40253542,0.695610681,0.388529697,0.373907225,0.725094698,0.372961395,0.420684119,0.688298165,0.40487658,0.398894905,0.659440646,0.434192748,0.407635134,0.515025639,0.441773749,0.323626874,0.701298709,0.435773704,0.315417969,0.643623104,0.476398731,0.250050204,0.627166357,0.514786531,0.590289631,0.512022737,0.42905986,0.552586818,0.364763297,0.523490595,day,13
-0.566451629,0.553497949,2.425290158,-0.594593125,0.36819282,2.442421487,-0.647538609,0.23575205,2.312710539,-0.437642161,0.253092779,2.522879382,-0.602106105,0.059938941,2.238626382,-0.34738332,0.063501364,2.418389421,-0.425984178,0.080665841,2.309389645,-0.360616417,0.208576956,2.298187737,-0.367276862,0.087574808,2.337205263,-0.3757573,0.253084906,2.261705013,-0.558930129,0.011387905,2.447924513,-0.527250495,-0.054348787,2.427204158,-0.562521429,-0.123913292,2.370754013,-0.46985217,-0.125328391,2.474396382,-0.631067922,-0.52799218,2.432349289,-0.504592579,-0.510424893,2.596771342,-0.669753317,-0.874685546,2.472706684,-0.490616046,-0.862178805,2.648345539,-0.63859598,-0.943600428,2.440332342,-0.415398868,-0.930470566,2.665429105,0.007415942,0.003161171,0.008517166,0.003409318,0.002778194,0.002075944,0.00523336,0.003210135,0.003159387,0.009903584,0.0141082,0.012772877,0.006238805,0.004349011,0.003973311,0.008466238,0.0126291,0.010518607,0.024592378,0.068444872,0.039043162,0.085889566,0.075700482,0.049767379,0.031801453,0.090908102,0.052106984,0.111483793,0.083220038,0.070402246,0.003601211,0.010366178,0.004252645,0.004051315,0.013369411,0.004172504,0.004709375,0.005115835,0.008373349,0.005068477,0.007048617,0.016152248,0.002276276,0.001280821,0.001377568,0.002460091,7.96058E-4,0.00101703,4.25031E-4,0.001015667,6.12303E-4,0.001865615,0.001920474,0.002630161,0.001580406,0.001571849,7.55396E-4,0.001941913,0.001128021,0.00208,-0.051199251,-0.023911116,0.233316836,0.029008395,0.211288712,0.122683671,-0.007904939,0.278714797,0.031205705,0.047367477,0.120741718,-0.023743133,-0.027008514,0.133655201,0.059567183,-0.065794989,0.104789746,0.014415185,-0.022058238,-0.078330568,-0.082076465,0.073219151,0.170729712,-0.029649259,-0.019003604,-0.076094762,-0.08359626,0.041069857,0.155284397,-0.034524346,0.103927132,0.252010501,0.110549537,0.077807398,0.321376778,0.038816838,0.0750463,0.203225579,0.07013004,0.070144282,0.227843612,-0.075508273,-0.072949715,0.021057744,-0.010088658,-0.078758921,0.133143097,-0.05338987,-0.060820045,-0.146201925,0.054043023,-0.008124665,-0.002858991,0.012088338,-0.016925009,-0.025094373,-0.057001228,0.015177908,-0.022461429,-0.04143934,0.633455987,0.37847033,0.405339099,0.546096459,0.427429932,0.463224664,0.548101806,0.5297183,0.403047777,0.346914112,0.553885964,0.520258859,0.584606658,0.480922821,0.440217425,0.46650666,0.633758146,0.41919785,0.482595209,0.53999782,0.470004048,0.512852645,0.560498944,0.431704967,0.446554429,0.542762466,0.485936271,0.522024064,0.553531015,0.435431589,0.521506208,0.581700231,0.3716541,0.430355546,0.664456828,0.350791512,0.465344521,0.459284731,0.500825683,0.444721964,0.53280657,0.466829978,0.48386276,0.544119359,0.474567901,0.626570183,0.530392511,0.375988144,0.404498824,0.513078221,0.514038192,0.324347956,0.462347927,0.577636624,0.575980355,0.592531812,0.3849065,0.588494271,0.323579477,0.515467054,day,13
-0.271216151,0.710597209,2.241841646,-0.306663023,0.526673604,2.274120012,-0.356996752,0.38397207,2.161944622,-0.156833526,0.433991787,2.442319073,-0.246435129,0.194197638,2.106711561,-0.012045863,0.266591149,2.371572902,-0.070569003,0.211935043,2.108641098,0.019625302,0.3922436,2.244566622,-0.01276883,0.215958566,2.125573634,0.018976883,0.422115804,2.216581256,-0.268658676,0.178714057,2.304451805,-0.259651982,0.109229291,2.312813561,-0.294643591,0.021438579,2.247566122,-0.20575928,0.031450592,2.388305805,-0.326396835,-0.479553161,2.363572707,-0.220930556,-0.50053408,2.608969232,-0.333064804,-0.877233862,2.3480765,-0.237190566,-0.848866601,2.672473561,-0.258200174,-0.927047018,2.300258183,-0.156499391,-0.911011388,2.729390939,0.010433846,0.00423019,0.006786288,0.008435188,0.002497208,0.004358107,0.005564883,0.001972275,0.001437498,0.007241402,0.00293888,0.013299328,0.005523013,0.003931302,0.004257566,0.02617002,0.05081457,0.032737178,0.025206958,0.059998977,0.079042775,0.101421183,0.122879461,0.139975133,0.031922437,0.072679052,0.079308053,0.132600379,0.148652206,0.185378179,0.0104131,0.00243857,0.00511358,0.011253132,0.003063257,0.005627598,0.014367855,0.013664905,0.014442391,0.010003706,0.003677425,0.015242373,0.004205175,0.003840035,0.00997381,0.001483915,0.004894995,0.005953417,7.93277E-4,0.001273935,4.59831E-4,0.002271054,0.003909897,0.001922745,0.002228641,0.001173835,0.002644198,0.006196159,0.004343734,0.008778219,0.233460495,-0.097222395,0.03233788,0.286602627,-0.005804594,0.030578025,0.118623376,0.10841814,-0.171701254,0.089617867,-0.016004536,-0.004672601,-0.0529875,-0.107950362,-0.105652668,0.072961511,-0.005024945,0.072678718,-0.080591692,-0.07416604,-0.1183664,0.027831421,0.08044877,0.093261745,-0.080608192,-0.053625776,-0.115752063,0.051783322,0.052290158,0.092441352,0.185192286,-0.028179323,-0.048817736,0.114129031,-0.040487069,-0.068507395,0.0559356,0.104212669,-0.025557908,0.131032551,-0.002765268,-0.05310743,0.049351675,-0.055306082,0.043840529,0.0099105,-0.012309705,-0.131273965,0.105415587,-0.006024962,0.075822118,0.080586688,-0.148335399,0.03825058,0.025349057,0.003098526,0.001150534,0.002573912,-0.001065565,0.038160551,0.489443978,0.591782747,0.406834868,0.474375619,0.428572036,0.496923396,0.686784928,0.361511475,0.386946265,0.448936374,0.387705073,0.56007196,0.613703609,0.54707882,0.370463825,0.399746594,0.559879321,0.499140585,0.39833959,0.508006598,0.514974913,0.369950345,0.571986037,0.499337919,0.375333932,0.466595614,0.544265679,0.328469028,0.584429936,0.507651273,0.495174409,0.556907228,0.442697588,0.512930443,0.588956351,0.420320715,0.611484997,0.395336134,0.470087993,0.484409894,0.35396233,0.549823775,0.321154168,0.453313384,0.578605079,0.308261247,0.690075462,0.436624061,0.44221445,0.673083407,0.397575846,0.461623504,0.747647802,0.303124611,0.48584484,0.486015136,0.507314248,0.467863997,0.435505181,0.536719932,day,13
-0.075119448,0.641212576,2.357480333,-0.090015681,0.457919542,2.352145524,-0.155907913,0.319660823,2.238614036,0.093037962,0.373024933,2.409480167,0.008193683,0.222522746,2.157137476,0.277090574,0.337963192,2.344848607,0.160937394,0.303990675,2.236400238,0.254293671,0.406415021,2.21458456,0.196970081,0.310748065,2.290741821,0.250603023,0.423343133,2.191755369,-0.044348523,0.122206193,2.360564821,-0.026719451,0.056717241,2.352327524,-0.06815623,-0.043765467,2.279429679,0.042621738,-0.020315649,2.419238048,-0.134515296,-0.48712315,2.390086714,0.068842351,-0.457346973,2.502154667,-0.172762556,-0.86889109,2.491501405,0.094269148,-0.808600523,2.567460893,-0.130503048,-0.918170392,2.430353595,0.151735071,-0.878033831,2.582602988,0.007036221,0.001133646,0.004389263,0.001972039,0.001101339,0.004591287,0.002180365,0.0026748,0.003543901,0.00311634,0.013808612,0.043724298,0.017607236,0.005164501,0.005184188,0.019375503,0.018551956,0.012453529,0.015532264,0.042704406,0.026528408,0.164334046,0.067468515,0.04661128,0.01551925,0.042855614,0.026519485,0.223263899,0.083550902,0.056689119,0.001670387,0.006841708,0.004403303,0.00270826,0.008569289,0.004327728,0.003219632,0.003542701,0.007110324,0.00375799,0.004912007,0.007656911,0.002596971,0.008511315,0.003241444,8.47489E-4,0.001902635,0.002584782,0.001556969,0.005423218,0.003436167,0.003369145,0.002967133,0.002006894,0.012974402,0.009355571,0.016241867,0.009777873,0.011199274,0.037896504,-0.03979048,-0.089812045,0.101059186,-0.042892163,0.054436246,0.118240884,0.01053195,0.130580449,0.252745952,-0.073210615,0.056146201,-0.00796263,-0.206792324,-0.078784421,0.032003587,-0.033899678,0.107709789,0.014850598,-0.106151298,-0.043333935,0.022750851,0.03563003,0.132338711,-0.012381939,-0.099710993,-0.059063548,0.029268514,0.04076374,0.122823669,-0.004989624,-0.077643476,0.02119145,0.196336173,-0.055348122,-0.010354093,0.181251063,-0.060166321,-0.022148118,0.180944987,-0.140730602,-0.025892312,0.186272153,0.017537823,0.090667463,-0.008743574,0.02330125,0.088630116,0.085288313,0.017010087,-0.128796916,-0.07934336,-0.041009107,0.038214996,0.068161756,0.011521692,-0.085543487,-0.036009547,-0.073691554,-0.01172414,0.002722973,0.709164014,0.43282232,0.365557991,0.521622962,0.382016153,0.518056628,0.639153175,0.396541438,0.371160776,0.339504753,0.521988956,0.543816503,0.757538026,0.459540086,0.275025149,0.484576101,0.59321296,0.440389367,0.485754252,0.545386698,0.46914602,0.607487164,0.532573721,0.397464923,0.482092937,0.553470285,0.465769426,0.620847158,0.535244483,0.386661644,0.379477013,0.695276316,0.371456301,0.350138248,0.681543128,0.406908864,0.449076861,0.479361491,0.492982339,0.334091875,0.455353019,0.537603543,0.430915553,0.706980269,0.383181965,0.457481652,0.600181394,0.444534441,0.344115792,0.685515538,0.42998884,0.552837563,0.61318173,0.383240532,0.499922749,0.604068052,0.426008227,0.375192098,0.346548848,0.600598285,day,13
0.029492716,0.605268095,2.148184014,0.040603045,0.424661991,2.173221522,-0.017289166,0.290889217,2.060209036,0.219952525,0.328003709,2.26318737,0.100355441,0.14921991,1.981772681,0.343780171,0.157275177,2.159947638,0.260355272,0.10512502,2.058740949,0.273459526,0.228007747,2.020936261,0.313688549,0.090426723,2.088817804,0.25521218,0.271057499,1.96336542,0.074835122,0.06635136,2.178546514,0.10871755,0.001788797,2.150031159,0.06406722,-0.077009409,2.089077616,0.176690967,-0.065044441,2.198210123,0.009784293,-0.534211303,2.195909942,0.18231403,-0.561173316,2.365221138,-0.046072863,-0.862279691,2.254971884,0.155136075,-0.885438336,2.425767949,-8.83886E-4,-0.913319818,2.203239855,0.238850979,-0.943107738,2.439538957,0.008910632,0.003055355,0.006054785,0.003879375,0.004019166,0.00191577,0.003748552,9.18894E-4,0.00170362,0.012449364,0.012371698,0.009089176,0.007337513,0.003217301,0.004672299,0.021566876,0.055000768,0.022104113,0.010653507,0.031569214,0.024988548,0.087277423,0.100395113,0.033851604,0.012409569,0.042190223,0.032615604,0.11780392,0.137418893,0.056709032,0.004413093,0.002019793,0.001647274,0.0035118,0.002667309,0.004647179,0.00424132,0.001234411,0.005914375,0.003672939,0.001933477,0.005569331,4.6437E-4,0.001096258,0.001041381,9.62902E-4,0.001486901,0.002062375,8.04968E-4,0.001085734,0.001389889,6.77311E-4,0.001093293,0.001228614,0.018746928,0.011966251,0.017139918,0.003239385,0.001144522,0.003825855,0.178303812,-0.040391252,-0.157343819,0.033752977,-0.047661173,0.015862113,0.095254552,0.022775404,-0.044584335,-0.02770682,0.057586379,-0.024617106,-0.124645171,-0.01724819,0.061964299,-0.007709788,0.050402259,0.099998858,-0.018695692,-8.82585E-4,-0.051237328,0.037531213,0.086732372,0.076834345,-0.009351562,0.013123686,-0.0482237,0.112425069,0.154480802,0.049399024,-0.017452197,0.1168422,0.03391245,-0.044923613,0.081708708,0.06267146,-0.048507792,0.006310149,-0.00424087,-0.053763765,0.170215921,0.104600665,0.09334434,0.122479945,-0.045938371,-0.066779088,-0.002202036,-0.067334387,-0.006905504,0.029035835,0.016324848,-0.026293008,0.080602894,-0.029138805,-0.016439971,0.017506105,-0.005798483,0.037174005,-0.015770974,-0.061661434,0.754435224,0.281554058,0.361048675,0.628824526,0.456202874,0.438871706,0.67232133,0.413621449,0.42186215,0.557149832,0.606334312,0.39326135,0.644778915,0.420639935,0.433784641,0.43513659,0.689465758,0.390659389,0.3759744,0.608157477,0.487773895,0.530093674,0.632846351,0.380996995,0.362402492,0.619505612,0.486123124,0.54208228,0.572293189,0.405981355,0.640671164,0.500197965,0.397283108,0.533340676,0.579009234,0.422093645,0.638535001,0.330253602,0.486548979,0.554539609,0.494237919,0.439759321,0.365303842,0.589861059,0.491517389,0.450171394,0.697603108,0.380634628,0.489952047,0.520166875,0.49022443,0.433718407,0.529132927,0.507767795,0.585053668,0.386106513,0.50034289,0.57571358,0.278406197,0.535930168,day,13
-0.041392506,0.703793538,2.411493589,-0.083170288,0.525661384,2.418827669,-0.145384272,0.388200186,2.296532152,0.084068726,0.412426626,2.550884503,-0.050997546,0.201611367,2.219025603,0.21462898,0.24822644,2.451296119,0.143133847,0.182200297,2.302520689,0.201589017,0.431796636,2.355028894,0.205150734,0.188770931,2.34381943,0.19172667,0.473655795,2.31780453,-0.03142363,0.15872654,2.421273503,-0.008661672,0.088015749,2.413826742,-0.048339226,0.01518662,2.350464523,0.057404703,0.0080211,2.470501901,-0.101140328,-0.494081298,2.43507045,0.045261847,-0.475074183,2.636162603,-0.128802954,-0.867537627,2.482755013,-0.01609409,-0.829825788,2.690784331,-0.080180228,-0.934132653,2.447027013,0.051150789,-0.899740976,2.741230424,0.015079662,0.007611243,0.021286619,0.00415405,0.009832334,0.003778048,0.008378288,0.002815989,0.005378832,0.009076383,0.013534224,0.009372264,0.009881387,0.004670911,0.008233666,0.026824068,0.043801809,0.033702894,0.011670877,0.031784897,0.040011883,0.071844959,0.088232398,0.095819428,0.022931999,0.04092769,0.052382202,0.10808634,0.107093066,0.138240579,0.006827467,0.007606975,0.004473542,0.008106617,0.00938461,0.004698274,0.01169176,0.0050859,0.005956573,0.006101252,0.0073409,0.007105194,0.002204308,0.004249568,0.002330757,0.002672457,0.004441803,0.00326735,8.51683E-4,0.001440919,8.22953E-4,0.001047024,0.005162208,0.00196369,9.58394E-4,7.88345E-4,7.08522E-4,0.002829315,0.003881769,0.006679112,-0.103385397,-0.035123747,-0.04516095,-0.129790563,-0.142558432,0.034564754,-0.108827144,-0.088503118,0.101864687,-0.028874019,-0.142197063,-0.017918446,-0.100071335,-0.048392125,-0.001035328,0.086977939,0.080150518,0.031310403,-0.038596417,-0.084994305,-0.031002123,0.074035795,0.110892205,0.037753211,-0.050113397,-0.030806724,-0.017945267,0.109162135,0.079523486,0.057797037,-0.197598056,-0.162358829,0.020222559,-0.198030619,-0.142906685,-0.005065169,-0.177558946,-0.077022452,0.047283542,-0.149456687,-0.115173345,-0.042015424,-0.033263553,0.039574754,0.03196996,-0.064449084,-0.135461652,-0.025834195,-0.002934057,-0.055637343,-0.017566808,-0.015550138,-0.081933481,-0.015351966,0.082772181,-0.08386346,-0.046381765,0.013211953,0.019425975,0.029057924,0.592844601,0.396275665,0.484110677,0.454024806,0.453659568,0.520368208,0.626153135,0.40261865,0.446354849,0.484349079,0.604789528,0.430771654,0.647055183,0.468245181,0.414100695,0.420001317,0.60018128,0.46939236,0.348110529,0.652097115,0.467019732,0.41283177,0.580604491,0.482200773,0.376321212,0.63574622,0.470855916,0.425399548,0.52454233,0.506031821,0.381930107,0.607953245,0.453426292,0.391468782,0.629723807,0.437861715,0.506739098,0.425799208,0.506474684,0.372799293,0.502936736,0.530101397,0.372361731,0.694859052,0.428428959,0.329059413,0.654838151,0.464888672,0.395404331,0.586947055,0.49433581,0.308978464,0.750971638,0.403999669,0.493894768,0.508256771,0.486193506,0.431864684,0.453366301,0.547279471,day,13
-0.05891262,0.700731262,2.383829583,-0.085290376,0.515598662,2.407700058,-0.143738602,0.38356288,2.291599481,0.084203979,0.418394609,2.550176468,-0.041117262,0.205535946,2.217601295,0.214156674,0.249386338,2.447777346,0.147132974,0.185543865,2.290673712,0.21499764,0.419186119,2.338515936,0.204861245,0.194094264,2.329340833,0.210240761,0.459925564,2.305964269,-0.034824878,0.157035838,2.413946532,-0.012140927,0.087836852,2.407066551,-0.05269152,0.015789363,2.344814538,0.054081513,0.009357477,2.463866122,-0.099308105,-0.496542491,2.434790173,0.048657473,-0.474011647,2.634007917,-0.129425117,-0.868205337,2.481044083,-0.015487173,-0.829776441,2.689686936,-0.080270423,-0.934360281,2.445551167,0.049482677,-0.901161437,2.739465968,0.005665117,0.001190785,0.002206497,0.003297005,0.001364242,0.003566318,0.005621516,0.0013597,0.003396671,0.006970368,0.010623646,0.005145019,0.010011385,0.003625693,0.00364469,0.020504965,0.041521382,0.028770039,0.012604384,0.031961742,0.024178334,0.074064421,0.081289541,0.094407211,0.015679625,0.039747224,0.028961509,0.105990465,0.101803955,0.135905532,0.003524526,0.00454042,0.002479958,0.003883062,0.005562815,0.002410674,0.004977967,0.002313299,0.003257122,0.00327016,0.004606334,0.00378385,0.001612345,0.00189024,8.54631E-4,0.002520408,0.004016019,0.002296737,6.07831E-4,0.001278717,0.00101457,0.001042941,0.004377681,0.001872584,8.03106E-4,7.61708E-4,7.50039E-4,0.003297814,0.003299062,0.007566352,0.032659176,-0.026158926,-0.003638518,0.033406794,-0.11010074,0.002451675,-0.061646022,-0.028577863,0.078918737,0.143155972,-9.87284E-4,-0.083037995,-0.152212099,-0.018548541,-0.004570116,0.042917783,0.012269919,0.030896596,-0.088788782,-0.007329204,-2.16322E-4,0.128461437,0.073745492,0.078519521,-0.047319786,0.010035075,0.001516277,0.103740255,0.091888572,0.018892684,0.109709898,-0.080786746,0.072634394,0.100212172,-0.073502144,0.066596329,0.092072415,0.007334872,0.061450717,0.062298644,-0.007308021,-0.028614339,0.032815604,-0.096514604,0.055069546,-0.008211433,-0.02586328,-0.014279596,0.003413452,-0.073042763,-0.012352115,-4.32416E-4,-0.050167841,-0.022950431,0.128376443,-0.158644762,0.015079051,0.046907903,0.019930598,-0.004997498,0.692755101,0.341714725,0.444455255,0.477002431,0.423079122,0.535576993,0.632006448,0.444726051,0.435403012,0.52150062,0.612416717,0.394984073,0.701728132,0.443279585,0.374781882,0.410696225,0.563732778,0.501575265,0.431210149,0.549466049,0.498851074,0.40133261,0.563947711,0.489872958,0.423809274,0.557993914,0.500108633,0.411525738,0.512326413,0.520417463,0.470183676,0.657609455,0.394159484,0.486745063,0.67995155,0.367301962,0.581121981,0.470202265,0.457475783,0.481786064,0.603138209,0.442745321,0.371338445,0.66379906,0.446353859,0.305658819,0.701891881,0.450731256,0.372785616,0.646034259,0.464505381,0.34119397,0.733529256,0.409558551,0.44449401,0.559108716,0.469572062,0.396729365,0.415119815,0.574963097,day,13
0.044691858,0.61405615,2.155572876,0.042490945,0.431431218,2.167385124,-0.013760589,0.290164502,2.053632018,0.223825611,0.325628587,2.253558425,0.097298308,0.14171586,1.973211726,0.336712242,0.126289874,2.170825407,0.249657473,0.10630322,2.016960009,0.333291666,0.276427294,2.034010212,0.299341539,0.097307003,2.033536513,0.329786539,0.345238215,1.976061097,0.073473768,0.065540564,2.172473363,0.110913866,0.001200343,2.138195496,0.066042591,-0.077157699,2.075848558,0.17933265,-0.066745714,2.186350221,0.008800791,-0.535643358,2.198868221,0.179600965,-0.562792357,2.362818575,-0.046927742,-0.862764694,2.256103195,0.154468468,-0.884318673,2.423379858,-0.003263489,-0.917696225,2.208392611,0.238038396,-0.942685196,2.438648133,0.006054175,0.004488397,0.008356482,0.002287702,0.004079849,0.00335846,0.0022469,0.002461719,0.002699708,0.011056944,0.01092538,0.009878163,0.009217333,0.004102954,0.005630667,0.012035173,0.0216696,0.012825291,0.029445271,0.06230532,0.052172555,0.091305722,0.081174372,0.043494983,0.041518095,0.09126781,0.077742051,0.126758454,0.102782729,0.07069822,0.001972456,0.003645173,0.003446957,0.001667767,0.003969006,0.004044771,0.003085773,0.002369379,0.00358387,0.001464407,0.002848644,0.00582383,8.26218E-4,9.97451E-4,0.001331377,0.00160908,0.001712522,0.002073281,6.22584E-4,0.001377943,0.001129434,8.38155E-4,7.66097E-4,0.001347213,0.018780514,0.013921073,0.023090478,0.003044229,0.001179866,0.003889131,0.029389554,-0.019101317,-0.126161533,0.082591056,0.008424064,-0.134614431,0.083248496,-0.016685464,-0.202678639,-0.150594289,0.060654145,-0.039365737,0.089377615,-0.051327357,-0.004152776,0.03586076,0.080978263,-0.097842891,-0.078526713,0.019882785,-0.00770016,-0.018027724,0.100428312,-0.007141909,-0.064706466,0.025195722,0.007379494,-0.034138736,0.146386509,-0.031102822,0.048879054,-0.044155901,-0.074249792,-0.009685156,-0.08673058,-0.117998421,0.021278469,-0.046156837,-0.059471622,-0.007214624,-0.012962963,-0.095912468,-0.101760479,0.016920336,0.043235955,-0.071934756,-0.004815247,-0.082012152,-0.05102159,0.067851962,-0.035661601,-0.050001469,-0.009441688,-0.014813507,0.058483447,0.063910104,0.088221304,0.104035591,-0.052912788,-0.005324641,0.582169661,0.303844115,0.513065006,0.374909727,0.593880438,0.476602919,0.584592326,0.540833815,0.365142531,0.556698389,0.566022812,0.406851701,0.65448127,0.488999509,0.395507695,0.526188633,0.601898433,0.402917057,0.510461385,0.617451476,0.413832259,0.521340839,0.540059292,0.456620409,0.475019861,0.624274943,0.430542487,0.532601133,0.485541631,0.472709499,0.515130279,0.543848624,0.455213544,0.476364775,0.649758924,0.39126812,0.618168497,0.422274257,0.458737612,0.494840417,0.456691215,0.509339178,0.367769474,0.516964098,0.535750213,0.471129498,0.597163193,0.443671189,0.446564984,0.530248068,0.500325134,0.483995821,0.460849276,0.520279833,0.517331116,0.440014962,0.503264333,0.570493448,0.243056454,0.544394251,day,13
-0.281624517,0.708776355,2.238693183,-0.307536934,0.523313248,2.271515437,-0.359146448,0.38220073,2.162784817,-0.155885406,0.435591508,2.438806746,-0.243144166,0.1991619,2.106610958,-0.013110558,0.259445311,2.363251352,-0.063606294,0.192109083,2.172346817,-0.002194951,0.377056013,2.216831944,-0.008761946,0.193497987,2.18785907,-0.002897066,0.421012448,2.141739901,-0.274762049,0.180365377,2.302509423,-0.266572196,0.111817693,2.310979521,-0.303636549,0.012352397,2.236761901,-0.2114832,0.031216656,2.395961676,-0.323610763,-0.480525739,2.372942225,-0.220289438,-0.496217332,2.60675069,-0.333871897,-0.877513107,2.348279324,-0.23807621,-0.848730844,2.673322254,-0.259886458,-0.927663062,2.299480958,-0.157107394,-0.911900773,2.729280958,0.002345209,0.003098614,0.00174257,0.00259843,9.81539E-4,0.001312255,0.002327065,5.41422E-4,0.001170542,0.006498568,0.004189605,0.00879779,0.004301803,0.003548207,0.001727738,0.023887521,0.048032348,0.026084352,0.015489715,0.045661598,0.047184349,0.103406987,0.108232285,0.099394236,0.02380693,0.060283683,0.072773056,0.125072404,0.118229749,0.15560237,0.002364319,0.002402301,0.001084781,0.002486126,0.003040862,0.001295949,0.003874201,0.003622582,0.001708505,0.002515385,0.003047532,0.004743878,0.005319895,0.00467337,0.011245812,0.002821017,0.007523043,0.003554383,5.28221E-4,7.38768E-4,0.001123249,0.001989712,0.00467045,0.001634821,0.00172429,8.05909E-4,0.001788483,0.004384276,0.003924895,0.005287003,-0.015057393,-0.101525823,0.033626072,-0.055323103,-0.03241978,0.006758541,-0.190483801,-0.055373327,-0.154036417,-0.261653539,0.010085546,0.058881324,0.010710897,-0.093408249,0.014374471,-0.010663548,0.048203925,0.026555882,0.084438076,-0.038427715,-0.07799879,0.065994358,0.122662475,0.029957749,0.053849065,-0.104138387,-0.060131653,0.096219031,0.082569266,0.057677414,-0.151643726,0.0707176,0.03935703,-0.112023094,0.060380389,0.042750114,-0.059672385,0.018186917,0.016288102,-0.035581598,0.084273395,0.005556849,0.075422046,0.065376047,0.09230516,-0.050471167,0.025328585,-0.051662649,0.035095672,-0.107605977,-0.064275462,0.032558952,-0.098310688,0.036513766,0.092952401,-0.017696257,0.037571063,-0.014260903,-0.04937494,0.111949375,0.500082656,0.657572292,0.380953977,0.448977484,0.401353951,0.556230808,0.649774499,0.375926873,0.408742943,0.497669478,0.468075902,0.470301747,0.618603239,0.593996255,0.347006848,0.453519782,0.566097086,0.477318266,0.37506871,0.547645799,0.511884242,0.418095364,0.584142171,0.473386418,0.367763242,0.529376166,0.523903399,0.392276573,0.504427329,0.526465854,0.466657825,0.648342315,0.397528642,0.489329302,0.679884909,0.36324506,0.616069947,0.481662931,0.429934641,0.46328046,0.539757651,0.485384868,0.257005798,0.430415321,0.594565473,0.331283673,0.789673452,0.349093472,0.408672236,0.618155847,0.455637009,0.470271023,0.754994991,0.300798204,0.487692213,0.492927849,0.496461487,0.436802645,0.466664844,0.523946212,day,13
