0.056324284,0.622718409,2.213836545,0.060156291,0.437649388,2.25477758,-0.10574948,0.322675348,2.261412625,0.225958138,0.32770507,2.244407966,-0.230886606,0.21838834,2.160495443,0.343319428,0.242687322,2.100851659,-0.170343533,0.231968742,2.001688341,0.253691977,0.23040341,1.963047875,-0.152888975,0.2478379,1.981373534,0.226561187,0.253882742,1.937992284,0.070550514,0.079784235,2.267138295,0.071189477,0.009996319,2.243812489,-0.00383863,-0.0667036,2.240221784,0.14956587,-0.062620581,2.238892909,-0.042651496,-0.528044861,2.380524955,0.178411765,-0.522128967,2.387721534,-0.050347571,-0.887482897,2.450930227,0.183314209,-0.888547767,2.482693216,-0.087880604,-0.947933033,2.415488102,0.222367469,-0.947085455,2.437773114,0.001902641,0.005374671,0.009146718,0.007100997,0.005655854,0.00456572,0.013181821,0.010707549,0.014301342,0.021602208,0.013435619,0.009121877,0.035843908,0.049424113,0.10329303,0.055971196,0.046323476,0.079491678,0.091317251,0.134381458,0.083533543,0.112812417,0.135859629,0.071553102,0.10264727,0.149014365,0.078216231,0.122142111,0.153854408,0.05534329,0.002282878,0.006782882,0.00422843,0.001494356,0.008847387,0.002928331,0.003187993,0.00315398,0.002743222,0.003892135,0.003669736,0.003013939,6.90297E-4,0.004152413,0.001778339,9.99507E-4,0.004075354,0.00283307,0.00152531,0.001916659,0.002902997,0.001292039,0.002089216,0.002183897,9.08908E-4,0.001109287,0.001717698,0.002803062,0.002170703,0.003333117,0.00949299,-0.02343993,-0.012301103,-0.117782288,0.089085029,0.043646771,0.062222911,-0.05997909,-0.031306652,-0.116211708,-0.025156285,-0.081666558,-0.049072752,-0.055954636,-0.008787014,-0.046448711,-0.017351621,-0.053299495,-0.031967955,-0.062787772,-0.007426476,-0.055627516,-0.032091787,-0.052046835,-0.038037242,-0.02943632,-0.011382471,0.034667028,-0.031656361,0.005227181,-0.039349014,-0.069418301,0.053667715,-0.084249249,-0.159980538,0.052182433,0.035941759,-0.067694465,0.111110734,-0.23776359,-0.043229844,-0.040130931,-2.51024E-4,-0.062907567,0.034736805,8.30093E-4,-0.0605182,-0.020429437,-0.021110471,-0.038983248,0.041398701,0.047229129,0.04631176,0.089659397,0.011121719,0.021045238,-0.057118181,-0.026877436,0.03588555,0.114724414,0.333055422,0.518413323,0.551305019,0.568041349,0.486096414,0.449239183,0.513648462,0.328954413,0.550873044,0.57818311,0.545476087,0.405507829,0.415442586,0.542222899,0.508010143,0.464526517,0.459239583,0.526111237,0.458769642,0.638041868,0.427671515,0.528355373,0.590667311,0.418811859,0.505241048,0.631697456,0.407181493,0.535492598,0.661898075,0.361496769,0.422339207,0.571333485,0.485513284,0.425296071,0.673200426,0.397400365,0.589606243,0.4484893,0.452112101,0.607767026,0.430800557,0.430816812,0.273433356,0.805755894,0.359202897,0.350334766,0.740074458,0.395923939,0.457097066,0.471685914,0.525178721,0.34011033,0.604426275,0.493361689,0.394660961,0.51970108,0.527013368,0.527583488,0.456980539,0.486143483,home,17
0.23139604,0.664720991,2.478930631,0.246176502,0.47422991,2.495140035,0.076485973,0.351987938,2.508773369,0.399172979,0.364057584,2.494110631,-0.067576915,0.257437745,2.38470978,0.543073445,0.275503171,2.376910418,0.02131789,0.249587293,2.230546972,0.463209791,0.270872285,2.231514135,0.047919207,0.260881587,2.194747447,0.441740253,0.276817303,2.194692823,0.241253357,0.122331662,2.510507362,0.237956377,0.056557349,2.468855227,0.164640077,-0.01745812,2.46689434,0.308313516,-0.014601034,2.456758865,0.12188347,-0.481483297,2.580586433,0.36421116,-0.492372752,2.554664667,0.095612897,-0.853801682,2.683213319,0.370211518,-0.852069604,2.62362634,0.059105627,-0.911390023,2.656812667,0.399509655,-0.913647916,2.592091206,0.004241701,0.005840844,0.017311051,0.00459312,0.009137394,0.007890096,0.009244049,0.019360808,0.006915463,0.010295238,0.012679984,0.004603419,0.030721894,0.032692072,0.091231161,0.040348099,0.020588897,0.082095141,0.112628257,0.144278735,0.087753923,0.127632785,0.141750807,0.081985914,0.119359448,0.177294336,0.057959384,0.135959492,0.169225909,0.056530227,0.002004002,0.005385701,0.006445633,0.001507792,0.007360533,0.002905177,0.002020649,0.004549891,0.003219526,0.001584285,0.003644861,0.002615336,0.001915409,0.004133293,0.003445201,9.72112E-4,0.005347726,0.002735162,6.34496E-4,0.001818103,8.78235E-4,0.001120803,0.001859517,0.001160176,0.002947192,0.00132607,0.003995883,0.001191009,9.91435E-4,0.001809669,0.033691163,-0.004191234,0.046768853,-0.009775755,0.137727196,0.042220921,0.005853499,0.189837102,-0.074614629,-0.167789858,0.187425766,0.015848974,0.022004459,0.009060669,-0.071234056,-0.047566932,0.026521069,-0.046578475,0.02456818,0.011368238,-0.037892575,0.025601648,-0.010334288,-0.013203391,0.025589215,0.040909285,-0.060860931,-0.037470881,0.028397517,-0.022000356,0.018270162,1.29551E-4,0.020531886,0.095474985,-0.052165539,0.031503846,0.158117405,-0.018211492,-0.092601207,0.004644464,0.061397897,0.032775058,0.007963641,0.073141548,-0.080628378,-0.014518632,-0.145363878,0.036808074,-0.014761785,0.004457175,-0.067837504,0.013483309,0.009911046,0.057335719,0.049364124,-0.02591025,0.006153382,-0.022807655,-0.058153156,-0.027167005,0.403423029,0.250943419,0.617076823,0.399189618,0.529651335,0.514870399,0.412880923,0.702630395,0.374935159,0.63812356,0.509311026,0.361951591,0.444201529,0.468859087,0.531470551,0.468662595,0.484877847,0.515144989,0.468561701,0.601264945,0.451750633,0.519169868,0.584606118,0.436140254,0.489548969,0.631079537,0.415410362,0.543200039,0.604955756,0.405350572,0.338378148,0.47127233,0.572308668,0.421411293,0.640551087,0.442178439,0.496638548,0.570315116,0.434834323,0.511999774,0.556891421,0.455303861,0.379532841,0.592059424,0.489760703,0.301948725,0.743612078,0.402804095,0.345354309,0.70907762,0.425022001,0.345446269,0.636559436,0.480318822,0.487374977,0.338400849,0.564624217,0.511640497,0.476726145,0.499197777,home,17
0.228661514,0.662325715,2.463409086,0.242771751,0.475834561,2.482205888,0.077366422,0.343761295,2.493239842,0.395205427,0.3550318,2.47605323,-0.071059328,0.272924566,2.373724388,0.539613216,0.284979099,2.351902671,0.024088271,0.290788722,2.227919612,0.450032147,0.299815051,2.214138691,0.041688226,0.308999608,2.205745007,0.427170682,0.320525467,2.186760921,0.238544033,0.118761237,2.497400283,0.234847586,0.05224396,2.455044803,0.161660628,-0.020202725,2.454043605,0.305362326,-0.01838337,2.442529895,0.122801353,-0.479160451,2.576775059,0.361040411,-0.49217162,2.550239579,0.098643761,-0.852911421,2.684828441,0.369819691,-0.850173141,2.622724033,0.060475528,-0.90950737,2.6580545,0.398934527,-0.913577796,2.591895151,0.00660466,0.005864054,0.016352634,0.005307095,0.01190302,0.011156401,0.009934074,0.014935437,0.01075474,0.010186955,0.019874936,0.010597847,0.03506565,0.026715216,0.10225385,0.039735983,0.026829445,0.092460869,0.122240126,0.127256737,0.085318903,0.13194071,0.1295024,0.076365952,0.135852897,0.145795506,0.064050588,0.145898984,0.159834438,0.054372143,0.00433624,0.008571332,0.010094356,0.004851518,0.011772415,0.006655979,0.005791352,0.009875513,0.006103987,0.005308127,0.011589806,0.006864187,0.00206477,0.004766613,0.0042294,0.003164919,0.008270594,0.004149695,0.00138324,0.002434236,0.001504151,0.001076002,0.001940357,0.001058236,0.001825797,0.001468971,0.002687459,0.001790915,0.001086887,0.001756005,0.125176593,-0.029928718,0.132035222,0.13455296,0.097469941,0.089849585,0.269786622,-0.146584031,-0.153932182,-0.007478825,-0.075734165,0.047765578,0.117804869,0.060087688,0.015686077,0.057389333,-0.108755944,-0.046241033,-0.018718087,-0.045976549,0.002345053,-1.48366E-4,-0.009438964,8.69389E-4,0.065007495,-0.041421282,0.001454212,-0.001357769,-0.008865182,7.20529E-4,0.063619141,-0.138101054,0.086559272,0.110579376,-0.230527083,-0.005658441,0.146104283,-0.114249784,-0.08336831,0.011917204,-0.085067279,0.02741288,0.094345873,-0.056540274,0.064433052,0.065620373,-0.061634288,0.054713314,0.063082963,0.00912956,-0.011308534,0.031978625,-0.00758528,0.019274349,-0.01566051,0.013145631,0.065119893,-0.007528123,-0.077590513,-0.035620042,0.44864304,0.306126605,0.568599725,0.375048182,0.544926879,0.505831255,0.494537126,0.547350048,0.391547155,0.613450261,0.499405814,0.422626799,0.512212565,0.482286661,0.490059,0.493056437,0.553310867,0.460756767,0.496188027,0.620982098,0.423712496,0.527132318,0.613527529,0.411704837,0.549241527,0.647949092,0.364614796,0.583603918,0.65463141,0.334783254,0.328913467,0.50132156,0.545670894,0.429291744,0.624763393,0.420052897,0.557260291,0.511978985,0.431332864,0.500970018,0.523003854,0.479548372,0.379505383,0.636785488,0.460065811,0.306606766,0.774431347,0.377783421,0.384365717,0.686071308,0.430464555,0.396771661,0.709776587,0.406406007,0.511818097,0.411907858,0.525734457,0.574972464,0.491072194,0.45440107,home,17
-0.414291219,0.716791805,2.341306024,-0.418167683,0.538366986,2.403656274,-0.571029587,0.421656282,2.371632798,-0.272618481,0.451771779,2.422849762,-0.680832571,0.331111131,2.241459786,-0.110062532,0.362695444,2.283555631,-0.576434298,0.439784543,2.046467536,-0.217937416,0.471432019,2.075867798,-0.534763412,0.485179936,2.018827571,-0.255989149,0.511266386,2.039647905,-0.38725128,0.186579251,2.415016155,-0.380342817,0.116214804,2.416514381,-0.446627043,0.041216874,2.398824548,-0.301825867,0.053067141,2.433607964,-0.472890944,-0.44846058,2.537449512,-0.254214254,-0.480639023,2.56753,-0.525407562,-0.854540143,2.605125762,-0.183602948,-0.857471238,2.590171476,-0.575144548,-0.923594612,2.579572548,-0.147847531,-0.93464029,2.558672738,0.00907155,0.016200447,0.010772299,0.004772275,0.01305087,0.009899804,0.011587028,0.007770501,0.004773068,0.009883585,0.025238805,0.004030478,0.041441741,0.063888211,0.108755693,0.025375718,0.063917043,0.099321643,0.080009759,0.125526123,0.077742614,0.069449674,0.11677984,0.083263278,0.085688457,0.135297543,0.071232425,0.082674417,0.136637518,0.089066187,0.002257095,0.01114262,0.006817361,0.002655902,0.011411018,0.005260573,0.00367208,0.01344075,0.004130394,0.002636223,0.015214363,0.006596259,0.001459139,0.00673513,0.002773341,0.00261221,0.00687841,0.002744583,5.89036E-4,0.001951742,0.001376631,0.001440022,0.004072451,0.002039594,0.00795856,0.004369625,0.006507401,0.005050407,0.007067978,0.013453339,-0.086577339,0.041010968,0.063405431,0.010688695,0.160937331,0.043066451,0.080947031,0.066024574,-0.014251844,-0.201173524,-0.002224854,-0.019367512,0.014445237,0.018006385,-0.027400825,-0.051931961,0.060786938,-0.125301695,-0.056464314,0.038312966,-0.064194348,-0.104300642,-8.56058E-4,-0.107057557,-0.040423696,0.049749401,-0.056043312,-0.024231444,0.019078835,-0.054653773,0.009551728,0.12189664,0.072151564,0.007814477,0.039532096,0.14843991,0.082067567,0.134443289,0.100382006,-0.109845385,0.143429792,0.148253773,-0.020153919,0.180450663,-0.02960441,-0.004089386,0.047134148,0.014682444,0.011832178,-0.081589696,-0.014355151,0.011136215,-0.001462811,0.03659466,-0.059253581,0.005865426,-0.023118486,0.015675859,-0.01246446,0.066272663,0.331057611,0.702838061,0.428337395,0.442919122,0.441545171,0.532320243,0.644779001,0.528760996,0.374946263,0.485555915,0.714843554,0.315803198,0.312643876,0.537911034,0.547173792,0.278439172,0.524595106,0.546340124,0.447640184,0.639328813,0.427653724,0.404385054,0.68278268,0.402506582,0.505055089,0.627382406,0.405429715,0.484067355,0.593134683,0.444304614,0.221171508,0.597164765,0.527618199,0.28556672,0.716565499,0.416349709,0.418579719,0.71429673,0.358481593,0.327764124,0.710259675,0.386351106,0.379032802,0.720985595,0.380345842,0.428883454,0.818407891,0.256434838,0.227310186,0.703679753,0.465736415,0.354382827,0.785996926,0.347660157,0.618595422,0.405451076,0.467028384,0.394697967,0.543252838,0.513685596,home,17
-0.411267001,0.544142092,2.323558929,-0.428271309,0.352396891,2.366473012,-0.572414795,0.224733,2.314901047,-0.286581941,0.225788559,2.366227871,-0.660569338,0.130165977,2.168566247,-0.150532685,0.111185714,2.230111188,-0.561023373,0.212923635,2.033072035,-0.21089932,0.211401201,2.062645682,-0.532954173,0.241839278,2.011041376,-0.235556528,0.239276475,2.041491447,-0.42037096,-0.00116605,2.379052224,-0.410139267,-0.066630882,2.336838612,-0.474635154,-0.134450776,2.311847765,-0.340163879,-0.131733206,2.348818624,-0.524784487,-0.535479955,2.410151529,-0.327343011,-0.531367178,2.455433518,-0.539489633,-0.881862152,2.457720365,-0.312777832,-0.866482424,2.494822424,-0.559578562,-0.948558814,2.426130541,-0.269006895,-0.942661514,2.476101071,0.004066868,0.004298047,0.011742763,0.002034591,0.003619617,0.00534432,0.009371182,0.009259345,0.002052147,0.014667266,0.010463991,0.006869274,0.045132936,0.041253575,0.084352879,0.025126491,0.040268163,0.068958548,0.082553473,0.073379993,0.040874735,0.055189954,0.079962221,0.045086384,0.082730996,0.076766328,0.033316657,0.070621685,0.095692583,0.045595281,8.82853E-4,0.006762753,0.004204364,0.001285929,0.008973285,0.001442702,0.002415614,0.006233937,0.002629398,0.002764846,0.005849345,0.00262133,4.46399E-4,0.003599954,0.001473175,5.93146E-4,0.003623484,0.001892191,4.53501E-4,0.003575239,0.001157149,5.41069E-4,0.001265453,8.19145E-4,0.001759568,0.002343105,0.004501039,0.001005689,0.001428261,0.001821521,-0.001216826,-0.047609909,0.050591185,0.01427586,-0.009941036,0.02386951,-0.032943637,-0.07819826,-0.036036814,-0.117189187,-0.179797789,-0.061466255,0.016569116,3.08191E-4,0.004796545,0.021387613,-0.014530338,-0.04191229,0.033355748,-0.00106031,-0.023306144,-0.021986938,0.00421927,-0.0276523,0.012039155,-0.020577969,-0.013420596,-0.022874569,-0.051294659,-0.016799661,-0.019789476,-0.106807282,-0.118596456,0.007180189,-0.237979617,-0.033108186,-0.062181611,-0.210940974,0.057469181,-0.052243407,-0.193359902,-0.053945259,0.001514014,-0.030563772,-0.037481844,-0.005119843,0.110746241,-0.033739743,-0.017204643,0.172775507,-0.00533082,0.03160604,-0.021612434,0.002646424,0.003206602,0.073255199,0.051009633,0.087811278,-0.136450477,-0.097320129,0.319198865,0.402365009,0.598679656,0.334613796,0.488075808,0.564115038,0.654596175,0.620618783,0.286807618,0.664081165,0.535720907,0.320811087,0.530755705,0.401146282,0.52208755,0.40796411,0.447170266,0.555638215,0.659333501,0.56334818,0.341897006,0.515217882,0.572386479,0.443263348,0.656087892,0.545881068,0.359665193,0.515722208,0.646202662,0.387804619,0.229478741,0.679227749,0.465660499,0.236106936,0.836666092,0.293904334,0.435454978,0.673196131,0.380564533,0.486592396,0.686216647,0.342012652,0.292600198,0.749541003,0.410413106,0.318545072,0.695850544,0.44026991,0.315818367,0.750162289,0.38408772,0.397237967,0.675055638,0.431914028,0.473262882,0.468495781,0.516683004,0.347579696,0.451460946,0.555722812,home,17
0.056488863,0.6169262,2.20595988,0.059816333,0.433190349,2.255774533,-0.104071991,0.321761392,2.26344275,0.22600272,0.326501673,2.246561239,-0.225266167,0.218141092,2.159603989,0.347721593,0.244646759,2.098937337,-0.165046724,0.242628927,1.99672812,0.250459753,0.238776728,1.958101989,-0.145384979,0.260395185,1.976154239,0.220166068,0.264444877,1.930507054,0.071091397,0.077576404,2.268302533,0.071787098,0.0088326,2.240866967,-0.002547949,-0.067098566,2.236997033,0.150104165,-0.06322983,2.235055304,-0.041382926,-0.527369899,2.377708587,0.178889271,-0.520599388,2.383630413,-0.049651939,-0.887501796,2.452220011,0.182839007,-0.888955909,2.480260293,-0.087633997,-0.946998922,2.415018272,0.220330766,-0.945999433,2.438683076,0.001827742,0.005378437,0.008140012,0.007790337,0.003978479,0.004410052,0.012570143,0.009087142,0.013823585,0.022493583,0.012967259,0.007221298,0.030914753,0.048581113,0.098482669,0.051151342,0.038659335,0.069777435,0.084096359,0.124301872,0.078103248,0.105828156,0.130898373,0.06414374,0.096185541,0.136869651,0.07034656,0.118811908,0.148438592,0.04689347,0.002437341,0.00575274,0.002994258,0.001164721,0.00742202,0.001859806,0.00300046,0.00162407,0.001517874,0.003407698,0.001826583,0.002201122,7.24046E-4,0.004039015,0.00174327,7.65503E-4,0.005200135,0.002104563,0.001477952,0.001807844,0.003183885,0.001223104,0.001885654,0.001908098,9.13148E-4,9.33861E-4,9.42975E-4,0.002712468,0.001827895,0.003283419,-0.004039955,-0.068237133,-0.002637247,-0.084977864,0.142445758,0.04344364,0.006218209,-0.029215861,-0.028311018,-0.155233108,-0.048136749,-0.038164478,-0.056737929,-0.006041028,0.020736899,0.006912767,-0.041437138,-0.006327394,-0.022119233,0.012166269,0.010467039,0.038881773,-0.002873933,-0.040335879,-0.00145478,0.036600885,-0.009732077,0.025641446,0.028236967,0.03775584,-0.028329354,-0.11213102,-0.00331897,-0.016483046,-0.194859033,-0.057568546,0.162770565,-0.103126834,-0.065222845,-0.159901226,-0.119279667,-0.166926136,0.016246577,0.012288063,-0.021707423,-0.005428792,-0.047692434,-0.011091341,-0.021725336,0.01380668,-0.01052868,0.031103164,0.002727887,0.024787894,0.007148146,-0.010793081,-0.012810778,0.04813503,-0.006702548,0.020037988,0.324264802,0.538830492,0.542580404,0.557280073,0.476814433,0.457966901,0.473887222,0.39232186,0.551363205,0.490246217,0.578704866,0.4382468,0.421967624,0.502493823,0.526447205,0.479600164,0.503087086,0.502012394,0.500800144,0.629165015,0.413216518,0.487479496,0.625909009,0.421180581,0.520420033,0.611250026,0.414125217,0.574505628,0.669668345,0.321049409,0.353036565,0.630926484,0.475795526,0.239847686,0.741158906,0.410368412,0.575874596,0.449253211,0.452444495,0.554533378,0.418296,0.452745925,0.333750334,0.783954304,0.3617078,0.373141008,0.756932479,0.370305213,0.419199279,0.516503573,0.522308804,0.413452991,0.548010341,0.507702834,0.424375197,0.593984375,0.477282922,0.484952427,0.378999301,0.550904681,home,17
0.226175498,0.664585222,2.481674114,0.244941943,0.474179064,2.499035307,0.073416864,0.349150023,2.5038566,0.39673536,0.357220026,2.492228364,-0.06226099,0.254607106,2.375434779,0.536112732,0.275791229,2.35336675,0.029740034,0.245541838,2.232464736,0.434133471,0.274575821,2.2231233,0.059829636,0.250488413,2.199965557,0.407200586,0.280159973,2.1915783,0.239778296,0.120127371,2.514065657,0.236935171,0.053756856,2.472418993,0.162795069,-0.019940291,2.469284907,0.308049587,-0.018297162,2.461469107,0.123207964,-0.480536074,2.574863871,0.364117999,-0.493645728,2.554205207,0.096473533,-0.855819019,2.683254307,0.369388248,-0.852120558,2.621901907,0.060103918,-0.912865898,2.656293943,0.399338493,-0.914072954,2.590817371,0.002288763,0.00685472,0.015531721,0.006161338,0.009312688,0.006299908,0.011704087,0.018868331,0.009132047,0.008383689,0.016677597,0.004876936,0.032920802,0.036351466,0.096824548,0.036180363,0.032827343,0.085426961,0.109559097,0.142502642,0.096515182,0.126848883,0.1560961,0.085876348,0.111042475,0.168121491,0.070229816,0.130986529,0.186622613,0.065200771,0.002212659,0.004744347,0.004384075,0.002325861,0.006965649,0.003324939,0.002904338,0.00357806,0.004184427,0.001851989,0.00357208,0.003012122,0.001775435,0.004060061,0.002791472,0.001213818,0.005257301,0.002020895,6.9388E-4,0.001247057,8.58974E-4,9.30295E-4,0.002541429,0.001328737,0.002740127,0.00154847,0.002813026,0.002426289,0.001952084,0.001615221,0.045723472,0.018682474,0.038843777,0.085986719,0.069626269,0.058573204,0.027593514,0.151152035,-0.078610667,-0.163736523,0.14283346,0.009126346,0.049774754,0.037704545,-0.078796927,0.036809838,0.043900374,0.027760117,-0.019724843,0.047650393,-0.10367398,0.024415426,0.013114162,-0.011456338,-0.061941199,0.017890784,-0.118656317,0.031864391,0.051790848,-0.045921076,0.009145938,0.030385905,-7.17E-5,0.139184174,0.007886429,-0.006077689,0.119548795,0.061230645,-0.143521237,0.00857209,0.019617316,0.023833414,-0.019823337,0.025402115,0.04029489,-0.019985255,-0.024646551,0.050093768,0.01395757,0.030360773,0.02935437,0.022850265,0.02680224,-0.006641683,0.007099112,-0.015340734,0.040105584,-0.072233766,0.053445153,-0.005291828,0.370288769,0.333266689,0.60791804,0.413534415,0.544221589,0.503178546,0.377517858,0.773907023,0.327969182,0.47446873,0.621206491,0.408698668,0.428330729,0.439454751,0.547623778,0.422217584,0.449226763,0.551305372,0.463021713,0.564301694,0.46671739,0.491899432,0.596223737,0.444027001,0.464251103,0.59672427,0.440822466,0.51679559,0.68250044,0.354928977,0.351275038,0.505975522,0.553347164,0.383311829,0.603531671,0.480613496,0.369340446,0.513266653,0.516375234,0.458452457,0.548754551,0.489841653,0.416273791,0.616737472,0.466283367,0.266788558,0.794738254,0.376796858,0.387766991,0.653378387,0.454245979,0.375146601,0.649868565,0.462819271,0.538631432,0.380568376,0.526460728,0.536546487,0.518372077,0.462615074,home,17
-0.413755069,0.548829013,2.329383171,-0.432593037,0.35505584,2.368134029,-0.572257039,0.231420174,2.319751886,-0.29113656,0.233308473,2.370286171,-0.661567279,0.136026075,2.196462171,-0.169301043,0.116460369,2.238589343,-0.588735451,0.203562358,2.039823314,-0.211343343,0.198106781,2.068530086,-0.567008789,0.226860067,2.012402114,-0.222373339,0.214315681,2.049427543,-0.421831147,0.004367346,2.380469286,-0.410978183,-0.060195635,2.337676329,-0.473811879,-0.126737484,2.313015657,-0.341493916,-0.124580794,2.348871743,-0.523883571,-0.532219279,2.409667686,-0.327588199,-0.52967039,2.454844629,-0.538933204,-0.881193489,2.458958714,-0.312515317,-0.867168401,2.495800214,-0.560037804,-0.948116153,2.427178714,-0.26828477,-0.943212581,2.475945857,0.004052819,0.005268704,0.011855197,0.002964725,0.004282506,0.008228236,0.01248027,0.007788215,0.003421972,0.022675536,0.00886919,0.009743984,0.047733859,0.055321019,0.101458285,0.029131055,0.051182409,0.102939887,0.094228397,0.106658403,0.050299533,0.062679986,0.103670003,0.068293774,0.10241982,0.118545565,0.04458718,0.079048777,0.12381963,0.059013672,0.00193824,0.00515021,0.004281995,0.001705539,0.006520821,0.002147681,0.002521864,0.004924021,0.003091054,0.004946539,0.005036207,0.003513331,7.90651E-4,0.00494285,0.002169517,6.42472E-4,0.004631283,0.003055203,5.85839E-4,0.00251358,5.31488E-4,4.12631E-4,0.001142544,4.80773E-4,0.001473643,0.001688289,0.002864067,0.001159299,0.001443338,0.001814103,-0.044651121,0.03403372,0.055422397,0.027123725,0.023422873,0.007537169,0.159262749,-0.062892933,-0.008630178,-0.148718916,-0.005214906,-0.019325596,0.046531197,0.040726158,-0.087541846,0.003242794,0.100491043,-0.015888123,0.044141418,0.041506446,-0.028488143,0.020706952,0.054999224,-0.040252302,0.031336697,0.04506087,-0.013651622,0.00684537,-0.011634626,-0.050660397,0.038054211,0.018618152,-0.068941947,0.037675,-0.062165198,0.017815204,0.130606194,-0.091260808,0.043967152,-0.120314821,-0.091299154,-0.034215927,0.06306894,0.111871289,0.004772993,-0.01995278,0.062459145,-0.051392952,-0.032164371,0.107296798,-0.020901609,0.035003462,-0.013214261,0.005392276,0.015073256,-0.017250738,0.051759069,0.090916272,-0.149818199,-0.213198223,0.347895237,0.399416414,0.589708684,0.434089508,0.445484561,0.546442516,0.683182474,0.579202954,0.276944669,0.678728481,0.52089282,0.339324576,0.408635906,0.480859824,0.532855187,0.409850162,0.50801779,0.523774934,0.542030529,0.637651323,0.373991854,0.447819339,0.678898402,0.398290623,0.562914318,0.658427506,0.340348109,0.451326375,0.661282846,0.411779395,0.331182691,0.644768651,0.473621229,0.221187923,0.810646623,0.369750418,0.522624063,0.59806932,0.403117686,0.626341947,0.561221949,0.355468531,0.342509932,0.758000096,0.372056394,0.255984143,0.760461597,0.407404547,0.289072091,0.836784522,0.306692702,0.449727229,0.635277684,0.434853876,0.336582355,0.403973185,0.592898465,0.268589213,0.400213411,0.561166418,home,17
0.056694065,0.61182269,2.19519306,0.05954694,0.430749222,2.251189955,-0.106255106,0.325356603,2.263867403,0.22351761,0.327142545,2.243141313,-0.222015469,0.214279675,2.181135716,0.349316969,0.242940242,2.11073797,-0.183926128,0.242521579,2.007672313,0.251905337,0.242778085,1.955839612,-0.168613724,0.264966041,1.977706045,0.23294152,0.260983906,1.932647239,0.070160137,0.078351569,2.264458642,0.070507989,0.009743711,2.239786582,-0.003257454,-0.065151449,2.237309403,0.148152025,-0.061165691,2.233878045,-0.041183416,-0.526874546,2.377493448,0.178446372,-0.520539781,2.384479836,-0.04995886,-0.888145487,2.451727328,0.183245622,-0.888976457,2.481332134,-0.087806196,-0.947490506,2.414641985,0.221622628,-0.946585507,2.438179896,0.002547216,0.007203359,0.010303073,0.006761454,0.005748445,0.004155825,0.011541543,0.004941851,0.01241151,0.022254204,0.012887107,0.008809848,0.02392183,0.049414883,0.106182017,0.053813232,0.043389792,0.085461846,0.077322277,0.120055294,0.086385386,0.1014644,0.118690019,0.062762979,0.086738734,0.127790755,0.06974048,0.108734576,0.133959364,0.052076729,0.002504493,0.00422819,0.00359523,0.002022,0.006014867,0.001943393,0.002656994,0.001065338,0.001858319,0.004328435,0.001153655,0.003070959,5.39253E-4,0.005871595,0.002600916,7.75988E-4,0.005752475,0.002066258,0.001526009,0.001678133,0.002606786,0.001061526,0.002218546,0.00303916,6.57896E-4,0.001015126,5.42235E-4,0.002769446,0.002346029,0.004018528,0.034237373,0.146665661,0.122950457,-0.051148858,0.221716762,0.094294994,0.217644388,-0.111473995,-0.182421039,-0.297894369,-0.113856659,-0.124711255,0.087609061,0.029978753,-0.121860881,-0.121993163,0.007781071,-0.114664284,0.157808782,0.123615121,-0.095677216,-0.095735167,0.045748931,-0.044890201,0.200075536,0.17854895,-0.158317324,-0.098729797,0.141927163,-0.027307198,-0.055917863,-0.203713906,0.057090046,-0.028312676,-0.452353023,-0.049052035,0.324293429,0.05994769,-0.023007226,-0.325710669,-0.006844042,-0.127713198,4.22207E-4,0.097007879,0.065123819,0.05878077,0.082683335,-0.058327037,-0.059169066,-0.034842124,-0.028428616,0.109215039,-0.101510833,0.070694654,0.010734375,0.035424709,0.035035699,-0.013460778,0.038166255,0.069425516,0.383672366,0.496407299,0.51841363,0.497718011,0.492999389,0.460144187,0.49246661,0.3062676,0.510029645,0.483015301,0.531105041,0.409053588,0.427342843,0.473423295,0.51925082,0.460520201,0.491461132,0.494657499,0.428202806,0.568252612,0.457821467,0.504108487,0.609692227,0.414414295,0.447884948,0.588375234,0.39634226,0.517760466,0.638735428,0.372110125,0.365634859,0.483948436,0.531523243,0.293527989,0.609617269,0.396001332,0.505208488,0.405585824,0.476251231,0.573472685,0.378075379,0.431380697,0.358804018,0.720159203,0.39957155,0.33773277,0.792468154,0.33572642,0.369692733,0.514040792,0.537359553,0.393764126,0.54070201,0.502356194,0.444195711,0.60775132,0.455133988,0.500870025,0.438135366,0.515056584,home,17
0.048309874,0.707308238,2.40408383,0.050673533,0.521353311,2.433605283,-0.1161168,0.401314281,2.428028113,0.209769609,0.402062436,2.424219283,-0.227247987,0.259325575,2.368307547,0.331129719,0.252118542,2.337792113,-0.192420512,0.307722951,2.166761868,0.282566836,0.318023211,2.142096132,-0.159973192,0.34647937,2.120549283,0.252726448,0.358751372,2.100741868,0.053485262,0.152547791,2.449609849,0.053699071,0.08318787,2.406912208,-0.022648123,0.010155595,2.399688396,0.130778874,0.010958454,2.400658057,-0.051610619,-0.466068911,2.535455906,0.168774936,-0.460970281,2.528664491,-0.055581464,-0.844971834,2.615540623,0.179176862,-0.844959721,2.630401132,-0.112100892,-0.916291696,2.583772566,0.222529319,-0.905700502,2.590720849,0.001807208,0.00413551,0.01388306,0.002690198,0.004453494,0.013426879,0.009160447,0.011480426,0.004651299,0.010624566,0.010320983,0.00279495,0.014056449,0.030058863,0.109921759,0.009810353,0.034190582,0.091167812,0.076041006,0.093511325,0.058996292,0.0705727,0.093279871,0.052528214,0.082573075,0.098115673,0.042464367,0.091728375,0.106423643,0.038972374,8.55631E-4,0.004969731,0.007558951,0.001072178,0.005479638,0.001769408,0.002959965,0.003769447,0.002351906,0.001186351,0.003832402,0.001977679,5.57704E-4,0.001956095,5.59516E-4,3.40155E-4,0.002365894,7.98328E-4,3.9209E-4,0.001595295,8.859E-4,4.60513E-4,0.001391419,0.001092698,0.002257086,0.001849945,0.006053811,0.002070339,0.001612072,0.002648757,-0.025481582,0.071844755,0.053082053,-0.125808621,0.165777554,0.093482723,0.185569448,-0.25392876,-0.001543367,-0.330296926,0.102120876,-0.079499107,-0.003985612,-0.058233742,0.058056025,0.075520557,0.071387864,-0.063612654,-0.036097118,-0.068020241,0.063712575,0.04254591,-0.006931698,-0.053443854,-0.064895331,-0.06409212,0.03695849,-0.036185786,-0.012495107,-0.034080298,-0.002499668,0.021307892,0.173607835,0.029195131,-0.035904563,0.101428703,0.188544962,0.190240688,0.02874876,-0.079160022,0.202597624,0.085497272,0.1087901,0.184558004,-0.004161339,-0.023893725,0.287723864,0.006865908,-0.051895067,-0.029346428,-0.033262979,-0.001294126,0.046643379,0.084431474,-0.063621137,-0.069454628,0.047480861,0.129486145,-0.009318153,-8.23E-5,0.223954494,0.325701424,0.637520857,0.249739826,0.396840084,0.591168399,0.644950602,0.44106122,0.367049066,0.619868809,0.542046787,0.289836668,0.24722283,0.46830385,0.587366323,0.299220786,0.396732685,0.597738775,0.444880871,0.603100994,0.449889393,0.465659561,0.536642894,0.483853554,0.491019206,0.645956627,0.39442732,0.557177978,0.59412222,0.395903644,0.141140084,0.366941532,0.618180764,0.384780994,0.718227675,0.383215279,0.526641927,0.645333452,0.325697041,0.41628235,0.641608316,0.4078568,0.351212019,0.765488841,0.335135277,0.296514256,0.706093617,0.393208154,0.350739293,0.690424014,0.433121109,0.320013614,0.581176331,0.511783114,0.427474205,0.352672864,0.574464581,0.546345257,0.434040683,0.48821469,home,17
0.049578981,0.70805021,2.408932615,0.05359313,0.522942258,2.437695712,-0.117213628,0.401989377,2.430059654,0.209657854,0.396394748,2.429686904,-0.231703235,0.268025769,2.336712808,0.331928435,0.251562908,2.336486808,-0.177603977,0.309325137,2.151744327,0.264266244,0.321964281,2.137883808,-0.146090897,0.338381806,2.104868481,0.246460003,0.346680035,2.100610923,0.053602918,0.150159144,2.452611423,0.053370455,0.080246497,2.409621731,-0.023404026,0.007553501,2.400263423,0.130089379,0.007139943,2.405545519,-0.053771402,-0.465439331,2.536000135,0.167669331,-0.46190559,2.531404692,-0.055015978,-0.841287448,2.615239346,0.178766508,-0.845035602,2.632653769,-0.110986637,-0.914683988,2.585058038,0.222420602,-0.905365054,2.590549654,0.002197854,0.004160454,0.013405143,0.004502831,0.006251866,0.011760173,0.009484199,0.00989021,0.004358492,0.012686404,0.008938365,0.007401698,0.015768601,0.030960424,0.1183764,0.010880443,0.026428097,0.096853528,0.087487968,0.105228649,0.076598034,0.07588899,0.095383451,0.062926904,0.091055988,0.101947437,0.047340005,0.083941071,0.101335851,0.045291022,0.001668382,0.004358797,0.00702483,8.59298E-4,0.005300173,0.003179814,0.001869792,0.002675415,0.002626268,0.002052572,0.002511192,0.002641517,9.1688E-4,0.002912967,0.00109732,8.8351E-4,0.001193524,0.001910629,3.19328E-4,0.001652319,6.0225E-4,5.06127E-4,0.00136832,0.001355047,0.00173993,0.001691771,0.004405004,0.001906958,0.001839068,0.001284748,-0.046152133,0.020064517,0.083018071,0.135088158,0.070336393,0.102807199,0.271186994,-0.233823933,-0.067165393,-0.28840607,-0.238552096,-0.192560332,0.062604079,-0.07360872,-0.031396251,-0.157748366,-0.033933775,-0.073494484,0.008329953,-0.04079083,-0.017060213,-0.068436493,0.034530448,-0.034858958,0.079248333,0.084589245,-0.037138717,-0.106710446,-0.017251128,-0.09509043,0.076646915,-0.149758954,-0.022280709,0.057678009,-0.316413482,-0.090857672,0.216119413,-0.058631009,-0.118415295,-0.185779928,-0.1521052,-0.081300447,0.044657737,0.121957786,-0.202603934,0.106367892,0.267377132,-0.231960348,0.031936458,0.056040439,0.028409621,-0.023009155,0.165902275,0.01488505,-0.106900656,-0.090128151,0.114796828,0.181080282,-0.051170158,-0.063597398,0.270309196,0.311021805,0.630061106,0.294028901,0.450411468,0.568271372,0.558264827,0.567358423,0.321642358,0.565391003,0.468189638,0.33397503,0.306839416,0.573789033,0.522243797,0.314168877,0.407712203,0.582193943,0.378300709,0.576307642,0.501392786,0.507878742,0.642730094,0.387866151,0.481415889,0.620602193,0.416516552,0.512579545,0.638090997,0.374260229,0.178669487,0.462915347,0.593426061,0.189831412,0.734435468,0.375934974,0.450317716,0.582469506,0.423445803,0.440386199,0.578484382,0.435630963,0.312574251,0.703815566,0.378436214,0.33129643,0.560935659,0.425344866,0.399686998,0.735872093,0.369626036,0.317245557,0.677577352,0.442482476,0.325860289,0.32878768,0.599707548,0.634592758,0.505222922,0.372882944,home,17
-0.412958867,0.713548919,2.346983912,-0.417352371,0.534072227,2.408662901,-0.571851218,0.420236434,2.373878165,-0.269442521,0.443076143,2.424081363,-0.686518805,0.317336766,2.261666286,-0.109181783,0.347612157,2.297346209,-0.59683084,0.41368848,2.060868516,-0.203698928,0.449056509,2.080121066,-0.552271852,0.46233574,2.021112714,-0.24116354,0.484361016,2.042488659,-0.387791175,0.181750318,2.418948132,-0.380649013,0.111260504,2.417083802,-0.447479727,0.036827699,2.399184593,-0.30176508,0.046980526,2.433050824,-0.473847796,-0.448452932,2.538623758,-0.256592936,-0.485599797,2.56742544,-0.525562005,-0.854380321,2.606618538,-0.185274418,-0.856111997,2.588896681,-0.578471886,-0.921877801,2.577518703,-0.149584224,-0.933994645,2.554655516,0.009961292,0.010828885,0.012399999,0.003338333,0.008656992,0.011771176,0.011023464,0.00727192,0.008075686,0.008279376,0.018098182,0.014377388,0.036458601,0.06362257,0.114028996,0.022706379,0.059245507,0.108148107,0.074687802,0.114042942,0.086503237,0.071113348,0.110795169,0.089596024,0.086915827,0.127279028,0.078583981,0.08808008,0.133598375,0.09446567,0.001080208,0.008201187,0.00924488,0.001794113,0.008743451,0.006952201,0.002469755,0.010535508,0.005864232,0.002513208,0.01190859,0.007543716,0.001091231,0.007099989,0.004164667,0.003788559,0.005772247,0.003759576,3.43041E-4,0.002102342,0.001302227,0.001080407,0.003425467,0.002093056,0.013067693,0.005112158,0.009767097,0.007725605,0.009270216,0.018567631,0.038568295,0.002692069,0.143781892,0.050582342,0.135089405,0.135047505,0.222026589,0.093718729,0.007575997,-0.201749053,0.056604831,-0.043595403,0.050573943,0.008997703,-0.048563748,-0.028112477,0.028396228,-0.074520043,0.14440993,0.048678609,-0.157610289,6.76439E-4,0.015747317,-0.060255165,0.114874852,0.008784785,-0.08301311,-0.07045077,0.07446863,-0.122601605,0.036915302,0.078036746,0.21979016,0.036030273,-0.003210885,0.244405017,0.11745954,0.204240487,0.198071884,-0.124996483,0.145386546,0.210066462,-0.080736371,0.232881797,-0.013971523,-0.042575649,0.071412345,0.025753085,0.046395665,-0.167572691,0.01090954,-0.051170464,0.094319714,0.006783037,0.054014529,0.031389504,-0.025495268,0.018275978,-0.075731887,-0.041903873,0.321817835,0.681186417,0.43473555,0.426731699,0.45668667,0.519762625,0.572134179,0.490792313,0.42534332,0.440222186,0.698552415,0.359777602,0.27397274,0.517561558,0.565031227,0.275915235,0.501600295,0.569347231,0.377088119,0.607159325,0.449630453,0.396349795,0.660122928,0.440704096,0.395382032,0.676741539,0.416669203,0.476167988,0.560807593,0.450902314,0.197112596,0.593246844,0.49642194,0.30904577,0.707676274,0.367733478,0.400352454,0.62525476,0.388715065,0.431907714,0.658052099,0.348500907,0.25677351,0.70843125,0.423827414,0.557832693,0.742888383,0.242381962,0.259367271,0.694245167,0.452123538,0.408806028,0.724055028,0.378004782,0.579231518,0.37710999,0.502944876,0.43926666,0.510854424,0.512481117,home,17
0.097630994,0.702613297,2.381593063,0.060603647,0.51641196,2.402019286,-0.052527194,0.415657727,2.290365095,0.227542779,0.405771622,2.534633111,-0.07996149,0.240517314,2.136813111,0.367438181,0.288674043,2.623979841,0.122381968,0.350770062,2.041469349,0.456983902,0.389537506,2.470684683,0.173676579,0.387911756,2.043961508,0.48424371,0.429800781,2.415551524,0.094253457,0.14622313,2.409879492,0.11592061,0.074689598,2.397728937,0.055968809,0.005991844,2.352198254,0.194366516,-6.63225E-4,2.436743079,0.003510269,-0.509683457,2.459201651,0.179017771,-0.483605451,2.622285825,-0.017862286,-0.872446538,2.512899921,0.143948046,-0.859089543,2.70050981,0.009182533,-0.930876516,2.45401454,0.210762376,-0.906453232,2.722471984,0.015747555,0.004376621,0.008359315,0.007374576,0.002913694,0.006815351,0.005052071,0.014387246,0.004391923,0.012292329,0.014611558,0.018566027,0.064769259,0.052268793,0.025972809,0.042308312,0.029893963,0.071562018,0.076602461,0.064813311,0.03229789,0.023405375,0.045891542,0.096198228,0.079879963,0.075716011,0.049217875,0.045697721,0.049361721,0.103657034,0.009156728,0.006352559,0.004837656,0.008584423,0.007533572,0.003613243,0.013465919,0.006315187,0.006332228,0.005815769,0.004935457,0.004875733,7.87413E-4,0.003600265,0.001413599,0.001012432,0.006061458,0.001901522,8.30194E-4,0.001739543,0.001077617,0.001789175,0.005736924,0.002294864,0.001359561,0.001674019,0.003033561,0.002680731,0.001206387,0.003004131,-0.096566775,-0.030162187,0.089964207,-0.156226042,0.104489063,0.028643884,-0.03702274,0.259989957,-0.065583218,0.128331296,-0.107517634,0.116987069,-0.016711849,0.078495509,0.001708403,-0.017870306,-0.034255971,0.080890192,-0.023250062,0.105584882,0.01904057,-0.12518877,-0.032845429,-0.024708335,-0.036831412,0.087046738,0.030307086,-0.072829708,-0.034022453,-0.080596788,-0.138806686,-0.065376456,0.149906339,-0.125138824,-0.09728153,0.04333397,-0.098014103,0.02267029,0.019244722,-0.096791702,-0.083237195,-0.085464837,-0.005530209,0.046622677,0.037562414,0.005645853,0.013390079,-0.021578214,5.48857E-4,-0.096342069,-0.002858058,0.022438217,0.081315802,-0.048802248,-0.017633089,-0.005340363,-0.04446117,0.018125877,0.06027052,0.057763029,0.754693673,0.29684854,0.386872843,0.597883298,0.352552022,0.481950152,0.394194636,0.686034495,0.373509944,0.439211803,0.603649584,0.430277041,0.599731164,0.558815405,0.390748126,0.409676975,0.40154407,0.565678216,0.630674581,0.561866723,0.359035015,0.425537748,0.333915239,0.580097957,0.634479093,0.569072262,0.351083723,0.271736773,0.370632213,0.61355306,0.57644428,0.600089425,0.333080954,0.56200052,0.662231573,0.316331193,0.574966408,0.478956684,0.454339346,0.425770768,0.466711184,0.526007069,0.310580477,0.66735962,0.467404899,0.359268686,0.790678153,0.337982398,0.422803944,0.624452573,0.450398918,0.39370015,0.751296456,0.355214122,0.342630515,0.463014925,0.569091468,0.548721043,0.379379819,0.513829446,home,17
-0.252424967,0.697785616,2.41859625,-0.278989525,0.507543622,2.416059,-0.342067977,0.35129675,2.307983688,-0.145069356,0.394509678,2.637606703,-0.239566983,0.358886292,2.1298305,-0.027298243,0.32345348,2.716025625,-0.129257043,0.53760138,2.16645175,0.022676372,0.494857358,2.534204422,-0.103024168,0.592740948,2.189939953,0.035628024,0.550617381,2.490240156,-0.228703061,0.138355743,2.435817219,-0.215722722,0.065287316,2.441151938,-0.252231894,-0.005558332,2.378189234,-0.157944658,-0.011270822,2.507901438,-0.331246548,-0.481469184,2.489126656,-0.227870308,-0.496366986,2.667238016,-0.367302105,-0.869526111,2.544311078,-0.272448331,-0.870186005,2.673747906,-0.311167181,-0.9447086,2.540401125,-0.185913222,-0.93482282,2.697844406,0.023561151,0.011633632,0.007168232,0.008987652,0.027617293,0.005491422,0.008775304,0.013508491,0.00845168,0.006409407,0.028639322,0.011211179,0.083407937,0.117556843,0.018816042,0.063706132,0.091655836,0.074850992,0.050403905,0.124383821,0.054739576,0.012803036,0.067566943,0.074729859,0.057168149,0.133021924,0.063219372,0.011037105,0.067236842,0.080488584,0.008740769,0.02931179,0.006303582,0.009729118,0.03052082,0.006536539,0.010687023,0.013557196,0.007253076,0.011109616,0.026028096,0.019846761,0.002908623,0.011034779,0.003732312,0.00278654,0.005687317,0.002492238,0.003777682,0.002748018,0.003723861,0.001042668,0.003461338,0.002018923,9.9577E-4,0.001228826,0.001695593,0.005909259,0.003060198,0.00706015,0.068415619,-0.039026865,-0.076066132,0.010450383,-0.058425687,-0.130848359,0.029570685,-0.017138006,-0.073475225,-0.122931306,-0.117676867,-0.030602768,-0.148363301,-0.195355336,0.014973419,-0.099027564,-0.136671024,-0.060392553,-0.09680396,-0.139802483,-0.047757425,-0.022046518,-0.071934918,0.014389198,-0.045673446,-0.069560145,0.023156155,-0.072421047,-0.072506049,-0.00764666,0.040485286,-0.196712108,-0.142704542,0.017373714,-0.112667267,-0.162851751,0.02728332,0.031782655,-0.195775963,-0.002540376,-0.121111451,-0.158838249,0.112360047,0.029885109,-0.063007074,0.069877553,-0.040701025,-0.05570729,0.072952109,0.080711425,-0.064095571,-0.038746114,-0.006914759,-0.04393117,-0.011510556,0.040947722,-0.0429751,-0.050231547,0.032199762,-0.040551532,0.820705905,0.457329632,0.204157226,0.453649303,0.723165311,0.329390664,0.480382336,0.689512752,0.36453853,0.415815735,0.692093901,0.387883918,0.533605384,0.633707413,0.343672176,0.511581947,0.477853807,0.478392491,0.505069632,0.674142911,0.346809974,0.278507912,0.595241703,0.522530591,0.471402395,0.64189292,0.413374053,0.249255803,0.520404478,0.565857878,0.404610918,0.773215996,0.264767256,0.42647381,0.752163196,0.291043164,0.490374546,0.615639081,0.3774869,0.265596958,0.558204594,0.517602835,0.35603564,0.7093867,0.407638219,0.360505586,0.764790198,0.357987633,0.418988984,0.601854511,0.461505815,0.285550536,0.747880976,0.410954434,0.499907969,0.449040175,0.513318445,0.444417549,0.391209853,0.559739796,home,17
0.097373867,0.703556677,2.387554245,0.059319295,0.515849915,2.411100906,-0.047965233,0.402251655,2.307282925,0.228233579,0.412432258,2.542218396,-0.082221725,0.225210123,2.176555491,0.361023813,0.263513132,2.613667132,0.123153218,0.303782728,2.069281943,0.441139232,0.360981711,2.447662264,0.187969178,0.343473519,2.064421755,0.467312698,0.396799985,2.390700434,0.093461825,0.154716862,2.418939623,0.114313362,0.085113329,2.407115019,0.05694866,0.013507419,2.358380189,0.190954536,0.007894591,2.449516094,0.002348537,-0.510616028,2.463699132,0.176920594,-0.482993392,2.628340113,-0.018125041,-0.87303503,2.513488302,0.141524353,-0.859328519,2.702206698,0.00838839,-0.931710721,2.452566811,0.212626843,-0.905390145,2.725304245,0.010420843,0.003159978,0.008191575,0.005057105,0.001133765,0.005548526,0.003393918,0.012477252,0.004090463,0.016102707,0.028366671,0.014944064,0.057911277,0.039439381,0.030487429,0.04229473,0.025189262,0.063685571,0.060694929,0.068481167,0.016831919,0.01948257,0.053498989,0.06694794,0.063345785,0.084535998,0.03440871,0.02904463,0.055831683,0.06674872,0.009379799,0.002913847,0.00313634,0.008871072,0.003506729,0.001923913,0.014360639,0.001700901,0.003787638,0.006357595,0.007098539,0.005519489,7.24641E-4,0.002231105,0.001598818,0.001320394,0.004521799,0.001939331,9.27176E-4,0.001689206,0.001036232,0.001623565,0.005335153,0.002134263,3.99475E-4,0.001546944,0.00203449,0.004523665,0.001619075,0.004132475,-0.161881801,0.046732936,0.060372152,-0.127752678,0.062815178,0.074660539,-0.138216692,0.235051594,-0.109158797,-0.057618906,0.034872565,0.061178662,0.073432636,0.041264038,-0.067447607,0.056000165,0.020137612,0.073405189,0.117609942,0.110173217,0.083438288,-0.032405082,-0.007892469,-0.044951676,0.071585492,0.014559853,0.050952847,-0.022100109,-0.021255343,-0.056777611,-0.147505237,0.044115369,0.052157969,-0.210001858,0.038190205,0.030069621,-0.188834048,0.092373165,0.033968987,-0.222150586,0.031593914,-0.025730203,-0.013174455,-0.181765457,0.057225515,0.069206964,-0.014884681,0.057075098,0.078615983,-0.138198526,-0.024717511,-0.074185253,0.049581165,-0.08516557,-0.083490698,-0.024715956,-0.021838367,0.050282972,0.072557147,0.045639106,0.634232387,0.271479402,0.48396902,0.559200039,0.274981783,0.529353638,0.289593662,0.700923041,0.390857441,0.292725281,0.755343904,0.395147979,0.598740689,0.496360293,0.423910623,0.372815683,0.429172051,0.567007722,0.591945382,0.630261101,0.310225332,0.474787835,0.458774261,0.519431961,0.586166489,0.659147799,0.309815205,0.361678527,0.504330251,0.542254186,0.671262517,0.459466558,0.3803689,0.631146577,0.580502102,0.313976103,0.707454987,0.395499503,0.371795456,0.505106407,0.530968589,0.442177705,0.297907579,0.618055575,0.484510679,0.35496098,0.772551527,0.350847631,0.363332928,0.653446122,0.444272284,0.37672333,0.714096645,0.391161459,0.326885221,0.517912883,0.546343291,0.614374467,0.431110584,0.450148953,home,17
0.122959573,0.624328786,2.198559584,0.094839561,0.43779651,2.218154436,-0.015718697,0.318001789,2.121426673,0.272770819,0.349416239,2.340470267,-0.014618063,0.199922032,1.964541436,0.399994991,0.255591708,2.318605743,0.16052118,0.241758,1.905446594,0.437995345,0.290716725,2.153195891,0.209479731,0.285559404,1.901709703,0.449959773,0.319303521,2.118402257,0.123680282,0.088751246,2.227601842,0.132723933,0.019474831,2.228381267,0.070999137,-0.05799273,2.184939931,0.20877255,-0.056162729,2.270330396,0.031369196,-0.49035217,2.276839089,0.198321861,-0.514938246,2.440665782,0.01336939,-0.86777435,2.35276199,0.190477521,-0.869160053,2.501455089,0.057044881,-0.918559006,2.325005317,0.250269435,-0.93632303,2.516932238,0.018213628,0.009162627,0.011505723,0.011499653,0.020567996,0.011970176,0.011699779,0.010360958,0.009412079,0.02601173,0.021943313,0.020740513,0.093629879,0.066966678,0.049520582,0.048053327,0.069382735,0.10987729,0.104135478,0.147654407,0.024100676,0.031291365,0.136860262,0.113979896,0.096964602,0.161718988,0.027900122,0.036875225,0.149462767,0.112207803,0.010267151,0.009929981,0.009423892,0.009568574,0.00886757,0.008271365,0.013208297,0.005154701,0.010400276,0.009743285,0.005547159,0.00669429,0.005121728,0.006711463,0.005470858,0.003789357,0.010422592,0.006101552,0.002709851,0.005410049,0.004046825,0.001266924,0.003190542,0.00231903,0.009910466,0.014041616,0.04421901,0.005757406,0.001644808,0.002524393,-0.130296463,0.026103541,0.076096815,-0.188616299,0.042575903,0.031910451,0.007903539,0.072295021,0.041175686,-0.001634173,-0.005088965,0.042852926,0.04332716,0.02853361,-0.007231068,-0.038578995,0.043720395,-0.066295371,0.047107212,0.05580426,0.010596674,-0.037247605,0.102036045,-0.007884073,0.02931385,0.080405791,0.043559095,-0.03058019,0.083345745,-0.006458122,-0.137320731,0.063177656,0.051900886,-0.120674133,0.073148316,0.052903311,-0.126322307,0.052584598,0.064503135,-0.014018979,0.092135634,0.019071725,-0.063196719,-0.046478117,0.063987969,-2.28831E-4,0.163603807,0.030212208,0.053713373,0.101390905,-0.003390549,-0.040051239,-0.034059966,0.049907641,-0.027035616,0.072386665,-0.065878508,0.071673818,0.0197384,0.051736603,0.63452778,0.414554682,0.439309969,0.471281702,0.559653736,0.455445732,0.640115104,0.562384767,0.357217944,0.442134302,0.434695808,0.548551951,0.59443507,0.504277752,0.435618497,0.457731078,0.450800808,0.531483315,0.562563613,0.687346968,0.312620349,0.284101862,0.631607769,0.499157025,0.512221072,0.740828064,0.28945896,0.290936445,0.611585118,0.511505084,0.390127695,0.665048383,0.428364838,0.399889438,0.676974096,0.415950094,0.585035707,0.408891395,0.476039303,0.527991903,0.523712842,0.462299854,0.383208456,0.659455915,0.443724455,0.294685815,0.814726404,0.324425204,0.463723188,0.592143056,0.453325099,0.318364988,0.719908979,0.425764965,0.417413162,0.431086009,0.554587184,0.722161933,0.37205454,0.399417493,home,17
0.140773381,0.618477487,2.181245323,0.105171809,0.43612289,2.19892429,-0.00357598,0.313833195,2.102481258,0.290010937,0.341742787,2.334211081,-0.038035265,0.186532353,1.952104726,0.405302027,0.240738866,2.337464161,0.132203512,0.189935047,1.899260226,0.441903521,0.24432371,2.178686274,0.191831494,0.220267495,1.893785645,0.447839353,0.265443912,2.143541387,0.13541799,0.090843839,2.211027355,0.142455516,0.022058148,2.215491468,0.08150809,-0.058132237,2.170636371,0.218293642,-0.056005123,2.262046806,0.033171354,-0.485806369,2.268029194,0.200108519,-0.514549271,2.434204597,0.013957617,-0.866416324,2.354311177,0.190598305,-0.866987205,2.499159823,0.058531058,-0.916417324,2.321456194,0.246255871,-0.93672806,2.516208742,0.013167226,0.009941526,0.007424523,0.005882683,0.025870927,0.006955209,0.009528509,0.012088839,0.005817071,0.017567114,0.009367409,0.018702762,0.087945917,0.065340376,0.047398774,0.04630826,0.065778356,0.109630839,0.101125902,0.148995487,0.024507153,0.041639779,0.149091265,0.118658581,0.095120504,0.177778114,0.033842296,0.055696849,0.159094458,0.122274932,0.006733005,0.011455957,0.005786571,0.00735549,0.009519942,0.006003339,0.013016327,0.006139983,0.007763243,0.009097408,0.00670662,0.005814908,0.002835371,0.007880607,0.003914754,0.002920222,0.008606154,0.003441478,0.003824007,0.004836291,0.004797543,0.001197078,0.002966158,0.002374404,0.010652942,0.013866002,0.040450667,0.002644475,0.001044994,0.001654196,-0.106531523,0.0578939,0.066587182,-0.124633972,0.149985319,0.037723967,0.070728128,0.19438295,-0.152190759,0.015466439,-0.020409306,0.044453818,0.15554212,0.030798445,-0.072042357,0.084864879,0.032818934,-0.110734589,0.119569492,0.07933586,0.037795207,0.033068019,0.065991982,-0.073424773,0.069454982,0.083421576,0.038785552,0.044326102,0.107550549,-0.06035091,-0.16199574,-0.002700599,0.0616704,-0.1679732,-0.006853346,0.065746374,-0.110516021,0.022285148,0.098746287,-0.174748349,0.024568051,0.084310422,-0.01930341,0.155769362,0.118771176,-0.149230822,0.11245573,0.017600655,0.120205664,0.078193178,0.004627287,0.014153986,0.035974916,0.023160143,0.006664427,0.055066499,-0.038770432,0.090071926,0.011326239,-0.058041555,0.587274564,0.553099789,0.392963756,0.430787136,0.652637253,0.406539119,0.579606935,0.575675219,0.335922838,0.401564985,0.432937095,0.561352837,0.557525511,0.486487499,0.447212113,0.413056742,0.438583015,0.541892256,0.54575695,0.618153642,0.374038497,0.305643594,0.596275557,0.508992683,0.501074811,0.718263577,0.317485232,0.256463242,0.592686467,0.522206029,0.470259825,0.637952302,0.400666758,0.456807065,0.663666999,0.385336091,0.603636253,0.409404219,0.457644989,0.458733126,0.559497599,0.454990266,0.429161829,0.662635522,0.391551117,0.385474565,0.733650859,0.361008371,0.457105645,0.594105117,0.44763595,0.347681239,0.688439414,0.439412156,0.387627696,0.473728423,0.548976302,0.678075539,0.329109699,0.447371485,home,17
-0.261823062,0.700762989,2.42406844,-0.293294204,0.514855365,2.420284736,-0.35588698,0.348092971,2.312885385,-0.158508958,0.404965326,2.613047813,-0.256191813,0.355353993,2.126670132,-0.037855155,0.361976886,2.72585044,-0.13236768,0.534798984,2.154831857,0.013961254,0.527371159,2.53250344,-0.098039962,0.590589997,2.171157637,0.025486015,0.580162441,2.486691495,-0.237395744,0.146688486,2.448304824,-0.223317989,0.072816564,2.455466945,-0.257541114,-0.006582801,2.389912692,-0.163890993,-0.005814693,2.529568396,-0.340590729,-0.480349896,2.486953154,-0.237116993,-0.499185826,2.66631589,-0.368151005,-0.869883679,2.543251352,-0.273151448,-0.869801603,2.67214633,-0.310222511,-0.945091788,2.53975022,-0.189151724,-0.933776622,2.701811901,0.028261372,0.013591442,0.002827303,0.008990064,0.025229769,0.004448062,0.00804217,0.017021697,0.006492113,0.01790029,0.037497766,0.040578469,0.078878037,0.107779211,0.022068185,0.065477127,0.085003715,0.073870421,0.056617151,0.116309292,0.043084582,0.014135743,0.081230663,0.083411507,0.054873071,0.126115678,0.059380845,0.012267528,0.083746923,0.089792109,0.005476897,0.028553992,0.005958523,0.004740821,0.030677206,0.006629512,0.003901897,0.01422371,0.009595931,0.004530366,0.023435916,0.019943957,0.002456672,0.012145639,0.003217903,0.001853382,0.005884703,0.001281701,0.005022292,0.003666193,0.004798263,8.79504E-4,0.003627431,0.001904005,0.001098067,0.001642053,0.001345875,0.006217367,0.003697973,0.008297687,0.060295325,-0.05187019,-0.033745033,0.085286187,0.003711586,0.05275314,-0.026189733,0.133353364,-0.120729613,0.019646863,0.022161457,0.013623096,0.035492164,-0.124252896,-0.072019589,-0.032814776,-0.076685409,-0.025178898,0.086734488,-0.04108608,-0.057241023,-0.049344043,-0.063111222,0.002309391,0.080681263,-0.039135131,-0.018498716,-0.02547024,-0.04534643,-0.060436579,0.046125217,0.181825304,0.007253424,0.033073321,0.130475425,0.028221785,0.06833474,0.184832684,-0.060734657,0.013538183,0.082624753,0.141189585,0.078590065,0.088745352,0.046584449,0.04723884,0.013656486,0.036607053,-0.015314605,0.164131559,-0.026265339,-0.013965518,-0.03269453,-0.011224827,0.077959317,0.068975048,0.059837584,-0.04584606,-0.03938349,-0.053946542,0.738070909,0.509630034,0.296410491,0.463059346,0.733248854,0.334525737,0.495021641,0.645484976,0.37352523,0.428973258,0.725795327,0.372041529,0.530702769,0.635164164,0.371777504,0.456705825,0.510461956,0.505677991,0.483511625,0.663804952,0.386347784,0.25811475,0.619621149,0.515672057,0.468161839,0.649185602,0.411976369,0.21433029,0.596475107,0.537144043,0.287019033,0.805633756,0.3329999,0.247026117,0.808114137,0.356993629,0.291168631,0.640300878,0.47296982,0.277321131,0.612315619,0.494798673,0.321115603,0.701969244,0.432675468,0.319591101,0.788741815,0.360195753,0.419153029,0.643740554,0.430073845,0.349317426,0.730462057,0.407282827,0.495458771,0.475444366,0.499582779,0.484558601,0.380984027,0.547432363,home,17
0.17425469,0.627126306,2.305996174,0.154040134,0.442004739,2.343592335,0.079751913,0.317217176,2.228015045,0.313115359,0.384570346,2.479674832,0.111835249,0.201135842,2.049463439,0.470994239,0.265129462,2.431407213,0.298202947,0.219773146,2.038637903,0.520260945,0.284396851,2.266128858,0.356361301,0.26362188,2.057021168,0.54235903,0.308688169,2.225285548,0.18336171,0.098319088,2.349130697,0.216115364,0.035408,2.326796406,0.171272089,-0.035576188,2.279631574,0.282584052,-0.03204116,2.363454316,0.118322921,-0.547375108,2.367185619,0.292170111,-0.536133356,2.535196155,0.059837269,-0.901404088,2.425811,0.264019973,-0.853234882,2.593082703,0.078460538,-0.951831642,2.377250484,0.33242835,-0.912065947,2.623767174,0.012673382,0.00734042,0.012440684,0.006073009,0.014314849,0.005045026,0.012624788,0.00921814,0.00376085,0.010720568,0.031353133,0.011034026,0.08288431,0.058718292,0.019987014,0.040955907,0.054027727,0.109112888,0.099873481,0.154902194,0.029152218,0.042949287,0.142139238,0.141316893,0.088227953,0.187277385,0.042970748,0.041615622,0.1553387,0.140610073,0.006206175,0.013749192,0.005513387,0.006773471,0.017193042,0.005880678,0.013153108,0.013785585,0.012016155,0.006333237,0.011843311,0.012245048,0.002139743,0.004673003,0.001755308,0.003169598,0.011554525,0.005680952,9.93244E-4,0.00247502,0.002186209,5.20002E-4,0.002102333,0.001445661,0.002064319,0.001522102,0.001696715,0.003231438,0.00151124,0.003772468,0.099673166,-0.021852337,-0.024997568,0.003073462,-0.067302916,0.012311158,0.252165571,0.153717679,0.067716905,-0.032389263,-0.108317893,0.002959107,-0.047787336,-0.031118147,0.017465471,0.046357261,-0.161343713,-0.072867074,0.005150786,-0.102566647,-0.011648478,-0.001151968,-0.019984452,0.068356495,0.058790217,-0.104243527,-0.017441721,-0.005093929,-0.003034499,0.063630984,-0.071698835,0.117862687,0.072642401,-0.077625384,0.073475196,0.075296593,0.022930068,0.09547764,0.039183763,-0.086497845,-0.002423565,0.056254342,-0.055668338,0.014990583,-0.048675167,-0.038546898,0.208801119,-0.108179956,-0.0442513,-0.005826552,0.01756321,-0.07169903,-0.258806685,0.160655367,-0.003266614,0.03751417,-0.010170625,-0.140879238,-0.030156063,-0.004510429,0.57609931,0.354602853,0.511925359,0.52357714,0.623423533,0.403635275,0.562950451,0.607330757,0.32459897,0.460425496,0.604863768,0.448760639,0.65127164,0.576919765,0.341048528,0.36159739,0.61902849,0.46931098,0.539463658,0.698055854,0.319621191,0.517923348,0.53472983,0.463420272,0.482716458,0.749216946,0.30342783,0.492432558,0.552333985,0.467845095,0.4564559,0.750513054,0.309924483,0.442053799,0.762734876,0.310981645,0.474946688,0.627759149,0.424885595,0.478002469,0.573089617,0.459718311,0.430010895,0.68185229,0.409609571,0.390790084,0.639473744,0.42598628,0.422482026,0.556521147,0.501335039,0.321334691,0.560768829,0.474996509,0.576222364,0.467748457,0.469601024,0.505097326,0.333106725,0.550677316,home,17
-0.466079836,0.544478384,2.314914,-0.503141435,0.363186164,2.331871875,-0.587112592,0.259521018,2.222702284,-0.345737433,0.245494186,2.457967239,-0.562019586,0.12310712,2.05610542,-0.234634701,0.127887344,2.429271182,-0.388118925,0.20896478,1.991082136,-0.16213613,0.213241591,2.27100575,-0.339685211,0.247809756,1.991265011,-0.147245618,0.238862589,2.22533967,-0.457024265,0.022513517,2.33628967,-0.434069086,-0.042578392,2.32636183,-0.47949089,-0.110782243,2.272684955,-0.364845161,-0.115121994,2.373813034,-0.510008678,-0.503973545,2.325012795,-0.400509319,-0.496007974,2.512504614,-0.548848747,-0.871527669,2.362392898,-0.432269373,-0.8419019,2.568906148,-0.507751856,-0.945037251,2.364474602,-0.37522582,-0.923698852,2.596830182,0.014778967,0.00278932,0.007370386,0.005635924,0.005646475,0.004682508,0.005280027,0.014653392,0.003642801,0.00798712,0.008619932,0.010232205,0.083047736,0.05343905,0.025158008,0.054907124,0.051755893,0.095233331,0.08714575,0.085261278,0.019616071,0.014810338,0.088666319,0.098441619,0.090538242,0.097899178,0.029643645,0.021028256,0.092482941,0.09671543,0.00403764,0.00672538,0.003604173,0.004466195,0.007366986,0.004425738,0.007137211,0.00617235,0.003906564,0.002142892,0.005440674,0.005914512,0.002117026,0.00374686,0.003358949,0.003282506,0.004621233,0.004304238,5.54644E-4,4.05195E-4,3.05678E-4,4.6729E-4,6.06345E-4,5.12826E-4,9.83099E-4,0.001493607,0.002901805,0.002014797,0.001039141,0.00247039,-0.074963293,-0.010888879,0.03411529,-0.123538627,-0.001668165,0.04136828,-0.091207147,0.13830082,0.018290191,0.160040769,-0.019599889,0.008031185,0.146736822,0.086969567,-0.041028648,0.078367393,0.015406279,-0.165840421,0.108503536,0.059865548,-0.009862143,-0.021551121,0.093088248,-0.155387684,0.083905716,0.076306579,0.046865625,-0.016813839,0.097470685,-0.130179716,0.035215601,0.044293562,0.042749108,-0.071304583,0.027540709,0.121237067,-0.114434401,0.01815815,0.128062132,-0.125788452,-0.02072992,0.121258344,-0.093962272,0.066721546,0.061955517,-0.075632044,0.103249589,0.194890576,-0.141358868,1.18361E-4,0.158713197,-0.016967774,-0.049629873,0.075813705,-0.027869781,0.004905911,-0.016643618,0.07641201,0.038944082,-0.013139537,0.718174287,0.334807427,0.419807663,0.560393227,0.489074517,0.456272537,0.436443283,0.798245497,0.257282968,0.418397349,0.404078709,0.558454697,0.673149326,0.42690706,0.40018175,0.411292502,0.450482925,0.52645935,0.636706924,0.615418183,0.307115877,0.335382929,0.508504167,0.528851117,0.60001039,0.666990621,0.288238455,0.274094829,0.506848041,0.553310061,0.495030398,0.618097512,0.420993035,0.491862385,0.684629747,0.348004677,0.558106504,0.593823455,0.372585891,0.332693108,0.578273513,0.498616249,0.333186319,0.718910533,0.41198406,0.420467482,0.722274872,0.313548286,0.434740827,0.585524617,0.439030877,0.520004411,0.593867002,0.418934915,0.375544079,0.404313447,0.584222836,0.530435078,0.402490825,0.518341714,home,17
-0.270778884,0.692372236,2.418405311,-0.309431551,0.513018016,2.427827885,-0.367137684,0.339803277,2.340697426,-0.174124244,0.412316525,2.626660672,-0.361524941,0.277535352,2.14199882,-0.023429874,0.360222539,2.708877016,-0.1956472,0.451073857,2.145010262,0.012838712,0.516769652,2.518714689,-0.149110177,0.514764667,2.160679918,0.024740758,0.562996557,2.474287082,-0.247908187,0.142783726,2.455972672,-0.232796521,0.069108551,2.462890197,-0.26641369,-0.007763377,2.402689754,-0.17287952,-0.003705268,2.531458426,-0.349097936,-0.481619625,2.493024066,-0.2390735,-0.490590272,2.661015803,-0.368721977,-0.870133902,2.541394475,-0.272437225,-0.871394911,2.673735738,-0.311531007,-0.944869966,2.539118492,-0.1898842,-0.936823646,2.700188115,0.025043134,0.010316182,0.007149483,0.006788405,0.010880924,0.002762749,0.009013812,0.011673541,0.003237811,0.012839595,0.0195039,0.03006845,0.067462394,0.076954646,0.028047787,0.061070889,0.066660507,0.070534415,0.068806881,0.102842887,0.041108038,0.013694245,0.071102237,0.080500006,0.060443658,0.109958565,0.053716055,0.011541161,0.069923018,0.086000929,0.003793896,0.01849535,0.007488089,0.003681436,0.020415332,0.008658847,0.004121264,0.008220934,0.004232189,0.003969658,0.01371114,0.018475143,0.002359673,0.010301111,0.005415104,0.002656079,0.006306194,0.002078475,0.003826028,0.00313886,0.004188575,0.00103179,0.004500632,0.002445173,0.001048113,0.001421875,9.63674E-4,0.005844333,0.00313147,0.00874093,-0.039589853,0.150700986,0.075082221,-0.062664833,0.188109471,-0.024146433,0.276446088,0.120261053,-0.04837947,0.005263495,0.085611172,0.114089086,0.078763772,0.064410125,-0.085846665,0.015481254,0.012900156,-0.056589039,0.126556092,0.16966505,0.023661014,0.053040113,0.129390002,-0.074586556,0.165684359,0.219128065,0.093138101,0.016889645,0.109609465,-0.079362677,-0.069784572,0.064399446,-0.046433123,-0.082232378,0.027915478,-0.042420754,-0.011996359,0.076757517,-0.025235216,-0.097954895,0.006005375,0.046921024,0.072554034,0.102417912,0.042680902,-0.062405125,0.097068222,0.105845811,0.014117426,-0.191800226,0.007768578,0.013072886,-0.053723835,-0.056004448,0.148998494,-0.031505797,0.115473419,0.075636825,0.012499191,0.051589827,0.726623777,0.49234773,0.297321006,0.532864036,0.639233392,0.353282559,0.409284231,0.666230878,0.370673098,0.341879918,0.448134754,0.561996703,0.542378151,0.589277529,0.397744502,0.430268899,0.526875982,0.506793584,0.460697306,0.642924215,0.394367878,0.393271193,0.57430666,0.483554688,0.475183218,0.63080732,0.364178237,0.333272481,0.518649357,0.537565962,0.338134143,0.75014706,0.382574584,0.281855719,0.742369623,0.413189954,0.440377355,0.622378937,0.444192804,0.288946997,0.517292591,0.555870059,0.289874463,0.630309026,0.4910685,0.365995167,0.794582527,0.301413984,0.401864201,0.563127037,0.483218714,0.266861077,0.78753036,0.375785033,0.490460108,0.51296797,0.463116436,0.507655782,0.280617224,0.563686999,home,17
