-0.027147527,0.697422986,2.384114246,-0.025630081,0.510354488,2.420373662,-0.211143835,0.39690478,2.4428212,0.152385109,0.399886591,2.407913862,-0.258060677,0.134686345,2.473921754,0.212282723,0.175321949,2.324297215,-0.262479269,-0.071346333,2.437669138,0.061782558,0.255663022,2.171325769,-0.259363586,-0.155568582,2.4158122,0.019182345,0.288050842,2.1630216,-0.025599803,0.146086011,2.435206662,-0.029782613,0.07682433,2.398209523,-0.113563808,-0.006012591,2.395665185,0.052587188,-0.003738705,2.387161554,-0.122606545,-0.474667666,2.521802923,0.088992848,-0.464794468,2.515091431,-0.116543229,-0.839801712,2.5961014,0.102942766,-0.842355065,2.603864108,-0.169505529,-0.921120889,2.568790169,0.142620382,-0.912941225,2.593975138,0.00165929,0.001688317,0.004969633,5.65432E-4,0.001186612,0.002690835,0.001051273,0.001662574,0.002834562,8.6072E-4,9.89837E-4,0.002058694,3.31695E-4,7.06544E-4,0.001895462,0.00201484,0.00225064,0.003482089,3.87936E-4,7.45788E-4,0.00148466,0.013122883,0.008946333,0.017178842,0.003987759,0.011657734,0.003093339,0.011922937,0.008051804,0.019029405,3.5913E-4,8.1845E-4,0.002494347,7.07443E-4,8.3106E-4,0.001729397,7.45797E-4,8.26114E-4,0.001659787,7.97831E-4,8.1376E-4,0.002368479,3.8236E-4,0.003549417,0.001334037,4.25144E-4,7.68664E-4,0.001587302,2.74813E-4,0.001903721,7.27634E-4,4.81841E-4,0.00208889,0.001458308,0.001437783,0.001171436,0.001769265,0.001993141,0.00177481,0.002694396,-0.048361661,0.095051838,0.367258049,-0.01449423,0.12888473,0.243553074,-0.02929091,-0.154038279,0.2503783,-0.024034629,0.001006428,0.09566079,-0.003843038,-0.123812695,0.212723109,0.076432552,0.101737784,-0.001535717,-0.037876742,0.003111845,0.05348221,0.030370384,-0.001572383,-0.006776035,-0.107455397,0.03491366,-0.003985049,-0.010569211,0.00863042,-0.026228068,0.03788045,-0.008818957,0.336393896,-0.057437971,0.018060505,0.082335029,-0.09968571,-0.004423344,0.061553265,0.008675773,0.010289532,0.078926238,-0.078116293,-0.252874864,0.124288297,0.023407847,0.01940172,-0.03139478,-0.002979007,-0.076851611,0.006308421,-0.104463984,-0.011760634,0.038531327,0.179537117,0.030462251,-0.076631485,0.127209034,0.009591988,0.148392696,0.440599955,0.303373044,0.454251119,0.465451432,0.447321642,0.46371286,0.33257001,0.479886176,0.495567311,0.461431196,0.620820213,0.428288953,0.287722861,0.509926015,0.516752149,0.398219389,0.484837326,0.535853887,0.24568176,0.54013169,0.559015318,0.486388702,0.401210419,0.541201757,0.573251349,0.606215645,0.370987288,0.434330934,0.396581264,0.564299796,0.375141836,0.450057857,0.452602036,0.30855662,0.332291571,0.616967672,0.388669354,0.315733585,0.598253728,0.38087835,0.364957729,0.588759372,0.23388172,0.733226696,0.380481738,0.475482789,0.641345958,0.414744269,0.274673281,0.696101677,0.457320315,0.407601452,0.682397294,0.411297069,0.383015783,0.421762975,0.554157896,0.507848528,0.496491242,0.457549981,my,19
-0.041856829,0.701832291,2.397764685,-0.030585292,0.514482936,2.424297772,-0.216191291,0.397449173,2.445939478,0.147387646,0.404464103,2.410425087,-0.257876476,0.13064027,2.473940935,0.210518429,0.175519953,2.330642924,-0.262232578,-0.074088952,2.435284011,0.063305252,0.265436725,2.182048315,-0.255132429,-0.16441467,2.414597793,0.022201749,0.29904742,2.173140978,-0.027808349,0.148516745,2.438579054,-0.031481406,0.078768238,2.402506696,-0.11479599,-0.005113535,2.40073687,0.05135447,-7.67627E-4,2.391112022,-0.123156288,-0.474132308,2.52191112,0.089974118,-0.46433216,2.514329772,-0.11611921,-0.837198541,2.596091609,0.102724654,-0.844018357,2.604884098,-0.161062722,-0.914281066,2.565603576,0.142845217,-0.914190703,2.595565174,0.007007737,0.003133648,0.005464087,9.67229E-4,0.001150483,0.001000837,8.25288E-4,0.001350351,0.003114201,0.001455029,0.002254418,0.001417758,0.001098135,0.001074329,0.001778569,0.003136961,0.00161753,0.007763548,0.001506748,0.001064755,0.002174697,0.010555087,0.009118145,0.01923447,0.003693785,0.011856361,0.003637709,0.00662762,0.007792359,0.016316372,5.90309E-4,4.23635E-4,0.001203473,7.48194E-4,4.45742E-4,0.001276797,0.001085104,3.58162E-4,0.002652161,0.001186213,4.77716E-4,0.001106311,0.001041841,0.004195761,0.001532986,8.52718E-4,0.002228682,0.001305274,3.98264E-4,0.001929268,7.37589E-4,8.11657E-4,0.002206268,0.001131209,0.004991939,0.004058874,0.0022928,0.002430326,0.001524611,0.003479941,-0.009840912,0.111704265,0.0879047,-0.107219372,0.141008463,0.115328145,-0.016107995,0.279709493,0.055685202,-0.039679128,-0.013107189,0.026342751,-0.06146202,0.044931594,0.052579158,-0.047273929,0.062057931,-0.21010784,-0.110236788,0.068527171,0.109305798,0.003302722,0.037706659,-0.016527797,0.095339072,5.22382E-4,0.062632032,0.010817295,0.006718433,-0.013591545,-0.105143025,0.060108852,0.134263361,-0.042896232,-0.007871833,0.087026889,-0.044563476,0.029406831,0.044740633,-0.075983812,0.026220129,0.161126785,-0.052036341,-0.21652682,0.103760327,-0.041433598,-0.1222454,0.004880598,0.026904231,0.219169982,-0.055995809,-0.04995767,-0.114440724,0.12245278,0.012296917,-0.021525675,-0.162305673,0.094200743,-0.037666368,0.044046368,0.723636607,0.382843189,0.381087242,0.489712055,0.511720091,0.462989174,0.356330784,0.382051919,0.561447409,0.475417685,0.604822983,0.443852239,0.277925981,0.601955648,0.518636441,0.432812654,0.50912362,0.472791503,0.316215468,0.574587653,0.50876145,0.513968875,0.408139291,0.527384357,0.47766605,0.589174345,0.445307909,0.395919137,0.438823752,0.565311988,0.480562044,0.366568371,0.534985949,0.491562803,0.429987546,0.522135492,0.459828562,0.263205897,0.592183209,0.571417574,0.441274125,0.452075096,0.27154157,0.780499585,0.342192142,0.434082787,0.595916891,0.462911575,0.373932741,0.655728535,0.426362682,0.303417051,0.714773777,0.412289228,0.437155772,0.434887826,0.526731356,0.460705323,0.539993451,0.485201104,my,19
-0.427951376,0.531076231,2.337431703,-0.457794023,0.343784001,2.407900527,-0.607483688,0.2355849,2.358538689,-0.291601547,0.228216255,2.411660541,-0.663470954,-0.017975116,2.354653284,-0.222148859,0.039623473,2.34715427,-0.668712058,-0.216749289,2.325662905,-0.352631185,0.132990224,2.205904811,-0.663779235,-0.29547895,2.323787892,-0.393703191,0.185496823,2.176004676,-0.453050245,-0.009948165,2.421640432,-0.44493348,-0.076968392,2.385576635,-0.515604838,-0.149318926,2.367241027,-0.369816128,-0.148586232,2.391595108,-0.560606932,-0.538338609,2.470799986,-0.35752983,-0.538323746,2.518178162,-0.58296027,-0.864126661,2.508621459,-0.341040626,-0.863987892,2.557890014,-0.612304804,-0.940871672,2.480768689,-0.293828855,-0.943462474,2.534169473,0.001309177,0.00130176,0.003623819,0.001400958,9.15315E-4,0.002556079,0.00275681,9.59167E-4,0.003131645,0.00324912,0.003657501,0.00611423,0.001182504,8.54001E-4,0.002111111,0.006301192,0.005288612,0.008221903,0.001045597,0.003247977,0.003497538,0.030761428,0.030240185,0.020407424,0.001068875,0.002373284,0.003037738,0.032492226,0.036805182,0.04158313,9.33761E-4,0.001364833,0.00229043,6.22006E-4,0.001690366,0.002067447,9.06665E-4,8.26552E-4,0.001910261,8.20439E-4,8.8408E-4,0.001969295,5.94667E-4,9.63131E-4,0.001383801,6.50375E-4,0.001795535,0.001522083,3.34497E-4,0.004723059,0.001518728,5.18109E-4,0.001123436,0.001001719,0.001276543,0.002684971,0.003296567,0.002367686,0.001351879,0.00150417,-0.077384443,0.099514645,0.148130251,-0.099678655,0.095589591,0.001668742,0.071870033,0.029518091,0.009813048,-0.096282047,-0.010874985,-0.128143684,-0.014324891,0.041829431,0.04290837,0.155787436,-0.005600162,-0.14186414,-0.06416934,0.082680799,0.0497276,-0.086200765,-0.009936694,0.006699789,0.044520324,-0.107734423,0.034118063,-0.073372982,-0.035824763,0.032911348,-0.015293472,-0.010245297,0.014077948,-0.057865427,-0.04168543,0.005515233,-0.056785089,-0.021626504,-0.010824311,-0.01432083,-0.037022934,-0.048090495,0.057566981,0.063015499,0.01821779,-0.099878984,0.038716915,-0.074715996,0.004199268,0.086178563,0.035312195,0.004299908,-0.086808031,0.048730732,-0.034058706,0.069206005,0.015762938,-0.034798532,0.034128703,0.001031034,0.297150525,0.428182061,0.571868665,0.410207868,0.258886355,0.604842378,0.695937943,0.276536775,0.457812526,0.39590342,0.436156684,0.546132126,0.44041381,0.51862118,0.508750792,0.553551413,0.461322789,0.448122337,0.40151691,0.591788957,0.478933233,0.532209423,0.520147954,0.46085635,0.421311574,0.486778382,0.527119458,0.526317097,0.466409751,0.491324385,0.395993472,0.582714384,0.494565052,0.267664245,0.743200204,0.422547781,0.585305483,0.401387574,0.489196537,0.534361865,0.559484001,0.436720905,0.475869789,0.653117305,0.403255209,0.396058565,0.671127966,0.421945691,0.187095317,0.769853907,0.417460928,0.38176738,0.555236535,0.509801625,0.40089151,0.501099927,0.532893759,0.619859725,0.425555217,0.457475488,my,19
0.114367651,0.62556415,2.273706066,0.115468357,0.430337479,2.313494303,-0.050922105,0.325038741,2.321070053,0.286023675,0.345416521,2.306881382,-0.11594888,0.071657026,2.335155118,0.385398632,0.155003543,2.1865475,-0.135835536,-0.15223765,2.302487118,0.240693993,0.205806358,2.039357868,-0.130519312,-0.230249418,2.297635526,0.213910633,0.225863493,2.024300987,0.114161667,0.07905531,2.327784329,0.111941488,0.012280517,2.292038434,0.03630196,-0.06532654,2.285092711,0.186399639,-0.061673938,2.286018829,-0.003582943,-0.528760926,2.438235539,0.239376247,-0.532848626,2.398753803,-0.019814386,-0.873182628,2.537408329,0.261050072,-0.888679155,2.453082618,-0.09311226,-0.931415691,2.522490908,0.284327842,-0.94505777,2.403793092,0.002033594,4.77946E-4,0.003246496,8.68268E-4,6.91538E-4,0.00331166,7.19932E-4,4.8895E-4,0.002892373,0.003009387,0.002536362,0.002030108,4.63047E-4,4.07331E-4,0.003341877,0.006491248,0.004129478,0.014558177,9.23336E-4,0.001649701,0.004290703,0.03117064,0.017048035,0.033671888,0.001319575,0.001720459,0.003722873,0.03193376,0.013737908,0.035169559,4.51641E-4,4.10207E-4,0.003754621,3.46295E-4,5.5875E-4,0.002220751,4.59471E-4,4.51954E-4,0.002243948,5.91929E-4,6.31301E-4,0.001694815,4.79444E-4,7.04366E-4,9.25439E-4,3.94569E-4,7.12548E-4,0.00107812,9.40165E-4,0.001287531,0.001640229,4.88221E-4,3.65068E-4,4.92817E-4,0.003237011,0.00168361,0.005963331,5.9863E-4,4.75655E-4,0.001380215,0.042431574,-0.027199659,0.107367292,-0.013115087,0.023598966,0.083707089,0.129527542,-0.015378492,0.185079778,-0.001443589,0.121654234,0.059238455,0.144752024,0.049379897,0.214096558,0.027680462,0.018595967,-0.020848613,0.026120554,0.106455355,-0.033507005,0.004066257,0.032206338,-0.002725058,0.055728301,0.009537444,-0.05072689,-0.053458639,0.076941379,0.024827783,0.0090628,0.061312153,0.166293146,0.031237274,0.050112684,0.303228629,0.02492067,0.030307963,0.302037376,0.024363976,0.045553632,0.243390948,0.087428559,0.004306112,0.022670986,0.050429615,0.167969312,-0.030530605,0.014092757,0.021919734,-0.073112559,0.002627088,-0.005974901,0.004649131,0.034643724,-0.038745874,0.048619723,0.127336372,0.046685612,0.186890269,0.64115205,0.244501031,0.494910575,0.573879384,0.312227636,0.521969244,0.447165034,0.380051672,0.527070958,0.67797809,0.553694829,0.314899389,0.36806594,0.41963049,0.528442983,0.444204027,0.283920828,0.594445392,0.405031546,0.590861133,0.47908696,0.575744125,0.378493648,0.505393433,0.430866948,0.493106481,0.524124058,0.495729873,0.36934462,0.545141723,0.277274705,0.212381553,0.63432748,0.327029026,0.386186455,0.519950971,0.379052655,0.28424331,0.536537739,0.504367079,0.448967372,0.451633965,0.424697567,0.598765709,0.468493413,0.449171787,0.557356451,0.469685607,0.448291013,0.550414847,0.48539868,0.473633002,0.556823225,0.475499405,0.44597169,0.353730506,0.572329628,0.42893676,0.405407883,0.523878641,my,19
-0.297557583,0.676546913,2.440085596,-0.287942563,0.485452312,2.51083475,-0.461482002,0.372356937,2.550975115,-0.135091454,0.366596067,2.498295481,-0.530554867,0.119032185,2.619495288,-0.100456938,0.154834788,2.370241788,-0.59161849,-0.136817019,2.634186019,-0.240365781,0.263993483,2.172091462,-0.578131742,-0.204007358,2.567883365,-0.267247998,0.300756265,2.14817875,-0.298716104,0.134334644,2.520546904,-0.302287075,0.064235586,2.517600154,-0.376012627,-0.010561326,2.525957481,-0.23374201,-0.009105679,2.506790115,-0.415629904,-0.474457785,2.637521962,-0.195603377,-0.482788694,2.641010173,-0.420259498,-0.854115433,2.67697475,-0.186535104,-0.853463037,2.6852,-0.455961375,-0.933284302,2.654101596,-0.156603335,-0.929876513,2.648846962,6.63529E-4,7.14507E-4,0.0038571,7.69174E-4,0.001630509,0.00228244,0.00156916,8.31054E-4,0.004231525,0.001120462,6.40821E-4,0.003847039,0.001348211,4.34036E-4,0.003665201,0.002202043,0.006100771,0.006035496,0.002701117,0.005227717,0.003898233,0.016120268,0.040802336,0.024618131,0.001539636,0.002408034,0.005182729,0.00762298,0.024067252,0.03885794,0.001727292,0.001706489,0.002234299,0.001857196,0.002512404,0.003138215,0.002546978,0.002785739,0.003749084,0.001791905,0.00319597,0.003041414,0.001476151,0.0015329,0.001181056,0.001129245,0.001036168,8.01775E-4,4.29979E-4,6.27544E-4,0.00117469,8.36987E-4,0.002170055,0.00136931,5.04156E-4,5.20571E-4,0.002091025,8.86848E-4,0.001506493,0.002099998,0.198751197,-0.055713515,-0.377129771,0.062293266,-0.150057263,-0.457814837,0.119412286,-0.052794245,-0.224026894,0.061779645,0.110910592,-0.445371893,0.138673085,0.079646609,-0.149796013,0.005050012,-0.022953935,0.020270599,0.0814409,0.194672102,0.01284,0.022444673,0.030715285,0.012163353,-0.043951509,0.092151491,0.099043248,0.048584953,-0.032034719,-0.020081035,0.17265833,0.212039785,-0.180625687,0.14844974,0.252239816,-0.174059242,0.185198833,0.185039809,-0.167501193,0.098877004,0.257192216,-0.143687019,0.14413171,-0.203209672,-0.161293109,0.100344625,-0.184930163,-0.166059342,-0.064510827,0.059642443,0.032545226,-0.017244627,0.068564929,0.04289651,0.065545692,0.083008904,0.007120024,-0.117983558,0.001307009,0.091945246,0.358315732,0.256993283,0.475648897,0.285466067,0.41832545,0.367138684,0.310361447,0.428147435,0.538995674,0.39875935,0.445552073,0.317759067,0.286832345,0.357708091,0.590902439,0.345479839,0.564234635,0.52022783,0.292249352,0.515108871,0.54032682,0.343622698,0.674300021,0.450476312,0.402062245,0.370834605,0.570345495,0.267206477,0.374298809,0.618311338,0.256981922,0.75455307,0.317988614,0.234099729,0.796361971,0.266715055,0.36859254,0.725085497,0.309585958,0.21822919,0.816887246,0.270137582,0.378026883,0.543566708,0.461349529,0.402801299,0.616749924,0.41011814,0.316855502,0.522880845,0.546150268,0.312591241,0.681188949,0.452665201,0.281643316,0.395318526,0.605509299,0.540584876,0.475730571,0.463899981,my,19
-0.040655463,0.701981312,2.39491756,-0.030663522,0.514060818,2.423558824,-0.214868769,0.395410088,2.442991396,0.147792073,0.402855082,2.409910264,-0.257842666,0.130474492,2.472346956,0.216133774,0.177865371,2.348849703,-0.261163132,-0.074490185,2.434976044,0.060827912,0.25616179,2.19651467,-0.253065995,-0.16978372,2.414085319,0.015438228,0.289748291,2.181727582,-0.027309284,0.148214712,2.437308681,-0.030671364,0.078522306,2.401527495,-0.113391503,-0.005447884,2.399719385,0.051908101,-5.36039E-4,2.390150527,-0.123175063,-0.47148629,2.521580912,0.090350998,-0.464529349,2.516897033,-0.115777534,-0.836933989,2.595210967,0.10243391,-0.841659867,2.603852692,-0.161509314,-0.913986996,2.565982703,0.145597599,-0.914031191,2.596814066,0.002320178,0.001251227,0.003438524,6.64559E-4,9.89369E-4,0.001641273,9.25879E-4,6.47728E-4,0.001065068,0.001427246,0.002008811,0.001889114,9.23622E-4,0.001518379,0.001213975,0.002537707,0.002346972,0.006102351,8.03738E-4,0.001475151,0.0012513,0.013470521,0.011367431,0.010560925,0.001561056,0.006864125,0.001702949,0.009520847,0.006847468,0.013080502,7.13041E-4,3.53796E-4,0.002057857,6.123E-4,4.10344E-4,0.001648719,5.35678E-4,4.25764E-4,0.001589782,7.04247E-4,4.35763E-4,0.002127292,7.28523E-4,0.003791112,0.001665777,4.71354E-4,0.001067275,0.0011632,5.21365E-4,0.001458154,6.67412E-4,5.55257E-4,0.001758788,7.80449E-4,0.006202765,0.004684309,0.002807961,0.004025957,0.002350276,0.003676336,0.056950578,0.001789261,-0.244530253,0.142509179,-0.184646213,-0.252774537,0.23076752,0.014004897,-0.096328268,0.094469629,0.066843664,-0.021873138,0.220767006,0.03076828,-0.025109691,-0.015950194,-0.050132858,-0.030747842,0.086993058,0.010755135,0.051478662,-0.008869673,-0.027150679,-0.027506152,-0.040724836,0.068064411,-0.056141406,9.04143E-4,-0.022153728,-0.054918013,0.15773297,-0.062689072,-0.386284117,0.075055226,-0.044658151,-0.249023333,0.10333124,-0.001136913,-0.15216996,0.025907217,-0.032121152,-0.224508718,-0.099532397,-0.40142795,0.036684416,0.037618997,-0.17219411,0.025495759,-0.06502523,0.03149739,-0.019269564,-0.057763591,0.011963704,0.083824811,-0.1226624,-0.124393469,-0.083989876,0.090456355,-0.018583649,0.050668735,0.504873491,0.421626135,0.464769587,0.439127768,0.469097845,0.442597737,0.375378722,0.578371679,0.469392032,0.459310167,0.592986355,0.453751777,0.323163456,0.752167167,0.365504451,0.444293246,0.380311922,0.566632557,0.262067293,0.674146559,0.475714309,0.525944864,0.399718993,0.524471511,0.521552226,0.612611247,0.405490252,0.340447474,0.367430078,0.604724515,0.397024665,0.473356799,0.371696914,0.37285103,0.517169422,0.473967878,0.466098662,0.457534343,0.502334549,0.490229245,0.445757708,0.472342009,0.318965235,0.677242331,0.35554172,0.413390832,0.634408403,0.437491255,0.417729087,0.70017247,0.398823618,0.369078898,0.727402537,0.391041835,0.369146047,0.446765083,0.551315144,0.553068374,0.382855737,0.511180789,my,19
-0.300721676,0.679611103,2.448498764,-0.291910069,0.488321635,2.511346292,-0.466785547,0.368724128,2.544842458,-0.136414626,0.366467439,2.501189264,-0.53367625,0.11364095,2.610382167,-0.107570726,0.150617085,2.381198347,-0.589262822,-0.14442885,2.623500403,-0.231168131,0.268710939,2.17193025,-0.575404322,-0.209458186,2.556229375,-0.256397076,0.304796382,2.155862847,-0.301519869,0.134663193,2.522141944,-0.305473701,0.064475944,2.512070208,-0.380063504,-0.011095296,2.517719778,-0.235593621,-0.009491582,2.501776278,-0.417261525,-0.474656796,2.636804778,-0.19781886,-0.481808013,2.640862083,-0.420746613,-0.855497161,2.677713347,-0.186052874,-0.856452354,2.686127972,-0.456630485,-0.933508692,2.654798375,-0.157309926,-0.930400913,2.647926347,0.001080602,7.00327E-4,0.001448736,6.15948E-4,8.54816E-4,0.001557233,0.001043276,5.38035E-4,7.4539E-4,0.001600337,0.001480474,0.002732416,0.001992505,7.12001E-4,0.002033798,0.007599083,0.009154112,0.006539109,0.001869995,0.001656736,0.006678413,0.014312001,0.03341297,0.0329579,0.001581654,0.003664237,0.006813794,0.010237208,0.028927862,0.041522169,6.35796E-4,0.002242655,6.13371E-4,8.79401E-4,0.003095209,0.002182703,0.001511357,0.00330406,0.00246737,0.001322625,0.003913873,0.00301038,4.35332E-4,0.001524845,0.001025316,4.03452E-4,6.74782E-4,6.88765E-4,4.88425E-4,0.001043666,0.001140534,7.1033E-4,0.003401568,0.001835414,0.001253261,7.50815E-4,0.003385795,0.001374519,0.001837893,0.002069737,0.002026922,0.033576439,0.037555394,0.009021448,0.101479955,-0.017061585,0.062958044,-0.085021563,0.161885446,0.016507046,0.050799965,-0.120631365,0.109499182,-0.073274675,0.022438593,-0.129342636,-0.020070732,-0.049274973,-0.004427592,-0.002896067,-0.053792144,-0.002570788,0.009607464,0.041060364,-0.007886562,-0.085820611,-0.019220884,-0.042970829,0.030238385,-0.012459245,0.008965951,0.202573626,0.057645781,-0.01612441,0.224926116,-0.056204918,0.052324075,0.220349817,-0.051616689,-0.058264433,0.194593881,-0.103410462,0.003503214,-0.001054541,-0.050492544,0.045067648,0.009593112,0.030480849,-0.045643331,-0.018533499,0.078812013,0.025524646,-0.077578637,0.030523029,-0.004263463,0.019085395,0.05279029,0.022379749,-0.056982242,-0.033868912,0.467451642,0.462963782,0.523956594,0.379529508,0.456225763,0.557949256,0.534217349,0.524883697,0.424571774,0.52770133,0.435915085,0.49245191,0.385408235,0.460089338,0.550939596,0.337594371,0.640536907,0.468700283,0.305023487,0.355367621,0.616722358,0.291199966,0.601513003,0.517581142,0.267560965,0.473286731,0.583971324,0.265528706,0.422743025,0.605633453,0.344091902,0.763324589,0.343814326,0.34412071,0.797385365,0.294701597,0.457865343,0.737782297,0.295410068,0.354716196,0.786564658,0.298225252,0.366623616,0.644059024,0.464492307,0.399508042,0.638602461,0.455224316,0.36080093,0.552351967,0.517487617,0.260731838,0.672001395,0.478380119,0.343665431,0.358252277,0.605567884,0.45209189,0.553028999,0.484541127,my,19
0.115829082,0.627679665,2.286402333,0.11713789,0.432690675,2.327739267,-0.049394066,0.326100648,2.333225117,0.287741163,0.343793192,2.317957667,-0.114698422,0.072750981,2.346539033,0.389952935,0.158312118,2.201132583,-0.134729188,-0.151196633,2.31503705,0.24616868,0.197526327,2.0502558,-0.128445653,-0.229077303,2.31082905,0.211776775,0.219124425,2.032807733,0.11505709,0.079486482,2.341776,0.112280143,0.013282229,2.301508867,0.036548005,-0.064014325,2.294858183,0.186187415,-0.060845672,2.294188333,-0.003981499,-0.529387413,2.44098985,0.239458828,-0.532027983,2.401650567,-0.018826692,-0.873121072,2.538817317,0.261720745,-0.889467483,2.454019083,-0.093792135,-0.9319656,2.52584515,0.284265267,-0.945165407,2.4040645,0.001342927,0.001930744,0.007246987,0.001154685,0.001862595,0.00484845,0.001103527,4.69129E-4,0.003887305,0.0028411,0.002345504,0.003158095,6.98341E-4,3.78551E-4,0.003454114,0.007631059,0.003856186,0.0145174,0.001202873,0.001625328,0.002750264,0.033547811,0.01584457,0.036970311,0.001599456,0.00109082,0.003681484,0.034929516,0.013317095,0.038751658,0.001310745,4.12701E-4,0.00546079,0.001491434,3.63872E-4,0.004241597,0.001509848,3.38467E-4,0.004800648,0.001809324,4.40739E-4,0.003542937,8.45646E-4,6.63034E-4,0.001839838,0.001173883,0.001655363,0.00158417,7.67841E-4,0.001195523,0.001076786,6.11497E-4,5.89247E-4,6.23139E-4,0.002162737,0.001388212,0.004683942,8.00917E-4,4.07754E-4,8.89414E-4,-0.018451364,-0.026724454,-0.355253398,0.054416522,-0.055975325,-0.493997956,-0.054652095,-0.043225101,-0.504690477,-3.89073E-4,0.113878834,-0.134237789,-0.019160361,-0.00271165,-0.46279879,0.134385918,-3.23151E-4,-0.063013041,0.016679988,0.044448459,-0.238369231,0.012916457,-0.012406079,-0.003461635,0.001464353,-0.017183321,-0.219573755,-0.026178976,0.025197965,-3.00682E-4,0.11864897,0.058171143,-0.469967934,0.117317987,0.030196274,-0.39920924,0.081994385,-0.019344607,-0.413233074,0.112235954,0.001273808,-0.358794791,0.05557002,-0.254070352,-0.132309002,0.03389814,0.214762114,-0.15936889,-0.001100346,-0.137368372,-0.099214033,-0.068323426,-0.065295229,-0.069456408,0.029384325,-0.017333653,-0.029793254,0.138169192,-0.005319459,0.109897098,0.496852654,0.309921832,0.437250577,0.4511662,0.341178292,0.28333663,0.410025224,0.290331549,0.322211829,0.722882376,0.512693344,0.271844348,0.345649768,0.397373292,0.367195358,0.462573769,0.327907316,0.563520846,0.382787071,0.620830813,0.408188706,0.552715561,0.273893434,0.548720416,0.490606868,0.461014757,0.464466951,0.493575946,0.333864375,0.559743412,0.362405677,0.255624227,0.399615427,0.323695251,0.30035336,0.473813092,0.383416698,0.200168959,0.469811457,0.436780008,0.24284964,0.478881405,0.467086664,0.542593681,0.427832928,0.562981317,0.504816251,0.394672345,0.395228673,0.525373526,0.505774725,0.38902361,0.535319599,0.512956893,0.419332365,0.375561234,0.575836777,0.524716356,0.452568592,0.479008373,my,19
-0.347855574,0.709930431,2.371601306,-0.342832415,0.532041163,2.447352561,-0.519242654,0.411022583,2.438854429,-0.168422901,0.428751674,2.454129153,-0.572958182,0.166851274,2.448453776,-0.108693673,0.194273462,2.390936939,-0.540176243,-0.046061456,2.419979827,-0.253102266,0.287153073,2.215325276,-0.51908964,-0.127723226,2.408160898,-0.308138382,0.326843202,2.18025702,-0.324878281,0.18528914,2.456370898,-0.320882962,0.116149503,2.452288163,-0.392899947,0.035055164,2.445789316,-0.240457126,0.039222699,2.455742918,-0.412914124,-0.457973707,2.549496847,-0.178177794,-0.514074953,2.591457398,-0.445696457,-0.854097619,2.620563755,-0.113580252,-0.87643163,2.607935071,-0.506920911,-0.925349244,2.611278041,-0.081844087,-0.946403107,2.566314418,0.002489074,0.004255655,0.001903676,0.00170747,8.8236E-4,0.002742849,0.001070801,4.66421E-4,4.83954E-4,0.001373058,0.001336956,0.002801534,6.35342E-4,8.88697E-4,0.001295292,0.006654295,0.003299875,0.002940895,0.001017015,0.001674911,0.001116564,0.022504575,0.034138177,0.033302362,7.9623E-4,0.001633797,0.00196754,0.009409989,0.031491068,0.041292218,7.78975E-4,0.001033958,0.003155002,7.77233E-4,0.001245406,0.001083118,9.18273E-4,0.001339351,0.001035911,8.40893E-4,0.001655469,0.001786757,1.81947E-4,0.001092692,9.19211E-4,7.32914E-4,0.004996682,0.00209237,6.56561E-4,0.001673098,0.001142256,0.001742587,0.004141384,0.001620269,0.001136099,0.001276097,0.001617224,0.002433274,0.002434485,0.004826329,-0.015113076,-0.033525695,-0.019263443,-0.021004009,0.008367541,-0.1946915,-0.108734292,0.007934929,-0.041651171,0.047959328,-0.104601581,-0.281711789,-0.047270369,0.064468762,0.077430799,0.028952896,0.061543538,-0.098642879,-0.086144371,-0.03605432,0.135369029,0.005415505,0.007122674,-0.008153858,-0.067857868,0.152633772,0.094151131,-0.028773716,-0.035662474,-0.03911567,-0.011788677,-0.165341503,-0.322972824,-0.072277453,-0.294563287,-0.056948727,-0.127139492,-0.251721776,0.090120502,0.009851495,-0.285264186,-0.050615358,-0.040375143,0.265161406,-0.053223587,-0.019156204,0.135268545,0.018943664,0.062340145,0.142237347,-0.077051633,0.071233516,-0.04386823,0.016691889,0.004502007,0.071424172,6.41157E-4,0.013553757,-0.040596848,-0.012842233,0.419596205,0.704225943,0.39722754,0.538160063,0.457793595,0.454638283,0.623288858,0.462979761,0.430892914,0.388720873,0.435839246,0.487285066,0.408911857,0.682800382,0.410910078,0.648838699,0.444109849,0.416611616,0.460242983,0.68504689,0.362449877,0.408670245,0.531740301,0.519478767,0.460453469,0.533301273,0.472843541,0.223720819,0.465985846,0.598867224,0.321796979,0.621803297,0.361223195,0.35789542,0.750056145,0.315851435,0.41089694,0.687075184,0.354981033,0.345486408,0.653514514,0.421757844,0.301686377,0.630325323,0.459869412,0.296149475,0.842744812,0.2934155,0.355844228,0.625240725,0.466785245,0.37353631,0.724612,0.398412492,0.405137565,0.558770926,0.50406052,0.409674492,0.406788206,0.571925235,my,19
-0.421349642,0.529182969,2.336076869,-0.450411882,0.34315234,2.407865286,-0.602228644,0.236239556,2.357738357,-0.285777223,0.228263375,2.412640774,-0.658379823,-0.017503809,2.352631143,-0.220848149,0.034555832,2.346761714,-0.666091442,-0.214846057,2.327541179,-0.349769813,0.140651031,2.203855131,-0.659415519,-0.294786408,2.322421393,-0.393470473,0.197804646,2.170686583,-0.448845944,-0.008782983,2.421167333,-0.441453144,-0.075786608,2.386615786,-0.513160221,-0.14776533,2.368899643,-0.366861739,-0.147694351,2.392446667,-0.557678206,-0.536634096,2.47111575,-0.357581862,-0.533328883,2.518573619,-0.583070362,-0.867893505,2.50863956,-0.340262143,-0.86331557,2.557399655,-0.611867814,-0.943183189,2.4773645,-0.292831935,-0.944209032,2.53429856,0.001812384,9.3935E-4,0.003431115,0.001002038,2.60539E-4,0.001586994,0.003279162,5.78366E-4,0.002223581,0.003292846,0.004136392,0.005411006,6.38362E-4,6.8812E-4,0.001297195,0.003313667,0.004535763,0.007713632,9.74497E-4,9.51179E-4,0.00289691,0.029875635,0.024842318,0.024624205,6.12332E-4,6.04249E-4,0.002795764,0.036672127,0.025895052,0.035836591,5.83588E-4,0.001451288,0.00144048,5.00017E-4,0.001824423,0.001048656,0.00114446,5.82278E-4,0.001143268,6.9015E-4,0.001013297,9.02765E-4,6.47751E-4,8.22127E-4,9.43205E-4,8.08799E-4,0.003712333,0.002521734,4.9763E-4,0.002843507,0.001248757,4.47065E-4,0.001209447,0.00136158,0.001139026,0.001761499,0.002950241,0.001838372,0.00140863,0.001864771,-0.071153727,0.009320819,0.11368657,0.040501153,0.011124525,0.034079305,0.1046228,0.014357085,0.022094581,-0.023740871,0.043098489,-0.002006817,0.052962544,-0.03541516,-0.025473084,0.049975155,-0.176359802,-0.132223444,0.016668052,0.158851681,-0.001523898,0.062637476,0.026688791,-0.051701899,-0.009366871,-0.044935328,0.102583818,0.050999877,0.022238667,-0.048679872,0.019997729,0.009287135,-0.02027705,0.07560547,-0.024747061,-0.006885821,0.043742687,0.033144938,5.72522E-4,0.046266882,0.073147094,-0.07353138,-0.019679284,0.092364106,-0.040007262,-0.003288359,0.398136682,-0.114767384,-0.018122215,0.093462167,0.07621408,-0.018225601,0.080404939,-0.064628465,-0.066467322,-0.049460185,-0.009122567,-0.143414826,0.092776669,-0.117752061,0.45546663,0.459661437,0.518575373,0.515762964,0.31454475,0.556266949,0.728984054,0.302749908,0.419882142,0.408769414,0.464416126,0.548962023,0.397609305,0.619858321,0.469154957,0.448114579,0.504916694,0.481046665,0.315990794,0.535019262,0.536671345,0.596413585,0.487200608,0.438620581,0.401343251,0.428177993,0.55682414,0.605417245,0.402324749,0.475198464,0.450344036,0.628549899,0.440875741,0.29067393,0.761929389,0.397758253,0.643555689,0.402936398,0.451874529,0.448834653,0.598272109,0.452793747,0.586897508,0.563538295,0.39601902,0.282343364,0.652281545,0.384492375,0.259186218,0.758446677,0.402866616,0.375093717,0.557483864,0.510458083,0.366627152,0.479079203,0.555384593,0.546421254,0.409193633,0.481842378,my,19
-0.343623494,0.712583684,2.364570319,-0.335440797,0.532945832,2.438755667,-0.510650906,0.414494249,2.43339587,-0.162026341,0.426704668,2.445137478,-0.57420629,0.169834452,2.44623058,-0.086925415,0.200162922,2.398613812,-0.539468522,-0.045363326,2.417379246,-0.242896639,0.276195257,2.264287,-0.5189507,-0.125697706,2.406037725,-0.306606441,0.323983399,2.232723348,-0.320977613,0.182992836,2.447503928,-0.317887558,0.113074136,2.44819758,-0.391032222,0.033430447,2.44295429,-0.238132578,0.03570433,2.452200623,-0.412386729,-0.456818039,2.547318478,-0.178610772,-0.51182391,2.589258,-0.446008839,-0.85489503,2.620724478,-0.113274316,-0.877398884,2.607391754,-0.507751859,-0.92450568,2.609094841,-0.084007552,-0.945687455,2.563201971,0.002636468,0.002038665,0.00263257,0.002508748,7.52409E-4,0.002447744,0.001807656,2.5572E-4,0.003104905,0.001556197,0.001051997,0.003234662,0.003032814,0.001051326,0.002214615,0.004666242,0.002277189,0.003093242,0.001500878,0.002667884,0.002798496,0.011117973,0.015515988,0.008171385,0.001262416,0.003073559,0.004033594,0.015710884,0.018915217,0.011166884,0.001265929,9.64375E-4,0.002670808,0.001046535,0.001181775,0.001799898,9.03706E-4,0.001056727,0.001761964,8.60267E-4,0.001362227,0.001784703,2.23535E-4,7.44195E-4,0.001266302,0.001081402,0.006570355,0.001944818,4.90219E-4,0.001626648,8.96567E-4,0.001444374,0.003734897,0.001553766,8.44115E-4,0.001188202,0.001595345,0.002354589,0.002112393,0.003738511,0.052066697,0.017963335,-0.018538292,0.020421777,0.010235355,-0.058633376,0.071577211,0.005548,-0.16700852,0.148433218,-0.056646763,-0.145367255,-0.379497204,0.101061988,-0.055193935,0.205740762,0.106658337,-0.099923944,-0.030771629,0.024620701,-0.303624238,-0.005888055,0.059896509,0.029952711,-0.017905336,0.208593194,-0.268092271,-0.01992321,0.057886725,0.018985079,0.019299375,-0.051691659,-0.249808645,0.033026563,-0.064730791,-0.186931758,0.032114224,-0.095434551,-0.165250431,0.049659768,-0.032542096,-0.161611625,0.01498608,0.061414599,-0.260020888,-0.016989352,0.142012745,-0.078742998,-0.028544388,0.006304736,-0.085162376,0.027343702,0.085014605,0.013919567,-0.08513986,-0.048575131,0.100792441,-0.069875751,0.070283342,-0.018351744,0.448800778,0.717281652,0.36441963,0.663199583,0.354081922,0.454191632,0.578920827,0.258859889,0.510540125,0.425922264,0.52071898,0.481787723,0.313745416,0.506693026,0.483444931,0.722283878,0.390383262,0.343833333,0.371957964,0.658355282,0.335296171,0.323785457,0.671228044,0.460659181,0.353840529,0.559573229,0.422274576,0.3442593,0.702248248,0.42958856,0.358471184,0.608216113,0.422570871,0.3856618,0.721066339,0.346662102,0.442282112,0.684283974,0.357581693,0.296732005,0.732570769,0.389873417,0.298534428,0.6153172,0.433757232,0.287732781,0.834788703,0.29350589,0.328704601,0.695286561,0.434878333,0.362360099,0.711738894,0.411662103,0.414589614,0.473473097,0.528614287,0.392114129,0.392228986,0.57751483,my,19
-0.057665539,0.622016987,2.237284103,-0.027385408,0.4345385,2.269424309,-0.21453524,0.336909954,2.320155103,0.123983031,0.341252109,2.233816559,-0.286624928,0.098025691,2.358654471,0.2523096,0.191944503,2.147290544,-0.317923038,-0.089777895,2.352049809,0.067937765,0.257114529,2.057214397,-0.31045351,-0.145549341,2.341662368,0.004033155,0.283694924,2.047774662,-0.035815078,0.085194477,2.280275294,-0.043263155,0.016642384,2.263077074,-0.122926941,-0.060820252,2.270788206,0.03052467,-0.059787311,2.247857721,-0.148034181,-0.523145909,2.418105324,0.068555073,-0.529002893,2.3918535,-0.157292834,-0.875061207,2.486207485,0.073041806,-0.888625932,2.461108412,-0.195561094,-0.942044826,2.467551441,0.099073954,-0.949494697,2.425967176,0.00186295,0.001401967,0.002243271,4.26099E-4,3.39582E-4,0.002029345,2.24561E-4,6.40635E-4,0.001430537,0.006407972,0.006632402,0.007409676,1.99011E-4,6.09754E-4,0.00133347,0.001996386,0.001133178,0.001482131,0.001422357,7.98906E-4,0.001096645,0.01029761,0.003044029,0.002941287,7.63004E-4,0.001098593,0.002418725,0.007684249,0.003275099,0.003151786,8.05966E-4,8.75567E-4,0.00195355,7.23969E-4,0.001148769,0.001371883,5.24955E-4,6.0518E-4,9.18367E-4,0.001000666,6.38482E-4,0.001416937,7.90374E-4,0.001558,0.001111225,6.82013E-4,0.002462382,0.001391541,0.001169827,0.001927073,0.002834141,6.27421E-4,0.001224608,5.71881E-4,0.00291797,0.001913909,0.003285595,0.002470864,0.001983494,0.001750678,-0.182788498,-0.037827732,-0.098685256,0.061012177,0.064385631,-0.190824,-0.105045612,-0.053555056,-0.345573034,0.098232104,0.11572241,0.06549362,-0.07536873,-0.15516996,-0.294915705,-0.141716101,0.014930066,-0.065688021,0.012732228,-0.075665586,-0.040058065,0.091823593,-0.043198074,-0.062568056,-0.012510814,0.095307582,-0.212553906,0.064904004,-0.033223578,-0.029419022,-0.1238918,0.099537626,-0.114355099,-0.032035575,0.10023804,-0.106259669,-0.161637184,0.012344236,-0.192694813,0.034497323,0.073229393,-0.123327173,-0.10736396,-0.152600428,-0.086080708,0.003954197,0.028446749,-0.034609057,0.014379943,0.042992663,-0.00484374,0.047286077,0.101089886,0.015900582,-0.023431988,-0.086535281,-0.114861875,-0.020616873,0.020638276,0.048241868,0.461591457,0.61058725,0.414765165,0.586407204,0.47026721,0.411187284,0.376838762,0.557639902,0.371206441,0.451193426,0.46625725,0.515757357,0.364452685,0.602020667,0.37621194,0.508067728,0.54233502,0.449136093,0.619804065,0.38614324,0.470413907,0.64759283,0.277211696,0.485002116,0.385118268,0.547596836,0.466803667,0.643858322,0.363824558,0.464219938,0.504907231,0.75640119,0.230024053,0.338532451,0.893260065,0.138561097,0.384641634,0.722141535,0.326798777,0.664489111,0.654211528,0.197500018,0.424464823,0.691362697,0.371851701,0.388476652,0.704551248,0.408961834,0.403815798,0.493929302,0.536613372,0.438392047,0.648000653,0.424162677,0.45140931,0.490675571,0.502794213,0.572996976,0.368231376,0.507723854,my,19
0.113386595,0.605893266,2.149636113,0.085221391,0.416053653,2.202667081,-0.018322445,0.286687908,2.114245726,0.244898389,0.322790445,2.318570581,-0.088637046,0.042528245,2.06270229,0.340276906,0.156625,2.350286629,-0.056016044,-0.173926806,2.029891694,0.369936653,0.209507448,2.134989484,-0.041093198,-0.257176447,2.033326823,0.365896213,0.23049289,2.086947145,0.10452626,0.053944485,2.20851579,0.131401492,-0.013678061,2.182640194,0.076563002,-0.081483601,2.140047258,0.200708697,-0.082166283,2.214750452,0.006443119,-0.536736468,2.242269984,0.183304045,-0.532276276,2.389883016,-0.040023755,-0.880303742,2.312373581,0.159232069,-0.873296118,2.461848468,-0.016198486,-0.9477728,2.306275726,0.231180779,-0.932048753,2.485680968,0.001543767,0.001478433,0.00449256,0.001791337,0.001723751,0.004091844,0.00276141,0.002377924,0.003420415,0.00312713,0.00296825,0.007577754,0.004775967,0.00518656,0.003782563,0.010356437,0.006571956,0.04365339,0.003667905,0.001751399,0.005380213,0.045918734,0.020188112,0.039941833,0.004390048,0.002209541,0.005215688,0.047463275,0.012530963,0.006186097,0.001791654,0.003537647,0.003592913,0.002757781,0.003775506,0.004026069,0.002584208,0.002087794,0.002770068,0.003000413,0.00262338,0.005465917,0.003475583,0.002940027,0.001384188,0.004633421,0.0028605,0.001981878,8.56672E-4,0.003177373,0.001465985,0.001695698,6.48744E-4,0.001194521,0.00264396,0.002805813,0.007758881,0.004562948,0.003576006,0.006051229,0.21268377,0.027491928,0.077020879,-0.107242216,0.139069599,0.02094523,-0.402270537,0.269458797,0.113566741,-0.101195007,0.018061725,-0.10806169,-0.414764948,0.28419162,0.116255345,0.030684595,0.05862807,0.039607753,-0.297130159,0.152699999,-0.008692515,-0.065155417,0.068859763,-0.029397014,-0.197092281,0.12202999,0.009870187,-0.147394045,0.092672915,0.007489786,-0.026060695,0.042208504,-0.068749877,-0.214687177,-0.054462963,0.014666124,-0.337782311,0.004106505,0.055729484,-0.238264002,-0.006343227,0.016079126,-0.36845556,0.132219755,-0.061373489,-0.251979284,-0.183390392,-0.033079799,0.151370903,0.391855504,-0.040681828,-0.083406459,0.060198586,-0.034448858,0.020247343,0.090856702,0.156190712,-0.018363957,0.03459618,-0.035181546,0.544919706,0.324527884,0.51114952,0.421662373,0.275014953,0.590734943,0.300229608,0.41440458,0.478145988,0.467165728,0.44610451,0.51569182,0.205355162,0.519504961,0.439964577,0.401602476,0.230279452,0.617111749,0.407773574,0.446688533,0.502100507,0.614052159,0.314876137,0.49825124,0.587401193,0.292690569,0.499040568,0.869383292,0.31617872,0.220097729,0.366319515,0.531660858,0.526613798,0.301858634,0.631878429,0.470595008,0.368449822,0.581257219,0.440280298,0.346423923,0.386758898,0.572602717,0.437605471,0.580248591,0.382105322,0.335946367,0.716177267,0.358395366,0.400097054,0.458226433,0.464131673,0.593853443,0.458420718,0.451458069,0.441027335,0.23284008,0.581587943,0.505955948,0.409386401,0.52722982,my,19
-0.24142396,0.673829243,2.403851231,-0.284484152,0.481315498,2.446934215,-0.380043742,0.335158592,2.360588662,-0.132508857,0.349497911,2.567262338,-0.451180334,0.094817485,2.326119708,-0.02205488,0.178478197,2.495250138,-0.413375072,-0.164063718,2.290246231,0.052245931,0.305156362,2.311040846,-0.388527157,-0.253997085,2.2890322,0.053207891,0.356680168,2.270310677,-0.260112095,0.115201285,2.453974231,-0.241322626,0.044098613,2.442041708,-0.291735577,-0.025434927,2.390648231,-0.176689868,-0.02994785,2.487688492,-0.350552188,-0.504460854,2.485179277,-0.237209691,-0.500349886,2.654518769,-0.367463375,-0.877374886,2.530301677,-0.275876955,-0.857719717,2.698079723,-0.317158712,-0.951522409,2.500569523,-0.208607442,-0.934820598,2.730836354,0.003155347,0.001856455,0.008847415,0.00312411,0.001108398,0.007817801,0.005629552,0.001405563,0.010836979,0.001889093,0.002182658,0.008392145,0.006706951,0.007368878,0.009881548,0.01234358,0.00976677,0.01672168,0.007510889,0.004082411,0.008949905,0.042720541,0.031739004,0.027835749,0.009576071,0.004466133,0.007302939,0.073580908,0.036801293,0.036498979,0.005110076,0.001307685,0.008427417,0.007274122,0.002019536,0.010241584,0.008741693,7.06407E-4,0.012554209,0.008171969,0.004742109,0.008974544,0.004034201,0.001458369,0.006391749,0.005251363,0.003526243,0.004549434,4.84254E-4,6.84461E-4,0.002365091,0.001388296,0.004490996,0.002215752,5.6979E-4,6.48355E-4,9.12778E-4,0.003048662,0.001742299,0.005353883,0.041031427,-0.046770752,-0.320678496,0.083288958,0.009454637,-0.520077874,0.245694227,0.030436792,-0.604881343,0.17854009,-0.032011966,-0.368588819,0.107206305,0.039762415,-0.31506951,0.043843536,0.028432797,0.033573224,-0.073154177,0.126094931,-0.180490783,-0.066234224,0.123614268,0.001080046,-0.053986939,0.046192626,-0.137479203,-0.045319006,0.068141845,0.010453428,0.0626847,-0.038357039,-0.387331391,-0.003420105,-0.124726297,-0.3296984,-0.057281861,-0.031541153,-0.397033126,0.04313984,-0.117141598,-0.156906535,0.27254133,0.134569725,-0.318626559,-0.039230263,-0.229530331,-0.059562873,-0.020700338,-0.014311863,-0.053933572,-0.012216546,-0.115331335,0.047774375,0.195606739,0.070327467,0.043095151,-0.117280934,-0.032929808,-0.047041562,0.44007363,0.474099864,0.420193391,0.415843329,0.289994464,0.292234311,0.282838279,0.260767073,0.124361628,0.442396811,0.42067271,0.388791802,0.313597723,0.610659881,0.386139683,0.510057026,0.414822827,0.523008585,0.49886307,0.576761969,0.396926237,0.582063273,0.568909591,0.388549926,0.592595345,0.573005783,0.3614908,0.694011476,0.434810202,0.391560615,0.578677007,0.319662212,0.344310514,0.587117644,0.442121575,0.32216906,0.643345977,0.183821359,0.325692403,0.58483453,0.568932641,0.355544547,0.393352416,0.535941701,0.348113246,0.427261113,0.700681141,0.352556462,0.271900829,0.476739,0.581641244,0.285983836,0.717736714,0.429619263,0.399036234,0.494121679,0.51639779,0.564600858,0.349018969,0.511967093,my,19
-0.281739411,0.675693692,2.416091924,-0.293300587,0.484399228,2.453493101,-0.382264772,0.337813999,2.360280456,-0.15038399,0.355462465,2.584913481,-0.448630775,0.086040572,2.319712127,-0.046044049,0.164945575,2.553747873,-0.403362857,-0.161409724,2.289807127,0.064423645,0.287680406,2.36935157,-0.381318927,-0.248217761,2.29200757,0.07544892,0.340679099,2.326981,-0.273655158,0.112852668,2.46028181,-0.253184044,0.040778214,2.44776838,-0.300831897,-0.025551268,2.395925937,-0.192967823,-0.031840305,2.493967848,-0.355029394,-0.5057999,2.488316544,-0.244100724,-0.499043544,2.658613089,-0.368243075,-0.876354584,2.533030595,-0.275946239,-0.859291066,2.699234278,-0.318154797,-0.950468578,2.501023253,-0.203074242,-0.934329987,2.736681937,0.004367186,0.002240631,0.004684588,0.00207392,0.002496795,8.396E-4,0.002224477,0.002266374,6.54304E-4,0.002542747,0.001743025,0.001680801,0.001905491,0.002534936,0.0012694,0.014060916,0.01162065,0.018529788,0.001809017,0.001907208,0.001078809,0.03442922,0.021019664,0.018300679,0.00429666,0.005344284,0.001632526,0.064304451,0.02713561,0.020696166,0.002983107,0.001680262,0.001285075,0.00235181,0.002126047,0.002408478,0.002779245,0.001295168,0.002325209,0.002849214,0.004764548,0.003557237,4.34263E-4,8.0201E-4,4.44303E-4,0.001223532,0.001741605,9.00329E-4,5.01332E-4,8.70439E-4,0.001304519,0.001110311,0.003335364,0.002465457,4.06866E-4,5.16728E-4,4.29995E-4,0.004000984,0.004641167,0.005409728,-0.099358323,0.0577637,0.114223115,-0.012225131,0.227891442,-0.011803154,0.116798253,0.149001754,-0.187831069,0.054420205,0.17521449,-0.076183466,-0.009472214,-0.183477387,0.050309153,-0.075579023,0.050685178,-0.02928248,0.101773063,0.015329633,-0.02726679,-0.067252032,0.037900553,0.007464261,0.111682832,0.036498661,0.05930485,0.04981127,0.047859342,-0.013533438,-0.129939964,0.126600312,-0.032870233,-0.051122477,0.109170232,-0.102823049,-0.039345572,0.036089966,0.031492133,-0.063979473,0.145793567,-0.122991132,-0.013908038,0.037051827,0.001966905,0.088760483,0.03867929,-0.021456786,0.031373544,-0.064411656,0.050705086,-0.038212155,-0.071780713,-0.019093215,-0.092092158,0.171810434,-0.043267264,0.062589599,-0.038836875,0.0259265,0.706488786,0.390439934,0.384579836,0.645029009,0.402329879,0.422027147,0.619666623,0.516535032,0.338094506,0.546838869,0.550292296,0.411992252,0.406462444,0.747063594,0.335074933,0.5248627,0.431563827,0.507605673,0.573602445,0.639536761,0.344178642,0.57327965,0.571226722,0.403782996,0.633130246,0.541111893,0.369064351,0.762171559,0.422898897,0.333336667,0.546104139,0.602057501,0.381414427,0.56150116,0.578657808,0.387889723,0.701162223,0.330055974,0.436874144,0.507582971,0.630225326,0.371510042,0.392808348,0.666399734,0.439999032,0.408494767,0.683893717,0.413626406,0.351558417,0.540656313,0.529561145,0.247109836,0.721042765,0.446529776,0.378996864,0.589540622,0.476289637,0.520080143,0.415769167,0.518157895,my,19
0.027695905,0.613690028,2.212332764,-0.004315414,0.423958611,2.250363083,-0.133840888,0.303281783,2.174080028,0.165939158,0.322149657,2.35200525,-0.211439992,0.057458775,2.147494792,0.320646575,0.213923633,2.346187514,-0.184478292,-0.1310525,2.125562042,0.226740088,0.308257908,2.153206722,-0.172195328,-0.197416083,2.122238222,0.217061951,0.317014139,2.143254444,0.025103258,0.077510112,2.258997028,0.035274599,0.008801326,2.256625403,-0.025905726,-0.071418913,2.214435972,0.111635057,-0.066973481,2.295942958,-0.083662151,-0.517816524,2.325151931,0.108098546,-0.506156254,2.453973444,-0.100550426,-0.888324801,2.417927361,0.144647404,-0.865922447,2.521080028,-0.085053881,-0.951071479,2.390885097,0.196741279,-0.920842917,2.534266778,0.002429517,0.00142082,0.002669893,0.001245477,4.56993E-4,0.001457417,0.001554751,8.10375E-4,0.001980033,0.004664692,0.002653803,0.012933833,0.001377948,8.34132E-4,0.002118743,0.00476303,0.004566369,0.002682032,0.001481915,8.43321E-4,0.001910761,0.021456529,0.014681764,0.017216851,8.00008E-4,9.8023E-4,0.001233352,0.017889834,0.005332572,0.006019101,0.001179796,0.001000087,0.001429527,0.001409267,0.001340028,0.001856867,0.001567846,7.57343E-4,0.002107373,0.001490168,9.72233E-4,0.001747533,0.002130194,0.00388574,0.002775266,0.002573034,0.010518922,0.003525503,0.00116585,0.001838863,0.002105205,0.002291602,0.004554474,0.002079218,0.015221087,0.013053397,0.022589279,0.007563,0.004063396,0.005602744,0.018538205,-0.137860171,-0.069308093,0.015077593,0.084321446,-0.270704366,0.088720921,-0.14536551,-0.457751037,-0.001621223,-6.80497E-4,-0.086111883,0.299109342,-0.290932973,-0.424488976,0.003454107,0.020668432,-0.003752791,0.133511223,-0.10293745,-0.12042927,-0.048803137,-0.054849301,0.030019448,0.127648327,-0.08214608,-0.19065759,-0.007352675,-0.064112862,-0.015845712,0.054943906,-0.043343851,-0.120450773,0.043183255,-0.023831686,-0.130129478,0.05964814,-0.11754415,-0.175676776,0.093306332,-0.007563715,-0.116693988,0.084702629,0.012995586,-0.032485604,-0.039160147,0.254943187,-0.091565763,-0.003099019,-0.004638932,-0.059666656,0.094930952,-0.101532192,0.028297867,-0.035797999,-0.037362721,-0.045853383,0.036664737,-0.048999266,-0.023370649,0.487656563,0.598179257,0.424808189,0.603574218,0.443682728,0.366532776,0.610095386,0.271594542,0.206821241,0.304534799,0.164613623,0.652316594,0.359763785,0.3881055,0.286217948,0.698025054,0.453250944,0.382600467,0.43757572,0.350687578,0.553725825,0.613169161,0.445029847,0.449774209,0.299924853,0.685184505,0.405827287,0.827472141,0.320341651,0.311331137,0.30862419,0.852487105,0.254499874,0.284457941,0.849106203,0.271299147,0.44070459,0.726894057,0.302577863,0.418142698,0.473697289,0.524489172,0.38055031,0.733010595,0.383539579,0.239064419,0.781387196,0.341852607,0.489599309,0.572601061,0.453367383,0.415402714,0.707971797,0.38138899,0.442457967,0.445602774,0.540650135,0.581494875,0.481279292,0.453455458,my,19
0.05106685,0.695266699,2.369838176,0.015850832,0.510279491,2.405637412,-0.106307801,0.375556876,2.3164815,0.187647372,0.38953234,2.515697676,-0.155399109,0.125131915,2.281743809,0.296979546,0.216496419,2.466863985,-0.115117518,-0.085281834,2.266232853,0.262300751,0.335453268,2.282826471,-0.089695703,-0.182218022,2.271317544,0.234026383,0.365422085,2.265231529,0.049257757,0.140888574,2.414108456,0.06781338,0.06918397,2.401443706,0.007147792,-0.010123156,2.351065544,0.146779153,-0.008779398,2.445206971,-0.062463685,-0.509768007,2.448206588,0.112271396,-0.464913415,2.609590721,-0.087227504,-0.881649084,2.491126897,0.092969841,-0.833272431,2.696967544,-0.070941398,-0.943724931,2.419523088,0.144681757,-0.897720935,2.714306882,4.23417E-4,6.4882E-4,0.001236736,6.20773E-4,6.07194E-4,4.21072E-4,3.80252E-4,0.001374792,5.77258E-4,0.005471183,0.010380724,0.013561104,9.86564E-4,8.66896E-4,0.001019593,0.008628159,0.007591693,0.016464507,0.001977027,0.004631747,0.00123116,0.04115775,0.024410321,0.013200884,0.001953403,0.004644933,0.001112794,0.040963649,0.019768381,0.020056468,0.001288505,0.001954912,0.00119526,0.001602443,0.00282277,0.001784703,0.001787172,0.001487222,0.00295165,0.00228462,0.001796726,0.003033072,0.001702161,0.00262435,0.00165515,0.00116769,0.001468878,0.001190971,3.66033E-4,7.51089E-4,0.001045975,0.001224154,0.003364282,0.002549349,8.4915E-4,0.001201585,0.00105939,0.008806413,0.002972056,0.009318672,0.016809565,0.052879752,0.100371231,-0.22671598,0.239896735,0.059697457,-0.052012635,0.26947139,-0.046195433,0.003866481,-0.074084236,-0.078707438,-0.125984019,-0.073311039,0.010551343,0.00723891,-0.025864004,0.051233409,-0.079359524,0.085938601,0.055228121,-0.039493714,0.056470572,0.010972778,-0.117326261,0.057667995,0.01663209,-0.011054342,0.025921124,0.038870571,-0.05530129,-0.064114289,0.047359996,-0.048293858,-0.03934708,0.024268323,-0.06164582,-0.006120098,0.011710039,-0.082723021,0.007054079,-0.069237554,-0.142744633,-0.109945235,-0.030955801,-0.100442873,0.117002704,-0.093933905,-0.021510336,-0.166710015,0.00291056,-0.005933147,0.140146235,-0.048894846,-0.045973303,-0.174320532,-0.101781265,-0.008884564,0.057328693,-0.026793235,0.550091125,0.499306946,0.452544295,0.555620442,0.433372338,0.430545181,0.607959843,0.548394693,0.342013635,0.251206928,0.484679467,0.578314496,0.454768216,0.616487783,0.433828153,0.453326338,0.482939466,0.519749525,0.340809007,0.846217028,0.257644758,0.687093847,0.443780968,0.394316607,0.410369269,0.826303844,0.240817355,0.681254499,0.367284769,0.437147534,0.359080665,0.780369045,0.343024118,0.229303712,0.807002832,0.371555496,0.36805,0.495122173,0.547856995,0.360024619,0.561166153,0.511772867,0.36917069,0.689838136,0.411106631,0.348891112,0.680048109,0.423580179,0.365158186,0.553525992,0.508256465,0.347750769,0.684849642,0.430291981,0.522730349,0.536845253,0.42988976,0.597362776,0.422802048,0.471485863,my,19
0.031135284,0.614407521,2.209345425,-6.14386E-4,0.424758059,2.24611815,-0.128533991,0.301641349,2.168773675,0.167384889,0.32193499,2.343031625,-0.207045578,0.056104481,2.142748288,0.32210519,0.216250196,2.347103263,-0.178460305,-0.132029348,2.119791388,0.226984184,0.299858271,2.15901655,-0.167752571,-0.198272174,2.115281963,0.21378691,0.315079195,2.142985338,0.029326173,0.076151483,2.254739363,0.039498379,0.006981415,2.252524988,-0.021486574,-0.072655334,2.21001925,0.115313606,-0.068335847,2.292464863,-0.081684167,-0.516944681,2.321335863,0.110842685,-0.503065421,2.451913963,-0.100404671,-0.890696259,2.416207663,0.14375246,-0.864030543,2.521018975,-0.078328431,-0.948938924,2.382016138,0.19959428,-0.920284783,2.535863925,0.001172857,8.30664E-4,9.05544E-4,8.20502E-4,3.3048E-4,0.001178732,0.001569292,5.72853E-4,0.001286282,0.004339405,0.003516908,0.015867287,7.00182E-4,4.55707E-4,7.99037E-4,0.005525371,0.004128194,0.002189842,0.002185942,2.4862E-4,0.001859952,0.025929557,0.009547156,0.015973697,0.001270448,0.001126756,0.002105,0.015729928,0.007024111,0.012276701,9.48934E-4,0.001078611,0.001067839,9.21318E-4,0.001379737,8.5993E-4,9.4497E-4,6.27354E-4,0.001355553,9.6103E-4,0.001080957,0.001020541,0.001950754,0.003590435,0.001953771,0.001378826,0.00966132,0.00335598,0.002318342,0.003129416,0.00283386,0.001822347,0.003563979,0.00197772,0.017061238,0.01534312,0.025953867,0.009210793,0.003278898,0.00550983,-0.090545267,-0.021582034,-0.036400828,0.008648728,-0.050206158,0.031800133,0.066565315,-0.047021523,-0.002260047,0.03040036,6.11E-5,-0.025119007,0.067126426,-0.024458409,0.048119686,0.012996112,-0.017762526,-0.005508985,0.058814321,-0.06937442,0.047910353,0.039852109,0.022535948,-0.062484061,0.013794885,-0.100023902,0.027680665,0.060055296,0.023981566,0.014589753,0.03763192,0.02581389,0.006959502,0.017967778,0.038408583,0.001198684,-0.021691003,-0.019661585,0.033174215,0.047379835,-0.014120042,-0.020882654,0.04049319,-0.05570642,0.072065261,-6.47502E-4,0.134565626,0.007554564,0.020099102,0.056488815,-0.050307353,-0.075378769,-0.063740812,0.038724089,0.028750597,-0.060216527,-0.022765894,-7.30041E-4,-0.008093812,-0.06720247,0.423890781,0.616127142,0.456392504,0.579382864,0.358293754,0.509218246,0.58358212,0.307476432,0.522252592,0.264391555,0.182723854,0.664016974,0.520087095,0.450851752,0.50185928,0.745732119,0.461574752,0.329865217,0.52995044,0.280368502,0.554464719,0.62032982,0.333470966,0.490560828,0.434025407,0.61652014,0.451104571,0.771134738,0.314787877,0.38008932,0.384357301,0.806794599,0.305357771,0.28110505,0.852422375,0.299895054,0.463921532,0.641309161,0.422932796,0.339391249,0.46037428,0.573084854,0.302764472,0.774891462,0.374097211,0.226627521,0.837347033,0.328921382,0.474222227,0.556458474,0.471191479,0.448782223,0.649504531,0.419031548,0.465264395,0.485138941,0.514758361,0.666712452,0.403305066,0.430678388,my,19
-0.489073774,0.531926456,2.318523198,-0.552417396,0.352410992,2.343669802,-0.614900584,0.217834331,2.217485981,-0.427705594,0.227249811,2.463608321,-0.650015668,-0.025664251,2.162150981,-0.37180817,0.04419008,2.482342038,-0.60837134,-0.233943798,2.147161783,-0.294922356,0.122506915,2.301920198,-0.60060437,-0.312109579,2.148525925,-0.294185457,0.145105467,2.270738708,-0.501043509,-0.013220223,2.350584443,-0.481281827,-0.084709089,2.347816604,-0.513142457,-0.150228138,2.292249358,-0.427478976,-0.15099538,2.400608651,-0.593615448,-0.524040793,2.334977717,-0.483612469,-0.513131333,2.530171519,-0.632637157,-0.876514433,2.37430167,-0.496320492,-0.863866079,2.584807462,-0.598235493,-0.947519032,2.374000406,-0.425285709,-0.932259736,2.600910113,0.003917852,0.004028703,0.004931668,0.003048036,0.00256006,0.002161696,0.0052769,9.75536E-4,0.001529866,0.011436904,0.012593083,0.032256071,0.002942521,0.004910107,0.002353425,0.021244911,0.015381332,0.043969472,0.004495568,0.006240122,0.002929604,0.042187292,0.029346282,0.033456785,0.006096789,0.00127767,0.002186767,0.060715688,0.037422943,0.035290782,0.003721884,0.003171412,0.001249925,0.003987689,0.003684136,0.001324301,0.006939698,0.003284992,0.00215168,0.002140117,0.003234572,0.00344758,0.002172574,0.00139797,0.00136681,0.002989428,0.001635083,0.001057626,6.00126E-4,6.88733E-4,3.35707E-4,0.00108574,0.003227974,0.001028183,4.99562E-4,7.16182E-4,0.001266799,0.005189942,0.003197076,0.004564626,-0.008087071,-0.103924076,-0.159374439,-0.053396182,-0.196701716,-0.163056859,-0.316204766,-0.104491135,-0.201046403,-0.01359896,0.031380488,-0.147910605,-0.158799725,-0.192746391,0.023642416,0.079405217,0.015255373,-0.097849276,-0.176147638,0.043358127,0.032493142,-9.84E-5,0.022869978,0.004938203,-0.183439368,-0.002717041,0.05189248,-0.058736875,0.06520314,-0.059000834,-0.06959801,-0.161624644,-0.114461416,-0.085208674,-0.13810318,-0.149019973,-0.079392682,-0.075150109,-0.106626631,0.007873433,-0.108353098,-0.176684689,-0.202078297,-0.070218908,0.144144439,-0.195181831,0.00234843,0.025516161,-0.004922515,0.023622667,-0.040430635,0.052605063,-0.105541255,0.044146409,-0.039897038,0.031128673,0.018184833,-0.060952631,0.028233601,-0.001966432,0.479724972,0.535740895,0.453358854,0.582542396,0.346007013,0.466786795,0.615106487,0.342929455,0.387911265,0.394341448,0.564987706,0.484977983,0.482397206,0.621321307,0.392197575,0.483424856,0.370223913,0.54487583,0.506295046,0.641006118,0.379407187,0.558947413,0.371201501,0.519464225,0.702465033,0.452051398,0.35584668,0.656985234,0.347552202,0.460027575,0.467458425,0.602677282,0.418942237,0.443498708,0.684266136,0.356471773,0.506388611,0.460160671,0.49359869,0.410101493,0.542221957,0.476100798,0.427121548,0.505090584,0.482065177,0.447588281,0.636490013,0.415477136,0.405842838,0.669792094,0.432005854,0.372422842,0.780998623,0.334548163,0.407409023,0.426251627,0.565486869,0.551118292,0.434844191,0.49653409,my,19
-0.492533184,0.538382925,2.334115225,-0.555265688,0.358337234,2.352322562,-0.612517783,0.222288007,2.227773809,-0.434807713,0.239291547,2.480493303,-0.649864311,-0.014340209,2.167214652,-0.37862748,0.04441437,2.486705258,-0.607985984,-0.219295282,2.151679978,-0.313994499,0.138375382,2.32592236,-0.59759029,-0.308022771,2.156120506,-0.31214742,0.177367384,2.28482718,-0.50108592,-0.011759884,2.356981281,-0.480516033,-0.083999596,2.354112157,-0.510110916,-0.147121545,2.299465742,-0.428722071,-0.148565021,2.405613966,-0.594701844,-0.523079797,2.337938618,-0.484667165,-0.511566336,2.533055573,-0.63351594,-0.875067483,2.37546227,-0.497304685,-0.862931855,2.585725562,-0.598786884,-0.946681492,2.373984978,-0.429221344,-0.931018765,2.60278273,0.002878151,0.001387628,0.002161378,0.002488873,6.57854E-4,9.59532E-4,0.001693875,9.94273E-4,7.98693E-4,0.008805247,0.010783852,0.020683286,0.001742658,0.001321867,4.7826E-4,0.022528141,0.014357226,0.026440443,0.00224696,0.006875935,0.001875946,0.039001457,0.024853373,0.040861161,0.002631463,0.003788583,0.001654793,0.061891421,0.029109409,0.03522617,0.002079815,0.001557535,0.001149957,0.002352575,0.002116308,0.001130195,0.003447713,0.002002588,0.00359211,0.001974441,0.001797562,0.001467295,7.20553E-4,0.001318326,0.001057584,7.39425E-4,7.44177E-4,6.49034E-4,3.12694E-4,5.7528E-4,4.80235E-4,7.29515E-4,0.002824385,8.72646E-4,3.79408E-4,8.85479E-4,0.001203444,0.004823006,0.002792272,0.004261542,-0.188657046,0.064315622,-0.057985218,-0.300807255,0.050808885,0.176595929,-0.382496331,0.212658049,0.209447915,-0.016170694,0.219092202,-0.110522925,-0.215936565,-0.040299636,0.012083051,0.096697544,0.009235899,0.003423794,0.021175324,-0.013749085,0.006833649,1.46726E-4,0.028575099,-0.033788324,-0.039432574,-0.10676142,-0.015870426,-0.06220499,0.021939852,-0.004822357,-0.21821647,-0.13916076,0.021435034,-0.234913918,-0.134220089,-0.072502488,-0.214985553,-0.058864928,-0.02626029,0.014093615,-0.137406619,-0.147386583,0.004521387,-0.062483913,0.111052301,-0.148314429,0.097552316,0.149237111,0.080940298,-0.075320165,0.040503699,0.11503292,-0.162479758,-9.15915E-4,0.044234719,-0.076261336,0.06588318,-0.015220182,0.010071623,0.008725326,0.637347479,0.416064867,0.425637263,0.553849398,0.353648419,0.446998245,0.490916107,0.468159904,0.350732694,0.353189075,0.458699107,0.53850227,0.477214973,0.661114334,0.370630385,0.43623376,0.547378542,0.494543502,0.344632387,0.847901881,0.27403298,0.500493177,0.486208063,0.499304305,0.438627176,0.724682344,0.35879554,0.625083326,0.427207219,0.45329565,0.385821806,0.626718144,0.434929634,0.362910393,0.680248652,0.393401892,0.418396314,0.40971039,0.545011444,0.425221864,0.548631583,0.470951584,0.349777864,0.518244597,0.533291455,0.461713368,0.587493827,0.420349137,0.374926625,0.650051975,0.452668235,0.372864802,0.706170155,0.394238258,0.341006691,0.425987828,0.580622299,0.579754517,0.374704546,0.505779941,my,19
0.030783493,0.616035162,2.210925413,-0.001389239,0.426465922,2.245718196,-0.12812786,0.302572595,2.16606562,0.163040286,0.319866271,2.326572141,-0.205477567,0.05668444,2.137465609,0.315497461,0.218172839,2.347401261,-0.176348737,-0.131402945,2.113979457,0.209007683,0.297498358,2.158082402,-0.165464688,-0.197760949,2.109399707,0.200848072,0.325817078,2.150642598,0.028583758,0.074069793,2.25448412,0.039806244,0.004406326,2.249898511,-0.020881552,-0.074289349,2.20794812,0.115431686,-0.069044752,2.288533446,-0.07861288,-0.515681207,2.319063391,0.111400576,-0.504840582,2.45188662,-0.099645015,-0.893100667,2.416844467,0.144718309,-0.865954038,2.521369217,-0.08345446,-0.955385878,2.389222435,0.195647804,-0.920333497,2.533860957,0.004076113,0.001011164,0.002967604,0.00402375,7.19893E-4,0.004500269,0.005407747,4.75775E-4,0.005601177,0.003924352,0.004395739,0.022376987,0.004111867,5.27271E-4,0.007629691,0.008231826,0.00455102,0.005646802,0.003729255,5.94791E-4,0.008527384,0.013546114,0.01380637,0.014411855,0.004019774,0.002038722,0.007965076,0.01377337,0.022964919,0.00966682,0.003376906,0.001304121,0.004784165,0.003293215,0.001619503,0.004950536,0.003699507,0.001107161,0.005998672,0.002823367,0.001521995,0.004189132,0.002333756,0.003825675,0.002087818,0.001724584,0.011439987,0.004472525,0.002063936,0.003000448,0.002908164,0.002225568,0.004145604,0.002535054,0.015676902,0.013854761,0.024238187,0.007027394,0.004475837,0.009520255,0.101837863,-0.024765794,-0.077514408,0.100673743,0.036155065,-0.120376996,0.129211706,0.028515036,-0.134709317,0.019244003,-0.013046101,-0.031491698,0.041229661,0.117217673,-0.330744155,-0.014435337,-0.032147799,0.012481058,0.041934002,0.008587938,-0.175046553,0.005958814,-0.007476746,-0.028927164,0.100231205,0.031622032,-0.1592548,0.005488172,0.037310168,0.053637732,0.103534788,0.016878611,-0.096612078,0.096258625,0.02919341,-0.098121883,0.075046442,-0.060302727,-0.133940539,0.129722429,0.004975469,-0.063313467,0.072680182,-0.094483519,-0.006030044,-0.038917486,0.17330956,-0.093045731,-0.039544104,-0.056755166,0.039975737,0.056736793,-0.176182812,0.086466564,-0.009143926,-0.08385653,-0.022824277,0.036845236,-0.044185232,-0.038908721,0.502992922,0.50498625,0.478405672,0.514635562,0.337439517,0.533585959,0.563183181,0.368443105,0.49076072,0.161167423,0.205831183,0.677538874,0.457254271,0.458828256,0.407804494,0.708596472,0.442900056,0.380244057,0.421723805,0.31802549,0.568423889,0.402596311,0.476398064,0.546894742,0.348851718,0.672344741,0.420009995,0.515849053,0.521022019,0.471270495,0.450662383,0.711004353,0.353828363,0.344477879,0.784484053,0.335584695,0.50036004,0.5567299,0.43764025,0.395124023,0.450897697,0.549743628,0.387211192,0.729912057,0.382012863,0.292234714,0.788562152,0.340864208,0.478895799,0.509416274,0.496032335,0.43941541,0.621933761,0.423892857,0.445940018,0.468454992,0.530307148,0.539061976,0.428075132,0.504364713,my,19
-0.497183291,0.534424553,2.322564926,-0.557378621,0.353817076,2.343796638,-0.614598634,0.217393972,2.218594734,-0.435611531,0.23554977,2.470271511,-0.647786695,-0.022058347,2.160863106,-0.373595786,0.053194818,2.485097947,-0.603056609,-0.23270176,2.145326362,-0.299786523,0.131776551,2.310392702,-0.593136081,-0.311594486,2.147364043,-0.299709,0.160724031,2.275084202,-0.500791154,-0.012686997,2.349108447,-0.480010647,-0.084265276,2.346470596,-0.509491277,-0.149118206,2.290262511,-0.427202957,-0.149499068,2.399942787,-0.591499078,-0.523190967,2.334240819,-0.480929718,-0.511040634,2.528878,-0.632793599,-0.876323602,2.374633245,-0.497797882,-0.861052593,2.584828362,-0.598212445,-0.947368677,2.373710106,-0.432532032,-0.929027197,2.5967705,0.004410035,0.005595224,0.00513716,0.003114414,0.002070708,9.76653E-4,0.002861112,0.001514516,0.001548869,0.007913211,0.008915284,0.02027217,0.001354839,0.004309708,0.001427017,0.021286946,0.009853531,0.032522444,0.0020871,0.004469822,0.002174573,0.038757924,0.031842333,0.036739327,0.002452885,0.001289463,0.001761151,0.058028158,0.038071491,0.034084629,0.00202165,0.00191363,0.001169948,0.001804693,0.002532846,0.001318139,0.002038249,0.001652948,0.002288377,0.001739316,0.001560594,0.002864765,7.71821E-4,0.001466096,0.001371353,0.001290608,0.001159393,8.14339E-4,1.88638E-4,7.2808E-4,3.51687E-4,0.00112484,0.003465082,7.95798E-4,5.08294E-4,6.01359E-4,8.40168E-4,0.004839412,0.0033857,0.004804891,-0.206719199,0.060368697,-0.036646934,-0.238520331,-0.329389143,-0.009237476,-0.405488492,-0.296847586,0.121912705,-0.105808937,0.137685221,-0.226356875,-0.095041031,-0.25883897,0.168955615,-0.014896202,0.023943775,0.047265858,-0.130254905,0.135000185,0.044322476,6.80023E-4,-0.094796266,-0.003063334,-0.101276679,-0.104407407,0.075548454,0.013028159,-0.056816493,-0.072331952,-0.074621642,-0.20267382,-0.119062828,-0.083496619,-0.183308015,-0.154069902,-0.082878523,-0.084297162,-0.0255325,0.068332907,-0.141479316,-0.182602894,-0.024727535,-0.206814739,0.137431148,0.033453432,-0.015823661,-0.005212161,-0.007782592,-0.012709646,0.093446503,0.081916547,-0.09209201,-0.00474282,-0.040730301,-0.065142427,0.044516767,-0.071883645,0.006803281,0.0121816,0.418139869,0.561902036,0.473857415,0.485758651,0.41893878,0.453009996,0.516747782,0.402503344,0.370749357,0.291533643,0.419306902,0.545152934,0.325531764,0.682556313,0.376058127,0.494194016,0.447797554,0.519219134,0.388709934,0.796037916,0.287171145,0.493272923,0.458366656,0.513189413,0.49722066,0.590772702,0.424313141,0.573995495,0.482010719,0.45466,0.401559692,0.638691517,0.414889668,0.324596166,0.701947996,0.38868902,0.35921187,0.480786816,0.553902165,0.348687611,0.468686511,0.527086942,0.369956068,0.605631576,0.449198794,0.514652588,0.575746075,0.442412318,0.40134326,0.671599722,0.423820677,0.398216249,0.759134545,0.345677447,0.341311945,0.408758495,0.589787206,0.561659128,0.399114292,0.504442535,my,19
