-0.029336039,0.664426425,2.443439815,-0.023425611,0.480809202,2.451577111,-0.203416706,0.353488557,2.506273185,0.119182913,0.369528901,2.410916753,-0.2888936,0.11385377,2.551979111,0.176666107,0.309556888,2.239394383,-0.339956475,-0.089458908,2.56597037,0.106110643,0.363698347,2.108739852,-0.350854609,-0.162658986,2.584130975,0.083332552,0.384788125,2.076911432,-0.027925976,0.104853973,2.461226926,-0.035478739,0.031685249,2.441810531,-0.114145574,-0.044524758,2.445589642,0.039150149,-0.039025225,2.430342358,-0.136671912,-0.479083983,2.584585889,0.073279485,-0.47419926,2.553977481,-0.146014954,-0.844178181,2.666457667,0.08723743,-0.842452057,2.654968358,-0.164352409,-0.902179952,2.624479519,0.081169664,-0.913663835,2.634135568,0.013032398,0.017445264,0.007226296,0.008229534,0.023995553,0.01868448,0.005741226,0.007283506,0.008046745,0.014520867,0.025069528,0.032442146,0.008895381,0.009059848,0.01047939,0.136813382,0.027777171,0.064358556,0.014059368,0.008020451,0.011840944,0.253051546,0.03356605,0.058029514,0.015729335,0.005352207,0.012864012,0.280303582,0.030145812,0.068976392,0.006555667,0.003790466,0.013763147,0.004994931,0.004584106,0.004108367,0.005334782,0.003365291,0.007400771,0.005207021,0.003671851,0.007104057,0.00285214,0.004552018,0.003945238,0.004216813,0.006694996,0.003532866,0.001684801,0.004856209,0.002875724,0.002656278,0.006487391,0.001920543,0.012326122,0.014478709,0.031026445,0.003433033,0.004801423,0.003576531,0.072759287,0.039566825,0.005736402,-0.027098308,0.243252006,-0.172397226,0.104124558,-0.026036377,0.050968276,-0.159490892,-0.056096383,-0.191798817,0.113112792,0.076826571,0.015036703,-0.198031034,-0.00372722,-0.087013181,0.043003476,0.073615136,0.04979082,-0.153305352,-0.042091476,-0.017916435,0.010294233,-0.001782134,0.171864024,-0.129100549,-0.073433688,0.002906053,-0.015131426,-0.037178439,-0.279564753,0.025073397,-0.260605165,-0.132789797,0.044659542,-0.211825784,0.066902157,0.020273195,-0.121224758,-0.17860554,-0.084681478,-0.057668799,0.003459071,-0.023802245,-0.019385768,0.01547882,-0.004168668,0.002793305,-0.041941886,0.011123727,-0.030767495,0.023543488,-0.051494455,-0.006303637,-0.031604532,0.034300445,-0.052939556,-0.012658176,0.513238661,0.603661544,0.41992082,0.368978394,0.570991735,0.449713284,0.494565704,0.502344594,0.486636612,0.525879969,0.5696578,0.37616855,0.488488767,0.614794053,0.41923657,0.636632624,0.307025044,0.465232251,0.52051008,0.532470532,0.458620113,0.702066645,0.249825025,0.450527308,0.434928807,0.473237286,0.507178458,0.761993538,0.263494986,0.396915568,0.365356401,0.374547856,0.526227353,0.422219209,0.665547016,0.361365809,0.52848558,0.504912636,0.445394253,0.47932734,0.508103799,0.458084697,0.403419159,0.6896278,0.411408799,0.48830012,0.626496104,0.421382435,0.39079153,0.640919612,0.458484631,0.420331051,0.713397119,0.387091819,0.439498014,0.417769448,0.554554985,0.498406921,0.565789053,0.455313062,name,20
-0.490008476,0.726491943,2.394214,-0.483072122,0.540032287,2.454679425,-0.65705111,0.402468052,2.451312747,-0.315631467,0.451492633,2.438597816,-0.701035291,0.140716272,2.498196632,-0.173700752,0.33070003,2.291648529,-0.704851847,-0.109998989,2.501070552,-0.250748176,0.35441192,2.079151793,-0.693849754,-0.200954686,2.484560011,-0.284001166,0.389360872,2.020506437,-0.453542224,0.171541015,2.464640747,-0.44787449,0.097918004,2.46536631,-0.520083708,0.015294184,2.461393655,-0.362693715,0.025112172,2.467883736,-0.518531234,-0.460013737,2.592743713,-0.300478189,-0.496679893,2.630420161,-0.564635706,-0.850355229,2.634096437,-0.227776666,-0.862727026,2.628745989,-0.613832154,-0.918014841,2.613296621,-0.183257207,-0.938614425,2.593692954,0.015436154,0.003143317,0.003668362,0.008518958,0.003886829,0.003508516,0.015599313,0.014649979,0.021287535,0.020070252,0.014078632,0.033620416,0.009010941,0.005899482,0.027276414,0.072262349,0.013332196,0.078990712,0.013825531,0.005153858,0.041754752,0.209363563,0.026041725,0.041305864,0.019047156,0.001916626,0.042534837,0.246451651,0.033514939,0.031901616,0.009979439,0.00124091,0.001244619,0.010908923,0.001951371,0.00366018,0.011632866,0.002374839,0.004612291,0.011779168,0.001299189,0.011882372,0.010373289,0.004107008,0.001642572,0.005078272,0.010249474,0.005801697,0.00135304,0.002069543,0.002851873,0.001753159,0.003272426,0.001652411,0.002765105,0.00197341,0.004973699,0.001142206,8.32578E-4,0.002131864,-0.125530121,0.025992459,0.035444269,0.00396235,-0.009186293,-0.033828876,-0.152090354,-0.025629487,0.131368438,-0.095428898,-0.091477866,-0.071318267,-0.06308969,-0.05904462,0.107321971,-0.145200857,-0.04565751,-0.126486373,-0.047996393,0.064430823,-0.018510386,-0.217156917,-5.8531E-4,0.011381166,-0.050578401,-0.015678023,0.090239469,-0.246015678,0.037061972,0.00234925,-0.202759716,-0.02064447,0.0676968,-0.248700032,0.012389495,0.047058313,-0.151259036,0.02137214,0.120546272,-0.220144848,0.040685467,-0.089020519,-0.026506516,0.034603983,0.084010583,-0.118668881,-0.156346967,0.053056308,0.046372413,0.070920778,0.007387049,0.090760642,0.047607636,-0.005715339,0.056913655,0.05123638,0.092015649,0.005558386,-0.010878314,0.003677569,0.667299881,0.519604723,0.356319786,0.730693089,0.447202148,0.355002317,0.449861749,0.47039261,0.502864625,0.499972214,0.396326647,0.526001958,0.269137508,0.445797929,0.585808857,0.632066858,0.268750691,0.480015461,0.349271553,0.426350884,0.58197213,0.735098191,0.238301288,0.41427488,0.419864905,0.367026923,0.573613334,0.806192855,0.263830781,0.321084325,0.81809012,0.36399382,0.26011167,0.79232866,0.404703023,0.254554694,0.721992287,0.370127645,0.372220766,0.62262214,0.238985207,0.488295194,0.687020675,0.550027116,0.314358905,0.433318868,0.712354933,0.352482079,0.398746938,0.513184254,0.528507729,0.415507171,0.662021419,0.428229678,0.378894912,0.356567228,0.589324769,0.470254315,0.42777824,0.540398195,name,20
-0.048192769,0.667544091,2.442167932,-0.035693631,0.481829469,2.447228095,-0.211484407,0.360209749,2.508726892,0.107425599,0.356268872,2.405207824,-0.290114892,0.110055946,2.548725243,0.170756728,0.327941685,2.206381676,-0.334297076,-0.094403792,2.566288014,0.089643716,0.390982109,2.077604176,-0.344542965,-0.168366585,2.578212527,0.06028012,0.414838695,2.048922581,-0.036278595,0.105764309,2.455902946,-0.043066647,0.032304191,2.437246459,-0.120194943,-0.042617438,2.444972176,0.031552243,-0.037750318,2.422592054,-0.136418101,-0.478017285,2.578972622,0.076691136,-0.470834369,2.546381432,-0.146385591,-0.842457838,2.665523919,0.086855111,-0.843646964,2.653257189,-0.167122982,-0.897985019,2.617921351,0.082605723,-0.913991857,2.631054595,0.01417699,0.015283967,0.007770731,0.006249532,0.023696757,0.018234546,0.006398972,0.008446214,0.00788852,0.013706515,0.021463905,0.032634006,0.004244128,0.006411234,0.010263687,0.11987217,0.014663547,0.050359052,0.005083965,0.002488471,0.012575503,0.216617989,0.028550423,0.068950742,0.006478681,0.003563698,0.014332231,0.238515343,0.028170876,0.087545066,0.005549482,0.006698828,0.013856456,0.004915701,0.005748335,0.00481367,0.005291902,0.003046801,0.006168822,0.005210642,0.004497931,0.008381029,0.002115625,0.004528449,0.004631014,0.005360836,0.00805213,0.004157275,0.001693434,0.004119815,0.002351222,0.002351191,0.005014855,0.002347831,0.007918033,0.012857454,0.029672828,0.006203732,0.006755078,0.013173855,-0.147355209,-0.100588059,-0.06368068,-0.070508974,0.180822904,-0.141193283,-0.048038494,0.136165395,0.237573576,-0.209463223,-0.111385217,-0.185934261,0.090046533,0.036282464,0.172866547,-0.130663017,-0.068292632,-0.103617021,0.064307536,0.023696128,0.214879783,-0.098567581,-0.031759246,-0.036020838,0.20379205,0.088455138,-0.041324478,-0.110215575,-0.044087961,-0.02312141,-0.091493039,-0.013047004,-0.242163139,-0.205917045,-0.217785101,-0.020328049,-0.211482771,-0.152234043,0.190541775,-0.249587898,-0.06661814,-0.04362425,-0.004926212,0.092659908,0.113439554,-0.084522811,-0.055676177,0.045930938,-0.034834506,0.02138359,0.039681407,0.003253054,0.036350582,-0.038373886,-0.030873434,0.020912217,0.059687888,0.01667652,0.050516776,0.017086577,0.46071978,0.607106427,0.427183402,0.309200286,0.666216593,0.429098063,0.456634189,0.529386047,0.425425638,0.535258502,0.593897807,0.33161902,0.310263851,0.598444156,0.480501825,0.651207057,0.306311249,0.460761631,0.436767762,0.456293254,0.494448575,0.688294442,0.275097066,0.460093502,0.441203652,0.342969014,0.557009487,0.723155377,0.19905242,0.451861542,0.327962095,0.423333548,0.53478038,0.456257827,0.671188548,0.343318773,0.370395303,0.511887374,0.471509636,0.496186328,0.500433908,0.457253692,0.462852884,0.63644907,0.40754353,0.453335176,0.689882042,0.380913366,0.358870726,0.676290987,0.444554675,0.440202306,0.688500855,0.396329551,0.469494375,0.446240963,0.528257973,0.551721098,0.488929938,0.468717397,name,20
-0.18862391,0.668495921,2.342594248,-0.143003652,0.498660091,2.419437771,-0.33316519,0.387515779,2.463381867,0.022680259,0.406495005,2.388737,-0.358576247,0.119784925,2.497317638,0.132878039,0.23272943,2.319367352,-0.367490323,-0.097547935,2.475621,0.06541404,0.210789351,2.125674152,-0.363575038,-0.198311069,2.473714838,0.024210802,0.245815433,2.065140333,-0.133961667,0.148228153,2.43237421,-0.139610913,0.080568725,2.403239943,-0.217217055,-0.005129386,2.41198961,-0.061328248,0.003685565,2.382873667,-0.222146624,-0.463833712,2.527489648,0.003307918,-0.472157778,2.518111124,-0.215247105,-0.831275927,2.604004838,0.023643531,-0.844297676,2.614611943,-0.272130607,-0.915606782,2.592488124,0.072219025,-0.911995408,2.585324171,0.014300943,0.014142257,0.013391896,0.006630482,0.006467053,0.002261228,0.006709902,0.007609285,0.010278338,0.005071352,0.004115242,0.011014128,0.003453669,0.00484739,0.006767127,0.047357103,0.024153369,0.044766362,0.002350012,0.004341035,0.007754004,0.147855863,0.019113655,0.034685055,0.003896802,0.004376662,0.005710453,0.202183372,0.024600009,0.035842168,0.003597039,0.002032288,0.001594462,0.002144109,0.001930265,0.002474641,0.003075538,0.002970344,0.005583646,0.002254993,0.001533683,0.0014198,0.001630492,0.003612135,0.002681973,0.002409031,0.002364124,9.62545E-4,6.58945E-4,0.002098809,0.001862561,0.001888646,0.004260899,0.006191273,0.002629737,0.002894969,0.006333771,0.001008506,7.45918E-4,0.001525138,0.058473175,0.125550207,0.059662272,0.183907698,0.121054634,-0.027639835,0.151016888,0.163944273,0.015328044,0.121044368,-0.016489237,-0.171756564,0.052308672,0.042597339,0.140282763,-0.047456436,-0.032180553,-0.038312964,0.03844532,0.099832806,0.049049255,-0.106145955,-0.028089638,-0.007811408,-0.027088782,0.082685005,0.052999153,-0.10059869,-0.06565068,-0.021564549,0.089079977,0.002374305,0.053103997,0.14456988,0.029723012,-0.055958989,0.059566798,0.071367278,0.01804234,0.016950754,0.063547949,-0.082104569,0.073965912,-0.013955189,0.118089303,0.038499427,-0.013962585,0.019632924,0.005105151,-0.099919921,0.024429811,-0.017741582,-0.001760432,0.049927568,0.022005381,0.062578249,0.114548923,0.051959631,-0.08523837,-0.007691397,0.724138851,0.381118123,0.383537796,0.60501846,0.505601553,0.398885543,0.386921943,0.459633244,0.537948574,0.442973568,0.356783103,0.544164392,0.418526806,0.470381681,0.524227794,0.654892889,0.38902075,0.44937705,0.278101973,0.626404904,0.502119609,0.729345048,0.267830236,0.432673235,0.411151352,0.640933195,0.445661629,0.840780386,0.309159744,0.293585889,0.705001204,0.497494432,0.340694638,0.58391399,0.538631454,0.406810041,0.524830659,0.420050157,0.514350739,0.573294897,0.551743034,0.41189682,0.466436443,0.69557074,0.357158566,0.628884622,0.503446264,0.411678883,0.315886366,0.723874052,0.421482719,0.323397684,0.451175552,0.581758022,0.414941408,0.391214468,0.563125942,0.428219767,0.437633044,0.550140486,name,20
-0.532581338,0.546205953,2.429199455,-0.550308836,0.363780291,2.473114045,-0.714058868,0.242138527,2.45011853,-0.393950879,0.247999297,2.476453364,-0.776180917,-0.008606783,2.469721788,-0.258263741,0.145743026,2.35242897,-0.804751738,-0.205543664,2.453259864,-0.265955737,0.244293508,2.197794061,-0.793863847,-0.286563038,2.448601576,-0.271112891,0.274512617,2.174584818,-0.549228338,0.016836837,2.484684167,-0.546337874,-0.049902702,2.456722667,-0.616729788,-0.123791167,2.442356576,-0.474450726,-0.120525433,2.461169364,-0.672055574,-0.523591423,2.549714273,-0.464745495,-0.517905306,2.57336497,-0.694156342,-0.859120623,2.598953682,-0.468368806,-0.859273974,2.621131152,-0.72476257,-0.930847035,2.573519621,-0.424914642,-0.936672041,2.584482818,0.005473731,0.003132912,0.007751373,0.00590974,0.005010261,0.005538104,0.00257264,8.34997E-4,0.009486846,0.008265608,0.017592252,0.010182839,0.002353905,0.003031167,0.012266667,0.042038212,0.009651124,0.058142063,0.005309398,0.004447563,0.021329466,0.151272893,0.021047308,0.061934276,0.005197335,0.004488939,0.019789032,0.165555299,0.018110743,0.052232081,0.002771596,0.002029513,0.005846561,0.001124723,0.002877706,0.00284584,0.001087423,0.001051715,0.003385737,0.001451463,0.001666318,0.00397517,0.001202158,0.005846774,0.003253049,5.79552E-4,0.003950283,0.002281123,8.95617E-4,0.003525797,0.001039514,0.001020048,0.003811011,0.003147121,0.002699525,0.003582214,0.004431036,0.002023065,0.002563882,0.001442702,0.193302677,0.007748345,-0.036454036,0.205514101,0.225478804,-0.19738639,0.039497165,-0.005326248,0.158969553,-0.099419751,-0.09858532,-0.197729993,0.009623082,0.012762021,0.159406874,-0.059363756,0.068276945,-0.156442862,-0.034292767,0.032614201,0.078811787,-0.159646782,0.042376163,-0.111676323,-0.022904817,0.003781977,0.010771728,-0.159516624,0.017502719,-0.100533951,0.13024615,-0.247370666,-0.300161693,-0.076468162,-0.371112924,-0.104990446,-0.109730687,-0.114341076,0.159191294,-0.100801698,-0.182848866,-0.204127556,-0.030697311,0.194850783,-0.013554021,-0.027222629,-0.248508594,-0.100339911,-0.036243001,-0.007120684,0.016511444,-0.007670108,0.001088521,0.002937377,-0.030117618,0.014005114,-0.086061168,-0.098669928,0.139781896,-0.091683656,0.619735915,0.445998986,0.424810108,0.521187682,0.489899326,0.386876701,0.285395657,0.240213752,0.629495436,0.413967923,0.491721836,0.485877221,0.250147133,0.501623188,0.556126606,0.616569062,0.276273037,0.484828659,0.303199437,0.362307158,0.610954647,0.734877956,0.253839483,0.404416727,0.385778969,0.341088088,0.599443922,0.798056173,0.212042515,0.357831302,0.53274357,0.482570253,0.320624869,0.483764,0.597140052,0.336039725,0.453544543,0.394551532,0.522626659,0.586966774,0.471073356,0.380323345,0.267796737,0.783871578,0.359558626,0.263378677,0.670549398,0.436866962,0.274621726,0.788115134,0.378241944,0.297626308,0.614224571,0.509256164,0.397471753,0.533810071,0.512599877,0.439294149,0.470725304,0.511496911,name,20
0.027487755,0.622624052,2.286243119,0.021037717,0.432180074,2.339821982,-0.148504661,0.324068994,2.339057743,0.184552732,0.343607714,2.343361064,-0.207848574,0.06557245,2.344186064,0.24328158,0.158530233,2.23462111,-0.224780708,-0.152225815,2.310390917,0.125058032,0.21533951,2.080860266,-0.214604472,-0.233213713,2.304207138,0.101968658,0.249777436,2.051201358,0.020672581,0.078017928,2.35551156,0.020862004,0.012718838,2.30915689,-0.053821378,-0.064747917,2.298246798,0.095068782,-0.059649078,2.303055624,-0.086185974,-0.526725211,2.440800945,0.162748147,-0.523000596,2.422468578,-0.104630811,-0.868582831,2.529674734,0.1764174,-0.880339823,2.491299303,-0.168186135,-0.936453562,2.50265655,0.231128817,-0.943541268,2.440547798,0.002141448,0.001295287,0.003828215,0.002460965,0.001249028,0.003802112,0.002324755,0.00175862,0.007152893,0.003099004,0.006291988,0.011207827,0.002002598,0.002035728,0.009185949,0.032615194,0.008582289,0.020757553,0.003051894,0.001754869,0.012645106,0.099105507,0.012324518,0.022897285,0.002665867,0.002636326,0.014326247,0.122074965,0.013222093,0.021126047,0.002028862,3.20701E-4,0.003738704,8.64516E-4,3.85191E-4,0.003209806,0.00159949,5.40798E-4,0.005150093,0.001475531,6.89839E-4,0.003197189,8.9498E-4,4.03218E-4,0.001430264,6.34725E-4,0.001208657,7.91697E-4,0.001208593,0.001632455,7.52598E-4,0.001943869,0.001882413,0.003219371,0.001541962,0.00133772,0.003930632,0.001290079,0.001145002,0.002060349,0.020510747,0.023968274,0.05724506,-0.042191312,0.039748813,0.160678938,-0.046369285,0.036749402,0.137280353,0.016155682,0.179870837,-0.043305047,0.004422965,0.027132713,0.113512723,0.025983543,0.062649435,-0.004413895,-0.019575657,0.048789235,0.064881509,-0.05757029,0.039739179,-0.014126122,-0.015089964,0.004774007,0.079152239,0.003381861,0.003446709,-0.047587989,0.063575797,0.043997613,0.259293282,0.120761512,0.06001793,0.286764288,0.068795102,0.048349994,0.113459504,-0.026437625,0.013121357,0.011979815,0.06596159,-0.043067051,0.079795508,0.067923181,-0.283084664,0.158969411,0.045379077,-0.116551179,0.043663937,-0.016493177,-0.048902656,5.55911E-4,-0.025449466,-0.001214335,-0.024597825,0.034960919,0.014421593,-0.011511075,0.529123131,0.263423178,0.56292034,0.606666448,0.340551786,0.474982267,0.351487726,0.29661595,0.607306457,0.396327765,0.490668329,0.527355545,0.291228873,0.308323204,0.626135629,0.619835914,0.334142479,0.495081291,0.302738234,0.330911575,0.623819474,0.793428808,0.324093829,0.354141932,0.257206895,0.401629264,0.612527671,0.893347955,0.231377224,0.259364655,0.656187379,0.309060941,0.401805992,0.481251144,0.524595479,0.3870358,0.492284325,0.287895856,0.562313256,0.399834814,0.291670387,0.610177177,0.473572814,0.521341089,0.487625511,0.349608217,0.64400474,0.398263094,0.40044615,0.723712895,0.378805093,0.365952481,0.427421292,0.579414265,0.391214134,0.38055483,0.58778984,0.466373875,0.389330308,0.556752686,name,20
-0.54389791,0.55143422,2.428499056,-0.567512501,0.366358565,2.475019042,-0.725646979,0.244603296,2.441912704,-0.408681717,0.251212796,2.484250746,-0.788290227,-0.003213099,2.461949831,-0.281169807,0.134256845,2.375167577,-0.807891268,-0.201938817,2.446745817,-0.277092538,0.229663461,2.224434535,-0.798922827,-0.285258717,2.44255169,-0.274635409,0.263628145,2.197670099,-0.562603904,0.020257886,2.487236563,-0.557480606,-0.046862595,2.461144028,-0.625491451,-0.120605507,2.443418873,-0.484937435,-0.117202501,2.468970873,-0.676441918,-0.520944952,2.547026592,-0.472386496,-0.52202838,2.579032845,-0.694986201,-0.856580431,2.599077127,-0.468743394,-0.859190524,2.621873535,-0.722733879,-0.928976587,2.572019014,-0.423803703,-0.937709251,2.584527042,0.007636396,0.002592155,0.006838648,0.008063699,0.003337971,0.002806937,0.003717728,0.003062542,0.012564201,0.008890822,0.013732396,0.015615406,0.003739489,0.007929235,0.019313971,0.046204424,0.010824357,0.069854173,0.007577327,0.003828197,0.029382324,0.161576608,0.025552688,0.078877322,0.007193358,0.004240786,0.028416738,0.1805499,0.020548094,0.069422017,0.003210439,0.00235321,0.002803618,0.001978545,0.002911509,0.003213409,0.002627222,0.001598302,0.004336769,0.002339213,0.001993198,0.006062994,0.002430605,0.005472858,0.002638723,0.002884548,0.005987134,0.00496135,0.00104393,0.003553308,0.001734244,0.001256071,0.0032345,0.002170418,0.001535869,0.001996683,0.002853114,0.001328238,0.001077534,0.001602418,0.102509793,0.025558835,0.203640506,0.264827242,0.257308084,0.147561353,-0.078467219,-0.016231588,0.247055953,-0.140719187,8.34119E-4,-0.232580825,-0.061913413,0.041094661,0.232777936,-0.077785458,0.01269548,-0.157005757,-0.088337478,0.033072418,0.077140504,-0.161987474,0.00302338,-0.108304918,-0.066322283,0.10337939,0.072706809,-0.196664368,-0.019969206,-0.1136679,0.149844148,-0.092081907,0.187538592,-0.17099418,-0.288390287,0.202259946,-0.018430637,-0.044108015,0.287595811,-0.116878805,-0.053453653,-0.070982989,-0.00991114,0.326127529,-0.052422911,-0.086848036,-0.116797021,0.004605759,-0.034985138,0.139568062,0.052219852,-0.045543618,0.037306685,-0.027414842,-0.026339798,-0.022917147,-0.036857126,-0.056770351,0.045542993,0.06429998,0.547373553,0.382169642,0.471486018,0.675746648,0.361280254,0.328707967,0.250098123,0.280768814,0.597496696,0.363722389,0.479934189,0.496620975,0.153104382,0.37022915,0.595685944,0.528970351,0.351217098,0.512954573,0.268420422,0.252766207,0.643691803,0.682848118,0.273691293,0.443906909,0.24551621,0.289345502,0.638627514,0.769815531,0.197435796,0.379653551,0.582004232,0.469166697,0.402583785,0.444222449,0.616592744,0.324956375,0.47125624,0.391210028,0.469298851,0.513691732,0.437564231,0.501695917,0.151713581,0.792485046,0.332499376,0.262121094,0.796091119,0.361742976,0.259791657,0.807526896,0.346115726,0.353970008,0.638120136,0.473382544,0.406586275,0.555711072,0.503783182,0.49137409,0.511177452,0.484357095,name,20
-0.152839637,0.696016895,2.382741159,-0.142102828,0.514642405,2.421754037,-0.328835435,0.39397251,2.45478457,0.023832491,0.405167364,2.384582505,-0.367250981,0.125030825,2.498016374,0.109418512,0.22374118,2.314904495,-0.374272728,-0.099707709,2.472908944,0.022351468,0.201546927,2.111896607,-0.371264343,-0.200407553,2.467322748,-0.027592613,0.22901226,2.054087813,-0.13399305,0.15352676,2.434862224,-0.140115513,0.084004795,2.403343766,-0.216939415,6.71035E-4,2.409557252,-0.06280673,0.006935864,2.386147925,-0.224109158,-0.463020764,2.530000168,-5.17327E-4,-0.475028218,2.520879682,-0.215958906,-0.829536149,2.605253505,0.023466494,-0.844990318,2.614618589,-0.271277129,-0.913494447,2.589956589,0.072929139,-0.912150159,2.584001467,0.006404176,0.001377613,0.005404509,0.003872844,0.001118896,0.003000309,0.004908544,0.006665617,0.01214228,0.004876585,0.005220696,0.016280926,0.00365129,0.006323722,0.010441513,0.053223789,0.017537934,0.056174978,0.001274652,0.00312774,0.00790047,0.135782738,0.023442531,0.02775452,0.001231741,0.003154053,0.00813744,0.185543787,0.030293544,0.022522482,0.002399459,0.001096123,0.002853982,0.001822211,0.001382768,0.002198522,0.001842943,0.002706813,0.003945654,0.005023559,0.002120785,0.005792876,8.18812E-4,0.001117144,0.001230295,0.001767809,0.002188641,0.001061819,8.72715E-4,0.002530718,0.001405744,0.001577111,0.00326277,0.006234604,0.002357736,0.00280593,0.005942048,4.59866E-4,5.51915E-4,0.001432013,0.04356106,0.038019536,0.039922263,0.032145014,-0.045954244,0.049043352,-0.100064733,-0.016135503,0.185497604,-0.102055914,-0.02585164,-0.21055265,-0.016641602,0.006201652,0.206872871,0.022744303,0.057738013,-0.092551043,0.001333603,0.067905711,0.201253477,-0.038424312,-0.004841757,0.03733008,-0.014375314,0.069008274,0.124624714,-0.076132379,-0.033753587,-0.061940766,0.106172769,0.012459214,-0.006634915,-0.079007943,0.10924571,-0.118586482,-0.067458461,0.141561668,0.169714932,-0.180064169,0.071556802,-0.087856005,0.127620856,-0.054502131,-0.033837899,-0.044929875,-0.118344913,-0.008415503,-0.046229612,-0.169661235,0.054712441,-0.014158181,-0.016975724,0.054740633,0.020498956,0.045481115,0.025889205,0.025849875,-0.015263742,-0.080265127,0.628017373,0.187783327,0.526452944,0.627882482,0.403999662,0.46102237,0.378222154,0.3946393,0.5531436,0.3717794,0.248357086,0.587356491,0.248299729,0.455374622,0.563395336,0.679226354,0.337118204,0.444065646,0.237025086,0.520034048,0.537365388,0.75112568,0.342598149,0.390304609,0.247637507,0.552202535,0.542191255,0.867790315,0.241344416,0.286803331,0.668242635,0.279379275,0.476623785,0.587068165,0.497505567,0.419324466,0.441159642,0.48891968,0.486790329,0.55639304,0.290750725,0.521045192,0.402568374,0.65283983,0.436207547,0.529715832,0.619690282,0.393467132,0.333892268,0.690859706,0.426929529,0.334583857,0.434180967,0.584621124,0.354006703,0.364522652,0.603532585,0.31733903,0.394835522,0.600021104,name,20
-0.080736263,0.639086751,2.336263966,-0.097078704,0.452657546,2.353894966,-0.224957303,0.315149173,2.287841424,0.076223262,0.383250275,2.435136475,-0.30982099,0.061874807,2.271876983,0.238696175,0.358610071,2.354822712,-0.322744458,-0.145074927,2.25344839,0.268010387,0.425054908,2.198901458,-0.318071761,-0.216822917,2.252789915,0.282122015,0.442245169,2.163216898,-0.073354028,0.098537313,2.364114542,-0.05998266,0.029335016,2.350831627,-0.124862446,-0.051865785,2.309839559,0.018818528,-0.042773135,2.385259034,-0.160235783,-0.482644325,2.408048475,0.039599903,-0.486883763,2.522969017,-0.170824346,-0.842552927,2.491965763,0.093210484,-0.854102473,2.602649254,-0.136650954,-0.887070934,2.425238559,0.137176171,-0.91717898,2.585549492,0.003510822,0.003012263,0.004408797,0.003053881,0.002184475,0.004323423,0.003467059,0.001344438,0.005920372,0.014923562,0.014532214,0.035399804,0.005080173,0.002504833,0.007197015,0.06392268,0.018025648,0.134657105,0.006752252,0.002575681,0.009550756,0.191740644,0.016447563,0.160801269,0.005490344,0.003613591,0.009914293,0.216014469,0.018366098,0.156281576,0.00395791,0.003846868,0.004607406,0.003794793,0.00496466,0.004230481,0.004738978,0.001834785,0.004497282,0.003531933,0.002813963,0.005388239,0.006404548,0.011574074,0.009938381,0.003670879,0.008256435,0.003837084,0.002370545,0.009353532,0.003530345,0.002607718,0.006349414,0.00524118,0.00542124,0.009514983,0.00439302,0.007527678,0.004545832,0.008118745,-0.082441641,-0.095364879,0.110383561,0.069168242,0.011524892,0.157422816,-0.055924838,0.110168677,0.174374814,-0.029633486,0.113132718,-0.163476673,-0.106617541,0.05178984,-0.001138731,-0.034758022,0.029421045,-0.065965168,-0.053723132,0.031180869,0.096112664,-0.019597694,-0.0167042,1.34392E-4,-0.019199366,0.107903131,0.052031475,-0.014583765,-0.021879609,0.008375478,-0.182629334,-0.12344181,0.278266966,-0.232777986,-0.208747542,0.288512157,-0.162272061,0.088226351,0.316436876,-0.310409572,0.119449104,0.072164925,-0.041992869,0.045993171,0.17377922,-0.025512735,0.02887405,0.053989784,-0.025223143,0.031062805,0.013585588,-0.020115148,-0.031765745,0.045125498,-0.024653718,0.037843712,0.026779942,-0.056334525,0.031937566,-0.005375866,0.52492072,0.563320619,0.417691544,0.413386013,0.466781127,0.518924717,0.559390839,0.216780033,0.522234317,0.290079698,0.433102525,0.566899832,0.367208356,0.25758742,0.619383164,0.466259253,0.210752641,0.595811181,0.429296344,0.200218541,0.606488677,0.571535473,0.111299947,0.567028913,0.415260882,0.28385583,0.596664137,0.664397965,0.176944571,0.504568401,0.350061634,0.535985894,0.427767672,0.455292152,0.583797099,0.287969714,0.516052781,0.418651939,0.389073869,0.476326494,0.517895072,0.426926097,0.424165674,0.689113429,0.362339171,0.167379627,0.845607091,0.340771781,0.313526504,0.736201545,0.412591096,0.321251513,0.703973072,0.4349696,0.465154802,0.701868411,0.367584126,0.601270326,0.484397324,0.437188267,name,20
-0.071989296,0.641485164,2.336959771,-0.086905749,0.456162251,2.3554991,-0.211081386,0.315654104,2.282333671,0.080782779,0.389313321,2.428534714,-0.289136293,0.05961623,2.255940543,0.239340603,0.377386204,2.3268983,-0.289695146,-0.147624801,2.2411963,0.254854391,0.439143506,2.157815557,-0.282935197,-0.216918796,2.239495529,0.266038411,0.451512747,2.122551157,-0.062729085,0.099052767,2.365085529,-0.04825042,0.029822119,2.349783557,-0.111863634,-0.050929201,2.307879643,0.029333855,-0.039581102,2.384904814,-0.147920274,-0.468773993,2.396680129,0.049839333,-0.48643144,2.528248486,-0.170828779,-0.851231636,2.4942641,0.095551722,-0.855758317,2.6059619,-0.136402809,-0.895930166,2.428965014,0.13721115,-0.9172823,2.585155143,0.003384451,0.003491068,0.009220093,0.006508229,0.004448664,0.005474742,0.004152233,0.003334649,0.007822205,0.013859601,0.013855904,0.036568982,0.00618544,0.002635327,0.005744204,0.06767075,0.018276505,0.127058923,0.008591031,0.002678078,0.004333326,0.189188709,0.013801076,0.146155754,0.007054485,0.003505084,0.00502152,0.210357325,0.011396899,0.13839239,0.004477659,0.004177047,0.004744776,0.003524889,0.005745199,0.003744232,0.003432749,0.002756877,0.005049591,0.003856152,0.003601377,0.004246785,0.002816925,0.009631887,0.003718494,0.003091547,0.008186978,0.003835547,0.002605153,0.006524015,0.00336453,0.00302367,0.00730821,0.002957007,0.008727865,0.00813816,0.010369128,0.007246435,0.008083008,0.010240139,-0.040145056,0.010949926,0.119053345,0.146379484,0.164475022,0.029240653,-0.132549281,0.028531769,0.043631653,-0.082785242,0.026303581,-0.217046349,-0.044485033,0.046284312,0.015655347,-0.217603345,0.003322622,-0.184062149,-0.073968838,0.04521289,0.120427496,-0.142188722,0.00609755,-0.098726757,-0.011306178,0.01557321,0.134900522,-0.146254762,-0.021289856,-0.119636488,-0.013975657,-0.184014939,0.024820301,-0.077459447,-0.204175714,-0.002699679,-0.100037629,0.069922759,-0.045197111,-0.156598003,0.133424095,-0.055569663,0.036242817,0.165687984,-0.014854168,-0.047792981,0.114601382,-0.083363206,-0.024195097,-0.095603908,-0.005900632,0.006105069,0.024166262,-0.012377025,-0.098617431,-0.100824319,-0.013120953,-0.013386306,0.029994069,0.065393683,0.42273202,0.435031475,0.541773777,0.456788622,0.479226213,0.498135144,0.43013118,0.324044759,0.580076282,0.235474204,0.435706453,0.564349488,0.456521176,0.326357665,0.577021737,0.434140821,0.189874692,0.56753334,0.58836097,0.337597074,0.494123659,0.631648275,0.111085662,0.516654068,0.515989764,0.338818747,0.532524253,0.671430047,0.101410866,0.486417434,0.465291474,0.482023666,0.50043178,0.481688003,0.619062832,0.401155533,0.5297944,0.465013595,0.484422395,0.444761764,0.562997126,0.459088578,0.358514728,0.75192569,0.361905758,0.278753395,0.816573904,0.325014984,0.323497557,0.736714311,0.405074991,0.36800794,0.605996873,0.490868662,0.447119958,0.671090231,0.3966739,0.599636225,0.416598679,0.470434954,name,20
-0.284984773,0.678241172,2.413135965,-0.326572799,0.490221876,2.442982709,-0.413156778,0.336335879,2.361046174,-0.18195078,0.384915605,2.591450326,-0.463144216,0.094630957,2.322458442,-0.016318191,0.299228553,2.574401244,-0.40733836,-0.175380581,2.30334943,0.118015527,0.40004198,2.426772791,-0.379096215,-0.267642884,2.306883477,0.152292368,0.449063272,2.38181743,-0.278755466,0.128506799,2.454529198,-0.263234734,0.057134376,2.454454384,-0.306271465,-0.018959024,2.399999547,-0.198390013,-0.014660256,2.508206628,-0.382168857,-0.501505436,2.497694174,-0.261477557,-0.496001597,2.658738558,-0.402433464,-0.87936009,2.53976664,-0.265238715,-0.851892129,2.70156814,-0.365426638,-0.950404614,2.511815105,-0.189502515,-0.929672719,2.711673686,0.01428325,0.002115903,0.010716801,0.007036277,0.00409437,0.005042638,0.018749001,0.001325099,0.006668159,0.008978309,0.003185846,0.035927052,0.018741364,0.005243982,0.014676008,0.019408788,0.011260633,0.120865702,0.024244483,0.003426788,0.00717545,0.071228592,0.03064062,0.185607531,0.026537656,0.001868981,0.00680223,0.094628317,0.028112926,0.214521983,0.012388378,0.002305718,0.00662182,0.015757649,0.002857904,0.006639204,0.022835446,0.001169877,0.005450623,0.011401284,0.003456635,0.011499578,0.00213932,0.006452312,0.002463589,0.001822926,0.005333249,0.003367183,0.001328183,0.001888081,0.002145754,0.001387565,0.003888951,0.004412287,0.00117223,0.001343505,0.002968101,0.008241433,0.004378437,0.011823275,0.058923685,-0.001382993,0.113006693,0.039064814,-0.032430542,0.096163572,-0.052420795,0.030860244,0.06880504,0.103763438,-0.047417998,-0.14447031,-0.033311677,-0.042007272,0.054536364,0.058546809,0.041600202,-0.071882859,-0.001905811,0.020883492,0.009309688,-0.034138313,-0.009556881,-0.036241799,-0.059148395,-0.051461874,-0.003837643,-0.041317998,-0.0141833,-0.044874769,-0.10119792,-0.106545649,-0.005467197,-0.082395783,-0.108663711,-0.059228815,-0.080593422,-0.076109693,-0.015562622,-0.062314698,-0.08031259,-0.16659804,0.087203084,0.041195934,0.046379817,0.109291323,0.036718759,-0.120546474,-0.010728657,-0.062173438,0.079970953,0.015123114,-0.061890759,0.026533163,0.057473734,-0.078014682,0.090969874,-0.010692349,-0.012083431,0.046119533,0.612510477,0.357877696,0.477301516,0.54363351,0.415965598,0.49917429,0.718058635,0.125248517,0.470965187,0.373712277,0.250780093,0.604268523,0.494227131,0.583261339,0.444327887,0.340123194,0.266897926,0.626754394,0.697237721,0.491773626,0.360300742,0.363545767,0.215838417,0.63464721,0.70612097,0.329018145,0.433085762,0.402156419,0.155764095,0.630966477,0.641639439,0.418141378,0.435766221,0.667757513,0.441016884,0.401201324,0.743678706,0.261465156,0.420648671,0.512875797,0.530299955,0.434371959,0.298939367,0.710284323,0.436235618,0.44131661,0.70218593,0.358856374,0.283898268,0.687648092,0.457060452,0.290094316,0.621975332,0.505814075,0.302679173,0.543262123,0.536302684,0.553339927,0.317225452,0.537052494,name,20
-0.304120987,0.701847563,2.161588934,-0.346810171,0.508983386,2.213095224,-0.418542145,0.356235345,2.102481408,-0.208623092,0.424520276,2.398482618,-0.457527159,0.101887876,2.070213434,-0.078124843,0.294994824,2.440194303,-0.404406232,-0.167319947,2.089603316,0.071735458,0.348984967,2.2829765,-0.380486107,-0.252962755,2.090581224,0.11519469,0.382096803,2.235057224,-0.293438505,0.164706575,2.248632579,-0.282698138,0.095833943,2.25904425,-0.321648491,0.004070597,2.195787961,-0.218583392,0.0272517,2.334971803,-0.362229711,-0.479154567,2.3106755,-0.269666899,-0.501979299,2.563689697,-0.395452588,-0.874489284,2.308130408,-0.29651377,-0.870507537,2.625183855,-0.348595308,-0.941542857,2.298056408,-0.213967234,-0.917384604,2.686722592,0.008198517,0.002333246,0.010169136,0.003406625,0.003392804,0.006037331,0.013031947,0.001713598,0.004201203,0.020559449,0.011550852,0.027274064,0.017078049,0.003482579,0.005804975,0.039587751,0.024738253,0.108237547,0.025357497,0.003606759,0.006720879,0.053609981,0.02962729,0.165061426,0.024686773,0.005285041,0.007818245,0.07988136,0.035341793,0.180730807,0.007907766,0.001788151,0.006087678,0.008914406,0.001975014,0.006192231,0.017022697,0.001842323,0.004569187,0.002979513,0.006563148,0.007550437,0.002005847,0.003759232,0.006525735,0.004492574,0.007404,0.016467902,6.10059E-4,8.72968E-4,2.94964E-4,8.43378E-4,0.001461157,0.001117672,0.02019116,0.014367731,0.0214716,0.001678516,0.002147442,0.004077184,-0.028903051,-0.06681748,-0.066254442,-0.051981807,-0.086427101,-0.024506717,-0.205363489,-0.022772044,0.011346297,0.097222171,-0.026281422,-0.049290512,-0.136293306,0.030643037,0.048674205,0.139683552,-0.023914344,-0.117976669,-0.123181466,0.003564268,0.046019392,-0.008698921,0.012675936,-0.218816608,-0.088714237,0.005575951,0.003203786,-0.027950151,0.030371241,-0.223431857,-0.066302426,-0.043107207,-0.010735491,-0.056421113,-0.041709809,-0.012513547,-0.112489357,-0.027284111,0.002065886,0.027703419,-0.08068114,-0.030484774,0.044300625,0.094037839,-0.098105421,0.006285446,-0.040005978,-0.030016345,0.149637478,-0.128548754,-0.002268049,-0.10908242,0.016675631,-0.027249191,-0.108984072,-0.080998817,4.13525E-4,-8.9555E-4,-0.018642372,-0.057141577,0.48042709,0.453741745,0.517546094,0.434009194,0.467034247,0.533224694,0.794699452,0.289674905,0.337405559,0.459408646,0.359765536,0.561683685,0.778502845,0.341107048,0.346171471,0.363159916,0.396469263,0.569664089,0.828808101,0.336681212,0.288711494,0.377691518,0.299278995,0.573223399,0.862191938,0.270435414,0.284718243,0.376256279,0.272025429,0.578013352,0.653870427,0.35635246,0.461281827,0.661898793,0.376056469,0.448236624,0.808285114,0.248897704,0.35903078,0.380976617,0.56974693,0.503812735,0.303480859,0.441153747,0.5785731,0.242941835,0.565446908,0.549739887,0.424748207,0.563595405,0.4739042,0.457583843,0.582060265,0.460784816,0.45004114,0.255404605,0.591698234,0.394030646,0.514687262,0.528929657,name,20
-0.308518863,0.700379365,2.164162373,-0.351279311,0.507382332,2.217922613,-0.423024276,0.355959433,2.104961067,-0.207541461,0.427006019,2.406774187,-0.464637867,0.097772232,2.071290627,-0.065341096,0.301672357,2.428312267,-0.416211844,-0.166241089,2.08641432,0.069847565,0.363187451,2.263016613,-0.393921613,-0.251308313,2.08765152,0.116457999,0.403301909,2.203140853,-0.298425757,0.166796783,2.25305304,-0.287783208,0.098729527,2.26339024,-0.327453195,0.005142481,2.199862493,-0.222588284,0.029196746,2.339784173,-0.362960771,-0.477775596,2.311412333,-0.271401357,-0.502715276,2.567837533,-0.396265812,-0.873545955,2.308017853,-0.295827533,-0.869884585,2.624942187,-0.337587087,-0.929922936,2.273271747,-0.214203063,-0.917336732,2.687250667,0.00681578,0.003825928,0.009609258,0.003158888,0.003278676,0.003890251,0.012287742,0.001455733,0.001931988,0.018609536,0.012218437,0.034984412,0.017123586,0.004632618,0.004288389,0.03405589,0.018597905,0.105297189,0.027029918,0.002310899,0.00198034,0.050229177,0.013409717,0.160178813,0.026889017,0.005430183,0.003926494,0.080214336,0.015604677,0.177088467,0.007859294,0.003786835,0.007162352,0.009039208,0.004058282,0.007925802,0.016711179,0.002609333,0.006541212,0.004811794,0.00867269,0.011036955,0.001846517,0.004275376,0.008992937,0.002840797,0.006485311,0.016002543,3.23817E-4,3.76279E-4,3.22061E-4,0.001434441,0.00153091,0.00109764,0.017810711,0.013317722,0.02450197,0.002027396,0.002816673,0.004019847,-0.115197835,-0.096525558,-0.038581758,-0.104198573,-0.106782022,0.022917923,-0.204533687,-0.060033818,0.007673843,0.148162981,-0.019646729,-0.099730997,-0.118632274,0.009151819,0.032845196,0.110485856,0.0423895,-0.100796278,-0.016003207,-0.006772638,0.034101809,-0.076051766,-0.011462413,-0.165791319,0.008828547,-0.051872849,0.067858707,-0.069148968,-0.015622477,-0.192363132,-0.119978166,-0.024300022,-0.072457965,-0.11753433,0.009085062,-0.069249326,-0.145320541,0.020810053,-0.037653076,-0.034291816,-0.04626976,-0.082852485,0.036950906,0.051821172,0.157910918,0.041057092,0.031157433,-0.016181785,0.029321973,0.051364698,0.043810652,0.082401525,0.036376175,-0.020157118,-0.052160605,-0.055611526,-0.059157516,-0.015694976,-0.030970037,0.010211251,0.437820829,0.557032761,0.478854682,0.452939654,0.493380328,0.507091116,0.839166711,0.280222018,0.280704341,0.465891524,0.356870464,0.547390881,0.790981464,0.438945201,0.275342025,0.394272691,0.335031917,0.584808318,0.878625131,0.36721777,0.196204135,0.358725774,0.175083546,0.618642245,0.892001478,0.276630841,0.226003335,0.345791766,0.175503665,0.614822008,0.560286629,0.35925481,0.508758979,0.57080688,0.367551768,0.500882467,0.794434573,0.263879074,0.361256042,0.39692829,0.429562099,0.559970796,0.33639667,0.481173933,0.541822947,0.248962569,0.554482878,0.55399897,0.484975045,0.569926538,0.457729958,0.592187889,0.580772925,0.380431547,0.509410754,0.270871768,0.565963744,0.374834856,0.486124141,0.551468727,name,20
-0.583580734,0.548507083,2.387660434,-0.635408185,0.366950438,2.384627677,-0.700642098,0.228775117,2.267973242,-0.499666336,0.238909123,2.52751898,-0.748411426,-0.023906627,2.217013202,-0.363209507,0.138362022,2.550610434,-0.711134509,-0.238732097,2.203739798,-0.262579952,0.253442061,2.451377121,-0.705554869,-0.315712185,2.205646566,-0.227929523,0.287470673,2.428709909,-0.590259969,0.014203448,2.393924222,-0.571219513,-0.054739238,2.391237869,-0.604877566,-0.124590435,2.335641091,-0.515697078,-0.124615154,2.444578,-0.679926001,-0.523377307,2.399748586,-0.559948637,-0.508518122,2.568938212,-0.717918649,-0.876988329,2.450852192,-0.540536286,-0.856511819,2.612803253,-0.686336701,-0.944219267,2.425061172,-0.467481671,-0.925267473,2.620913505,0.00537578,0.002832776,0.01244943,0.005180829,0.002345455,0.010876882,0.005008082,0.001835167,0.008001228,0.008716792,0.007391803,0.010301852,0.006715901,0.00279783,0.006788414,0.022740855,0.017220174,0.089839701,0.008548253,0.006105727,0.007841886,0.053173061,0.013792695,0.140631514,0.011002694,0.003944971,0.007290623,0.067633788,0.018610669,0.14627683,0.004664708,0.001875141,0.0071157,0.004802997,0.002061197,0.006668832,0.005289523,0.002109312,0.00655183,0.00557152,0.002314857,0.006393038,0.002257279,0.001055913,0.003798,0.001892086,9.44912E-4,0.003864,3.25888E-4,0.001048312,0.001029523,8.19774E-4,7.12841E-4,8.29856E-4,0.001287894,8.30565E-4,0.002800534,0.001401677,6.9567E-4,0.003992881,-0.083746151,-0.059543315,0.081009437,-0.207934008,0.10138481,0.042226327,-0.037652002,0.060180978,0.029766178,-0.028544836,-0.046054111,-0.050625103,0.002821284,0.146789711,-0.039025648,0.037565815,-0.057198599,-0.101628551,-0.002435149,0.122851106,-9.33E-5,-0.034676369,-0.022768232,-0.104692129,0.031408287,-0.0076994,-0.001429439,-0.025716383,-0.022437457,-0.100437737,-0.186225246,0.006092758,0.113666138,-0.190235014,-5.17E-5,0.140323056,-0.100622523,-0.070724872,0.105387894,-0.038033102,-0.090713307,0.124469901,-0.037195932,0.002468665,0.034452849,-0.123487048,0.046761347,0.102777901,0.068864259,-0.04906766,0.052914496,-0.02954398,0.06362618,-0.025205938,0.032429766,-0.0709055,-0.046517609,-0.091903696,0.041175603,0.048490563,0.273984532,0.337534773,0.623246788,0.316370954,0.343763672,0.597439476,0.404853924,0.277641588,0.609066248,0.465385627,0.541518404,0.485708813,0.469898819,0.485981819,0.503964521,0.293440388,0.298275742,0.628140938,0.554088589,0.548061089,0.428461428,0.336025173,0.200921584,0.637428643,0.695671933,0.409856591,0.410361727,0.392980402,0.197787024,0.622368303,0.395275268,0.393296525,0.555741104,0.420267424,0.475465962,0.505352213,0.515416584,0.405926244,0.510707553,0.436124832,0.475343944,0.516024875,0.403392553,0.408401711,0.572920752,0.379295759,0.525671293,0.515094446,0.322827713,0.567459059,0.524732548,0.542175285,0.573689391,0.424539375,0.401648028,0.416387365,0.567707272,0.46976226,0.384452808,0.550599452,name,20
-0.580948426,0.551819198,2.395735459,-0.623288628,0.366206848,2.40094718,-0.702298816,0.229750143,2.28529141,-0.480937543,0.238933346,2.528620557,-0.748406459,-0.026753931,2.238745672,-0.354074652,0.118565255,2.549898967,-0.713857969,-0.234790267,2.220845246,-0.243693115,0.228734343,2.458054656,-0.708753169,-0.309851233,2.220399033,-0.21118663,0.264303354,2.435466016,-0.589294215,0.014994835,2.40749818,-0.565470959,-0.052171798,2.396277754,-0.604909903,-0.121781807,2.342694672,-0.506830769,-0.12332351,2.44424341,-0.681059408,-0.52550312,2.397487836,-0.552510654,-0.508026207,2.569484279,-0.717298582,-0.878734526,2.451657311,-0.538782418,-0.857649689,2.612640787,-0.686062269,-0.94506271,2.423402803,-0.465984482,-0.92595307,2.618586689,0.004052754,0.00186995,0.008943688,0.003512641,4.95649E-4,0.008441088,0.008708315,0.001568401,0.010492261,0.005717486,0.003962918,0.009680354,0.009085008,0.001807747,0.016112995,0.018596849,0.015196048,0.080565535,0.016280348,0.007388437,0.016698291,0.050428692,0.012975069,0.141261776,0.018649579,0.003355419,0.017298666,0.071961268,0.01516608,0.148362715,0.004071577,6.50549E-4,0.005462811,0.003679087,6.26194E-4,0.002686467,0.00713136,5.31628E-4,0.003548657,0.001415602,0.001409082,7.28302E-4,8.84916E-4,9.42981E-4,0.002377732,0.001689088,0.001381086,0.00163391,2.92648E-4,8.97238E-4,8.13674E-4,9.30505E-4,4.21154E-4,3.40303E-4,5.18261E-4,9.60252E-4,0.00237027,0.001964067,0.001275813,0.002552102,0.048637083,-0.047587591,0.187714114,-0.070993741,0.038329075,0.046907036,-0.082006521,0.074164238,0.077518645,0.237133278,-0.133609783,-0.202341887,0.027052423,0.092224023,0.067743829,0.084119205,-0.016360481,-0.150169655,0.078709924,0.04416443,0.008932658,-0.007658413,3.29853E-4,-0.172549484,0.104977901,0.092147614,-0.027032293,-0.046669308,-0.007131581,-0.16044861,0.132421687,0.01811055,0.064824856,0.007342567,0.011803191,-0.010954315,-0.085566276,-0.039872368,0.014561311,0.100259143,-0.092114917,-0.038762969,-0.103058527,0.013797061,-0.077140757,-0.077164585,0.00164294,-0.050894691,0.035192901,-0.049939577,0.054551989,0.065148852,0.077968555,-0.052329179,-0.091612959,-0.045674373,0.033900721,-0.076734075,0.070699688,0.050972355,0.294350356,0.419543145,0.567591273,0.363029129,0.169121301,0.637122269,0.53905782,0.182394508,0.563397949,0.46704409,0.296767364,0.509197686,0.440939606,0.26998938,0.590461197,0.277025237,0.288964525,0.620391089,0.58504983,0.387323474,0.491216246,0.377710828,0.151925385,0.615218542,0.618778197,0.301753806,0.493998448,0.440536196,0.14556625,0.59726878,0.500070707,0.24356727,0.568872476,0.693396113,0.359507403,0.431769121,0.770405077,0.212669496,0.409322604,0.511412462,0.559194608,0.439994768,0.391827995,0.545879852,0.504345112,0.551408784,0.508182617,0.452608482,0.269325909,0.647636787,0.490671853,0.591354732,0.514311885,0.420150395,0.469094372,0.441557416,0.52693467,0.473262616,0.357289583,0.554684148,name,20
-0.574234632,0.542511403,2.385305952,-0.623175427,0.36055631,2.401207581,-0.705577208,0.226618574,2.28847721,-0.481152053,0.236334485,2.526960806,-0.752095969,-0.03012888,2.245095742,-0.36179079,0.111487536,2.554282952,-0.717731069,-0.232238865,2.226943048,-0.248391803,0.203451161,2.459536806,-0.711178976,-0.312556416,2.227924,-0.214464905,0.233523098,2.44235521,-0.592219816,0.011856643,2.41046629,-0.565676126,-0.054190342,2.396138613,-0.605574547,-0.123924761,2.343065194,-0.506074216,-0.125102808,2.442990323,-0.681322506,-0.526375329,2.39897221,-0.549630166,-0.506610898,2.568074645,-0.717418045,-0.877990869,2.452189758,-0.538759376,-0.858627366,2.613488468,-0.6862497,-0.944114092,2.423195194,-0.464601376,-0.926647911,2.620791871,0.003783081,0.001502253,0.008531423,0.001203163,8.00483E-4,0.007686234,0.007608725,0.002298775,0.010179925,0.005021933,0.006048292,0.011500903,0.010218252,0.001545036,0.015159051,0.01637143,0.015974345,0.085861097,0.016618183,0.008385966,0.014788546,0.063305503,0.011973932,0.15280076,0.017381344,0.004193977,0.012844153,0.084801945,0.019751812,0.154967011,0.002322773,0.001537169,0.004791539,0.003366793,0.001953538,0.003563809,0.006500438,0.001206989,0.003714547,0.001705702,0.002564242,0.003331555,0.001462035,8.83279E-4,0.002028297,9.95407E-4,0.001807532,0.001863665,5.94221E-4,0.001323212,6.33605E-4,7.36522E-4,6.91708E-4,2.96026E-4,6.75565E-4,9.13082E-4,0.001920904,0.001184016,6.0754E-4,0.002906666,-0.106240071,0.013028869,0.141568533,-0.03242662,0.072735573,0.084621178,-0.130944469,0.077142082,0.104169184,0.256068509,-0.113342329,-0.046383177,-0.114750465,-0.004710356,0.145826703,0.028756643,-0.0388668,-0.205021417,-0.115098556,0.085489688,0.102866421,-0.040178551,-0.045818556,-0.209164917,-0.098315635,0.02384609,0.117388084,-0.07015573,-0.036321547,-0.191445088,-0.064193794,-0.039508698,0.022029936,-0.19595799,-0.035625352,-0.074016354,-0.235804467,-0.061174949,-0.079331946,-0.072284397,-0.167569479,-0.179354394,-0.018137,-0.005961788,-0.023207076,0.098746016,-0.015263882,-0.208986003,0.062628262,-0.147908887,-0.006462918,0.054719364,0.014040456,-0.011470085,-0.113470953,-0.104229724,-0.013779569,-0.067874053,0.020026525,0.146581433,0.36405859,0.428502165,0.554557875,0.26008593,0.207082279,0.6527161,0.465067573,0.236079498,0.577083601,0.457192659,0.442883263,0.497171706,0.45156526,0.268635366,0.570480608,0.243189452,0.322776774,0.60516898,0.578694338,0.388794146,0.47705107,0.371838249,0.215344512,0.59424773,0.643811136,0.436887912,0.412206637,0.414191594,0.185754675,0.590211642,0.420161885,0.448892447,0.547176683,0.611253176,0.506574214,0.388524909,0.775852629,0.302923125,0.329229682,0.440391105,0.598893524,0.407276044,0.500668306,0.526542367,0.476563572,0.476686598,0.616045196,0.372783489,0.39038652,0.634758121,0.448319007,0.573247468,0.523328568,0.434516978,0.44699534,0.362827766,0.560197774,0.279281473,0.351769799,0.605433598,name,20
0.031884602,0.606421619,2.117756505,-0.002257403,0.418642553,2.146499196,-0.103844434,0.280574233,2.061055753,0.145415969,0.334155599,2.264226649,-0.169680372,0.022191177,2.021359557,0.223669972,0.153074621,2.264587742,-0.135823533,-0.18773011,1.997523062,0.255903652,0.214072662,2.068967052,-0.117020456,-0.264265087,2.001848227,0.26934054,0.244243456,2.028229722,0.030511584,0.050575305,2.153558464,0.054655884,-0.019513799,2.135647701,0.002760528,-0.089268171,2.093687629,0.123657734,-0.083264586,2.170512825,-0.071227269,-0.541059807,2.201440309,0.111011778,-0.540396544,2.350278361,-0.105527785,-0.863780715,2.273917268,0.107670631,-0.883170969,2.409125546,-0.059992609,-0.909674035,2.223827464,0.186711921,-0.941218753,2.412236062,0.003241935,0.003659726,0.0094605,0.00258087,0.003563507,0.002809285,0.004985614,0.001447948,0.003585951,0.007614125,0.014584056,0.012199639,0.005338213,0.001537059,0.00702022,0.017771548,0.012281431,0.075465483,0.009871505,0.003182365,0.008255408,0.078304926,0.013255676,0.083867645,0.013364799,0.002270395,0.007040681,0.098098096,0.009130603,0.067895542,0.004138922,0.002474913,0.00232392,0.005029195,0.002846,8.75401E-4,0.007818981,0.001863169,0.004776951,0.00526668,0.002231039,0.004114643,0.001624024,0.001223758,6.44914E-4,8.0228E-4,0.005096661,0.002093783,2.8268E-4,6.91727E-4,6.07975E-4,5.84443E-4,7.88578E-4,5.9738E-4,0.012586131,0.008210103,0.013440422,6.95289E-4,7.09607E-4,9.15987E-4,0.17716525,0.128729543,0.219337933,-0.09117007,0.195637273,0.052408425,-0.170460508,0.080000559,0.047906392,0.022905904,-0.035224824,-0.076706253,-0.017511747,0.032522843,0.077818624,-0.023519538,-0.056236543,0.012398483,-0.053981557,-0.010919742,0.091451571,-0.043236151,-0.004717045,-0.017600062,-0.120377685,-0.028428977,0.092026973,0.024672148,0.014745792,-0.047926448,-0.094299742,-0.02041844,0.030825811,-0.130852779,-0.002444714,-9.59428E-4,-0.128123568,0.046713597,0.115474645,-0.183081184,0.042101825,-0.063374161,0.11959998,-0.046198062,0.144929632,-0.004950902,0.235675387,-0.085832456,-0.02246253,0.008863109,-0.069289643,0.033326213,0.037674195,-0.02663475,-0.093822739,0.019313197,-0.143485073,-0.077843919,0.029077789,0.016523568,0.488294343,0.282589184,0.512648221,0.425438779,0.266967452,0.585103348,0.660172386,0.24034044,0.477246347,0.462185105,0.548700608,0.48021962,0.510760255,0.219950202,0.577370313,0.395010804,0.365162388,0.589975067,0.609954942,0.364425542,0.48206144,0.590779834,0.267021565,0.532317907,0.774539924,0.182413833,0.402382722,0.687188225,0.186525539,0.488409357,0.669318715,0.5059828,0.370304343,0.747646788,0.529000591,0.258318873,0.685631399,0.314558952,0.432901525,0.621149704,0.414475147,0.440563043,0.587904465,0.463591706,0.430103454,0.204260585,0.839001416,0.294026733,0.394396625,0.541835946,0.514857804,0.453366396,0.531483293,0.498787439,0.566668302,0.318806589,0.507915639,0.434808889,0.471911889,0.533991978,name,20
-0.065726258,0.641646265,2.334752722,-0.081151223,0.453290704,2.354067253,-0.203403485,0.316938106,2.278992354,0.087280492,0.385536942,2.426806481,-0.281008043,0.058721108,2.252075494,0.245930276,0.372964485,2.325826532,-0.284466394,-0.14830707,2.237523911,0.262797995,0.438416122,2.167603316,-0.278583597,-0.214838766,2.234050797,0.271170397,0.452214238,2.132340835,-0.055911427,0.098562514,2.36423257,-0.042667216,0.02923509,2.352405785,-0.106108772,-0.051369578,2.310039886,0.034494867,-0.040852292,2.388967139,-0.146713625,-0.471157286,2.398139873,0.051131279,-0.486634301,2.53037143,-0.170675259,-0.847469291,2.491993494,0.096080047,-0.85347479,2.606166165,-0.135610052,-0.891805965,2.425987759,0.139721262,-0.917466249,2.588164418,0.004553286,0.003651244,0.008715545,0.006765244,0.004895846,0.007452541,0.002960412,0.002999323,0.006969324,0.017262993,0.012547107,0.03800147,0.002707421,0.002803641,0.005687945,0.071561593,0.017550999,0.128764285,0.003971782,0.00278742,0.007977285,0.200199218,0.01064105,0.148565021,0.003438373,0.00308309,0.008953451,0.22601406,0.010325954,0.13928935,0.003233223,0.005178652,0.006585924,0.001473758,0.006270554,0.002088944,0.001964498,0.002770396,0.003550021,0.002906286,0.003360865,0.001958857,0.004488402,0.011992406,0.00331322,0.002581156,0.009145067,0.004105899,0.002250805,0.006569186,0.003271551,0.001852501,0.005754614,0.002541517,0.007389005,0.006672126,0.004619932,0.006471751,0.003075987,0.004360283,-0.042167735,0.074511806,0.132284057,0.101791704,0.13883473,0.275199649,0.017506902,0.086325974,0.201997618,-0.122343193,-0.066123069,-0.217980977,0.044627458,0.089289855,0.1336749,-0.161786779,-0.013678076,-0.157221344,0.113411804,0.043333416,0.137725284,-0.099854056,0.008393023,-0.033071088,0.124827595,0.048994552,0.115409334,-0.165301552,0.022469538,-0.086909834,0.043965596,-0.062540349,0.285837339,0.101339204,-0.067849717,0.231073629,0.078127519,0.129532593,0.147819496,0.010009938,0.197459157,0.144701885,0.026866326,0.067452835,0.01506131,-0.021783223,0.052645355,-0.01531717,-0.00991178,0.037469238,0.016679331,0.052186558,0.040332981,-0.060163515,-0.102125362,0.010950879,-0.014570108,-0.081528004,0.026243732,0.105629029,0.556574929,0.448923609,0.465295867,0.51393495,0.470900668,0.398669482,0.611159913,0.360900985,0.443228544,0.280518256,0.419669749,0.555215483,0.462990318,0.427916243,0.521257599,0.445904138,0.205526459,0.578505369,0.467161423,0.331094522,0.550438116,0.634122902,0.143187609,0.52544243,0.440066826,0.406868151,0.539808251,0.689547358,0.160296868,0.470384023,0.427943046,0.554098438,0.403484228,0.430339087,0.671894967,0.337136369,0.516177371,0.48847732,0.455353088,0.482635647,0.535131771,0.43924405,0.434388865,0.772732669,0.312706932,0.320916292,0.814487745,0.329423003,0.351856587,0.737572336,0.39829543,0.414661873,0.706117839,0.39044497,0.421875115,0.68028021,0.409453862,0.602886828,0.38461517,0.472095045,name,20
0.045152905,0.604583814,2.115131846,0.001493923,0.418616203,2.143838846,-0.098663177,0.281203268,2.059864567,0.144997091,0.332020371,2.259489865,-0.167422089,0.024164771,2.3242312431666665,-0.009519743722222215,0.24386362472222217,2.277114837,-0.133522328,-0.186718408,1.995876462,0.254072864,0.209710326,2.086361346,-0.114612712,-0.26272674,2.000124981,0.271679363,0.242764571,2.042696769,0.036709587,0.047875219,2.150758519,0.059153931,-0.023367858,2.135795788,0.008552555,-0.09193107,2.094741019,0.126501466,-0.086709347,2.170882404,-0.070326109,-0.541130996,2.20026624,0.112455773,-0.538062991,2.34907149,-0.10554291,-0.86518018,2.274208385,0.107976946,-0.883239905,2.409386702,-0.062734839,-0.913023187,2.227184471,0.187079547,-0.941222703,2.41276724,0.003777549,0.00212698,0.005925412,0.002285829,7.95901E-4,0.002141476,0.004722446,0.001333971,0.003277132,0.006911958,0.018848545,0.009160131,0.005122564,0.001676298,0.006735537,0.017936031,0.014255298,0.08377352,0.008299799,0.002937004,0.007637705,0.077863516,0.011180764,0.090401771,0.010417372,0.001637075,0.006143699,0.096132515,0.010554448,0.07630724,0.003694563,0.002173476,0.00181689,0.004188977,0.002816119,9.93803E-4,0.006505927,0.001864417,0.004124702,0.00394349,0.002161308,0.004878531,0.001675121,0.001754782,0.001254917,0.002118122,0.005341129,0.001877892,2.84388E-4,6.46061E-4,7.38157E-4,0.001015511,9.00329E-4,6.35048E-4,0.015728836,0.010513273,0.016629837,9.11107E-4,0.001117487,7.54735E-4,0.073144465,-0.040637296,-0.092809869,0.134690678,-0.05114993,-0.05284664,-0.128952941,0.08310038,-0.032108542,0.120634398,-0.102092586,0.006013276,0.010020448,0.057720892,0.004651975,0.053650658,0.020837708,-0.004696188,-0.022809444,-0.042090163,0.010758313,-0.026961983,0.030602641,-0.114152679,-0.081263028,0.016700694,0.001438792,0.008042601,0.026728857,-0.042808758,0.035191455,0.051667325,-0.056431432,-0.027618032,0.12559039,-0.028653538,-0.081746296,0.01925813,0.104079375,-0.080379151,0.078209232,-0.065984835,0.224284285,0.127046667,0.064760551,0.037780594,-0.030586427,0.025129138,0.04097335,0.004388655,0.026308316,0.087857224,-0.002799621,-0.059456101,0.024775451,0.022381309,-0.004646633,0.099240683,-0.016236077,0.025877852,0.492958134,0.260564855,0.572243575,0.432645908,0.270596453,0.592995426,0.661446624,0.286563418,0.471601565,0.39223077,0.5291891,0.51532229,0.470457956,0.278214462,0.586535656,0.425254598,0.400049523,0.568340068,0.582619512,0.389855853,0.498151757,0.536855791,0.260965233,0.550445254,0.732690653,0.282492842,0.428193804,0.651309175,0.2581834,0.497464325,0.65360145,0.536870907,0.363654572,0.704302925,0.597712939,0.243550466,0.675856796,0.333698517,0.443371723,0.487465468,0.480811865,0.499998243,0.49573279,0.492714737,0.461635014,0.239258795,0.849986835,0.321642518,0.431421638,0.531688017,0.509098335,0.464552344,0.560871527,0.471680542,0.590767983,0.339111511,0.512405438,0.544809522,0.479384348,0.475448032,name,20
