-0.540551903,0.537779594,2.404474844,-0.563678481,0.358673501,2.464794914,-0.711511173,0.2534696,2.42157107,-0.413189295,0.262925472,2.473820758,-0.815443356,0.185205682,2.294186602,-0.284113486,0.184489401,2.361354938,-0.71656213,0.308130257,2.189453906,-0.33844403,0.315960578,2.225114164,-0.699327559,0.338110702,2.179487969,-0.347808241,0.34988903,2.202158484,-0.554469695,0.027583655,2.479088594,-0.544252953,-0.032927272,2.436177164,-0.608862416,-0.103159063,2.411637945,-0.472804304,-0.100063184,2.446142875,-0.655775175,-0.507074708,2.518946656,-0.470208957,-0.520727121,2.557169094,-0.673124717,-0.861493388,2.578393742,-0.463855079,-0.858079178,2.593837844,-0.70159298,-0.934405652,2.554827234,-0.4233594,-0.934697214,2.571367,0.004829057,0.004513986,0.008398294,0.002809909,0.003379299,0.004344195,0.005682582,0.013663527,0.004097856,0.004460163,0.016637275,0.013151029,0.029364892,0.097775756,0.063477993,0.020095597,0.099338452,0.054373094,0.027135257,0.172525928,0.025671218,0.017615336,0.162876755,0.015160045,0.024453474,0.198251371,0.021700997,0.015499276,0.182415004,0.018598833,0.001350346,0.010049369,0.003897598,0.001116082,0.012012363,0.002452993,0.002163731,0.013039889,0.00291925,0.001700417,0.012571811,0.002421454,0.001505301,0.010652972,0.003723244,8.11134E-4,0.008366274,0.002383979,4.7365E-4,0.001906691,0.001608441,7.82651E-4,0.001303718,0.001537578,8.50734E-4,0.001142753,0.001912975,6.06851E-4,6.7075E-4,0.001466304,-0.044661903,0.024342566,0.276481318,0.030914869,0.073162686,0.24166351,0.113759599,-0.097123405,-0.124106684,-0.062644834,0.200687109,-0.093589882,-0.023914225,0.346249383,-0.026488177,0.10603294,0.318187951,-0.089800423,-0.169410162,0.364574209,0.039212456,0.080856788,0.411398883,0.020673511,-0.112138661,0.478320927,0.050537185,0.064968576,0.414670101,0.037721019,0.004694505,-0.178979314,0.100536479,-0.010834488,-0.227265091,0.062800371,0.004063659,-0.125017064,0.116406116,-0.021215911,-0.126926313,-0.033343395,-0.066463153,-0.062460859,-0.027139149,0.015064518,0.262766267,-0.053315413,0.012427042,-0.018189154,0.252226589,0.013409071,0.002831796,-0.049719868,-0.160648748,-0.075094941,0.008638276,-0.060561216,0.076083458,-0.022532607,0.464584742,0.50348047,0.427842934,0.51245736,0.485757796,0.4298095,0.434381927,0.720266727,0.339894318,0.405441953,0.649077894,0.414871609,0.402315954,0.613994263,0.406482209,0.420654218,0.575039228,0.421235323,0.476352798,0.613545414,0.333758793,0.335985269,0.669043427,0.356081626,0.372768181,0.664981464,0.285091895,0.261855028,0.680219598,0.374454054,0.336765156,0.7497752,0.363228566,0.350729621,0.845752502,0.216440662,0.418264288,0.786173255,0.279311161,0.443692671,0.780853447,0.288616371,0.286646287,0.80024163,0.36035007,0.214867209,0.818337924,0.316806542,0.264292745,0.507619939,0.517624315,0.355524141,0.521943538,0.542278135,0.390801971,0.375287544,0.577370661,0.464685804,0.524213491,0.495398354,rain,22
-0.012846354,0.633799153,2.288274423,-0.009689354,0.443531162,2.330677192,-0.190572727,0.349935095,2.339911859,0.152905051,0.353162176,2.330787731,-0.339225559,0.276689033,2.245315731,0.307567232,0.282186545,2.211628756,-0.313744363,0.291198044,2.05051891,0.27846266,0.292872304,2.027466987,-0.296436271,0.30255236,1.993637744,0.262318603,0.306423715,1.975171654,-0.016761826,0.092831687,2.346684679,-0.019565537,0.028100216,2.301077821,-0.098455227,-0.048091584,2.291723333,0.055680943,-0.049069877,2.294327192,-0.130782579,-0.524604399,2.442759897,0.093728997,-0.527480399,2.4138985,-0.146815163,-0.875900447,2.508997538,0.089683456,-0.883608479,2.465431885,-0.191347992,-0.931127213,2.490359256,0.128143549,-0.947565479,2.435105128,0.003149352,9.2801E-4,0.003986521,0.001380012,8.58458E-4,0.004866475,0.004395399,0.009874658,0.007332043,0.00236143,0.005000099,0.004952059,0.022469323,0.097452229,0.059546363,0.013040318,0.085280497,0.047456491,0.02402571,0.219635111,0.053329104,0.021169295,0.2012412,0.051311913,0.030461683,0.272125541,0.050228342,0.035480266,0.249549886,0.039060171,0.002341046,0.00515906,0.003801811,0.002388811,0.005871895,0.002520186,0.002768084,0.004945769,0.002777136,0.00246498,0.004752595,0.00298453,0.001749312,0.001716555,0.00588862,0.00131747,0.0027799,0.003766626,6.87159E-4,9.73841E-4,5.59738E-4,5.0222E-4,0.001675755,5.80815E-4,0.003607415,0.001850824,0.00413096,0.00238056,0.001623116,0.002359792,-0.238177874,-0.082005948,0.27513303,-0.150574021,0.013941292,0.15677728,-0.139825161,0.163592257,-0.077615255,-0.004579579,0.137192756,0.083824955,-0.018228619,0.132686956,-0.128732262,-0.005858402,0.17526443,-0.101261722,-0.007530225,0.223554158,-0.045140029,-0.07033558,0.250520718,-0.089153385,0.01817502,0.208330009,-0.053771413,-0.070259993,0.238499258,-0.039882948,-0.206314065,0.156182623,0.238085037,-0.148387302,0.217578529,0.155741713,-0.124225998,0.300225558,0.048927683,-0.149554705,0.226678081,0.138705372,-0.081842224,-0.071666632,-0.220355097,-0.043373814,-0.237256405,-0.165280768,-0.092516096,-0.153734357,0.069761054,0.033339872,-0.049655121,-0.004108025,-0.060872381,-0.018542921,-0.049793856,0.018843707,-0.034223019,-0.034459773,0.417341685,0.422783463,0.456318279,0.415931806,0.351128319,0.555770684,0.392659152,0.61736518,0.443041933,0.269307275,0.595325246,0.513201294,0.314650045,0.657900031,0.449127142,0.279886139,0.746799344,0.386679422,0.225684048,0.796313918,0.351534297,0.22845589,0.810602223,0.310688575,0.20100873,0.828881745,0.323578454,0.231859626,0.865011982,0.244094817,0.3191942,0.630767654,0.390250449,0.347681118,0.707273733,0.351065337,0.320468684,0.653391836,0.415694246,0.331644889,0.662111034,0.403080764,0.30924926,0.585746431,0.467930076,0.256282109,0.742434641,0.357666665,0.382462521,0.614464366,0.458638069,0.332596111,0.652582003,0.472690024,0.447958324,0.329010649,0.57834816,0.598187052,0.393421153,0.485001606,rain,22
-0.53799636,0.54052713,2.408861416,-0.557701653,0.360428695,2.468089416,-0.703435341,0.255060835,2.425299376,-0.409925434,0.260807949,2.474740088,-0.792777297,0.176755046,2.282415944,-0.290207733,0.185764479,2.355856688,-0.686198855,0.301032216,2.189011304,-0.366589659,0.308888227,2.23423268,-0.669411396,0.327538863,2.1740516,-0.385782475,0.346522108,2.209413464,-0.551314559,0.02972255,2.482222744,-0.541878682,-0.030510315,2.438554136,-0.607137795,-0.099545616,2.414238888,-0.471234999,-0.096502341,2.448327408,-0.653095616,-0.502354319,2.519704904,-0.46885703,-0.518587256,2.558116544,-0.672826298,-0.860771226,2.577081344,-0.462969539,-0.856946052,2.592007152,-0.701670414,-0.933967754,2.553733816,-0.423340133,-0.935247284,2.57157712,0.004998169,0.002937162,0.008658677,0.004597478,0.004253962,0.006564823,0.006273397,0.014432841,0.004365641,0.007616897,0.016133181,0.014250845,0.019919347,0.089472025,0.053203405,0.021452439,0.095676103,0.061086001,0.01787035,0.174529975,0.020963647,0.027651773,0.17503344,0.030883169,0.01476284,0.198674668,0.023289156,0.037263865,0.203459004,0.036353463,0.001788947,0.011428862,0.006412995,0.002247987,0.013684405,0.003107412,0.002555077,0.015117911,0.002899616,0.002353275,0.014723801,0.002737132,0.001801051,0.011172336,0.003854974,0.001783338,0.013056879,0.003491763,3.86948E-4,0.001349008,0.001295087,7.78942E-4,0.001351606,0.001552738,0.001008873,0.001021377,0.002380284,4.96738E-4,9.67268E-4,0.001086523,-0.050495809,0.022012857,0.101686741,-0.024564998,0.168411375,0.085884833,0.175827433,-0.035159357,-0.016946948,0.124306371,0.106870629,-0.019308071,-0.042594309,0.31564387,-0.05608396,0.090833345,0.324483277,-0.12412907,-0.092987539,0.367655194,0.071286681,0.053055944,0.375850855,0.016044331,-0.027798819,0.525289536,0.049010004,0.040765769,0.38501501,0.028301116,0.015965682,-0.004047889,0.009249216,-0.030798117,-0.081128917,0.043237952,-0.028331932,-0.064033841,0.075925496,-0.075355798,-0.056736111,0.052574829,-0.007924019,-0.231912401,0.075479049,0.051206903,0.315903788,-0.024704626,0.032143758,-0.019638408,0.215119075,0.025977255,0.008557594,0.016865535,-0.111384353,-0.048389117,-0.008253584,-0.034076374,0.00336195,0.041826737,0.518555303,0.482493515,0.482871547,0.551929376,0.521907061,0.430610997,0.460162411,0.732937148,0.324036567,0.458202294,0.677729704,0.383944558,0.370404149,0.604922825,0.436004379,0.388207465,0.59331014,0.414543856,0.433226327,0.639968332,0.346026432,0.357855609,0.675340213,0.361960445,0.291610443,0.657040306,0.309370998,0.35997502,0.698260177,0.333214724,0.357947071,0.724026978,0.411793857,0.315566625,0.813416375,0.331169624,0.36662392,0.782265554,0.338391841,0.380319021,0.769904724,0.346408428,0.257955315,0.762806438,0.372662327,0.314474147,0.758251804,0.326819459,0.365874927,0.554768274,0.477270379,0.386579971,0.564350742,0.511210371,0.448051679,0.450318014,0.535441222,0.427893217,0.509467569,0.521812489,rain,22
-0.123055489,0.694335382,2.373183523,-0.117012886,0.514214577,2.414716554,-0.287402191,0.409451054,2.423426554,0.06203594,0.407123609,2.406233692,-0.384369897,0.22508058,2.320335169,0.150520372,0.227544497,2.314066338,-0.319575846,0.308345484,2.122013846,0.049418254,0.293634871,2.126413215,-0.317715028,0.334241828,2.101075077,0.032656513,0.326456726,2.081933154,-0.114910551,0.148880078,2.431164523,-0.117296757,0.081011704,2.383942354,-0.198364226,0.001240557,2.379564677,-0.035364696,0.003521825,2.371755,-0.220941757,-0.458142112,2.507294385,0.011378578,-0.471324512,2.495690338,-0.219053752,-0.836157131,2.578859892,0.030212904,-0.849453246,2.576421631,-0.281634757,-0.921978348,2.571803969,0.082834022,-0.920762071,2.546737877,0.002266958,0.001739654,0.008505819,0.004783388,0.00585285,0.008711934,0.010785304,0.006260478,0.002384961,0.021139284,0.017031677,0.008376275,0.021836364,0.05298396,0.073675531,0.014220847,0.043777957,0.09017835,0.013434005,0.13006819,0.044792086,0.023147881,0.127066695,0.058610672,0.016198281,0.142042251,0.03896682,0.020526867,0.141567047,0.038259821,0.002232889,0.006935577,0.005677839,0.002276826,0.008516299,0.002824215,0.003791727,0.007504052,0.004955298,0.004150657,0.008215814,0.002089161,7.67582E-4,0.00388163,0.001626747,6.3086E-4,0.005212864,0.00309368,7.08545E-4,8.7277E-4,8.93344E-4,0.001162346,0.00346977,0.001545416,0.001104217,6.10863E-4,0.001996141,0.001453179,0.001398738,0.001391853,-0.025742933,-0.043061416,0.136065446,0.125646839,0.130703181,0.214267159,0.362472631,0.021025774,0.048059922,-0.073355461,0.21796067,0.11048644,-0.093854678,0.121932276,-0.084020203,0.050278628,0.073765013,-0.208563547,0.083665232,0.297176718,-0.088624964,-0.133511275,0.234317025,-0.087395657,0.073374595,0.384209342,-0.079290769,-0.088400346,0.377953379,-0.120399403,0.009284654,0.063271583,0.185238819,-0.161716041,-0.036996669,0.154379763,-0.110071485,0.082163801,0.230339161,-0.216711582,0.003218412,-0.031657008,-0.04974557,0.281004556,0.060979852,0.007107949,-0.030349885,0.186778811,0.023540001,-0.06344977,0.033104849,-0.100400656,-0.080121591,0.043489445,0.065343649,0.016354391,0.021486034,0.089706197,-0.057385951,-0.028080251,0.445364789,0.254229346,0.58362238,0.381465624,0.51273517,0.473984199,0.643935206,0.582811432,0.213861265,0.607380118,0.59368266,0.303722783,0.29798589,0.539141434,0.53222195,0.287975857,0.455694839,0.546505508,0.243766737,0.728858376,0.374807201,0.297910162,0.691132495,0.405326775,0.165374512,0.767379891,0.31622189,0.260847457,0.76245542,0.27616373,0.270963871,0.595786456,0.490988568,0.239051511,0.695386923,0.428546701,0.324174467,0.566496526,0.464454479,0.44378246,0.641918889,0.403502403,0.211267138,0.712225044,0.413650057,0.251473654,0.666588365,0.449970158,0.415574921,0.50364544,0.524945749,0.322695244,0.669092774,0.45384926,0.405493284,0.341745999,0.590598844,0.521849726,0.448845556,0.498731564,rain,22
-0.308335648,0.681512221,2.468415743,-0.306602021,0.491886031,2.534031467,-0.468376991,0.371663597,2.515931362,-0.145849574,0.386136859,2.539826638,-0.563780971,0.260129217,2.383451438,-0.013131855,0.274727203,2.394714648,-0.520766007,0.370621249,2.220296429,-0.075669469,0.378894681,2.223883324,-0.505761909,0.419205322,2.179840838,-0.089833992,0.414905769,2.1847564,-0.297255719,0.132648104,2.549085076,-0.292325432,0.064521736,2.511607267,-0.363538463,-0.009665999,2.499816667,-0.21625661,-0.005284293,2.511493752,-0.404816682,-0.478436194,2.61808181,-0.19513407,-0.478481497,2.623449619,-0.413961398,-0.855168381,2.65338701,-0.196905595,-0.847250204,2.658028152,-0.440216147,-0.93375869,2.624299686,-0.172981758,-0.929253386,2.625118771,0.002445018,0.004155476,0.012479792,0.002759039,0.004294726,0.007277703,0.005425839,0.007033022,0.007008798,0.007956626,0.006987099,0.012055349,0.015725333,0.088797622,0.083358233,0.015954528,0.089594045,0.078066885,0.019731979,0.1982582,0.049487257,0.018311461,0.196656128,0.048547806,0.020850176,0.232126402,0.026651003,0.019354867,0.230916735,0.023296085,0.001060095,0.005311696,0.006697078,8.90255E-4,0.006018689,0.002453993,0.001501704,0.006869716,0.002763917,0.001853712,0.005803219,0.001828541,0.00124697,0.004648336,0.001503103,9.83153E-4,0.003100452,7.61334E-4,8.18664E-4,0.003009961,0.001050715,5.61193E-4,0.002638044,0.001742505,0.010252102,0.00981158,0.017761056,0.001102262,0.001385153,0.002541369,-0.089910909,0.007703073,0.186042502,-0.076895803,-0.003927191,0.262481848,0.048208174,0.148245108,-0.195884944,-0.011397587,-0.00153487,0.026884645,-0.027261108,0.20274386,-0.039174484,0.008480188,0.161652184,-0.015691032,-0.036758568,0.234437781,0.086159513,-0.010546364,0.213164883,0.047914123,0.004627948,0.323926105,0.039141599,-0.02120014,0.320223408,0.024740756,0.010448419,0.009673583,0.213096589,0.05017254,-0.069270142,0.04128724,0.120706234,0.144822152,-0.008406081,-0.014536496,0.087877394,0.08411737,-0.037179736,0.073152675,-0.004994283,-0.011543447,-0.072247182,0.054058825,-0.029791615,0.014259116,0.012142757,-0.110691104,-0.041692371,0.147102137,0.005011004,0.013017442,-0.023820301,-0.036756075,-0.085708232,0.026528612,0.373448449,0.385587293,0.558628886,0.367869936,0.479835147,0.489750338,0.506094012,0.562868007,0.397126585,0.482805825,0.525140514,0.489855892,0.289422569,0.668410995,0.455245271,0.313693817,0.645880252,0.473216153,0.283408977,0.782680964,0.335880235,0.287985399,0.767315614,0.366095356,0.256498828,0.809006825,0.283768093,0.228685522,0.819956781,0.283319302,0.262543066,0.512496045,0.532402703,0.423635615,0.682472068,0.408852862,0.482415615,0.649561368,0.387105878,0.587470024,0.57880199,0.379443194,0.30082902,0.793291211,0.363130013,0.401173208,0.777641281,0.326659932,0.283657225,0.796944019,0.369732569,0.308396209,0.580159756,0.500435579,0.426967149,0.413292125,0.563884354,0.429810167,0.420332939,0.556222282,rain,22
-0.39444645,0.729604769,2.411796661,-0.397442981,0.537388697,2.4628885,-0.549167945,0.407949834,2.407308629,-0.211741365,0.440998019,2.472120887,-0.597723445,0.240953832,2.267456677,-0.133973197,0.260128179,2.333597935,-0.486507847,0.219100145,2.095945774,-0.204446676,0.231729004,2.140131661,-0.434869337,0.220458817,2.030839758,-0.2364606,0.225183408,2.053199323,-0.3699525,0.179248553,2.476609565,-0.359262444,0.10952534,2.453045871,-0.432818685,0.028121728,2.436885403,-0.272052915,0.037805528,2.460908952,-0.446758237,-0.459567597,2.574270435,-0.234468147,-0.485972035,2.604980097,-0.494089955,-0.852565216,2.627693339,-0.17485394,-0.861238569,2.621713226,-0.546677455,-0.921047513,2.606706968,-0.126991115,-0.938591779,2.594140274,0.006898404,0.007987876,0.011210739,0.006602815,0.016756546,0.010094092,0.015336002,0.017982633,0.008987826,0.012437387,0.009747932,0.007368733,0.011509026,0.04828124,0.067821937,0.016640676,0.053385893,0.073920486,0.026325364,0.175161429,0.097254139,0.022295325,0.166030499,0.084557635,0.016692576,0.216525363,0.082671164,0.021502119,0.214778,0.081283174,0.003535561,0.007962282,0.0068856,0.003313139,0.009440169,0.005371161,0.003280794,0.008134264,0.006419475,0.006998733,0.010459688,0.005013939,0.002373112,0.004100735,0.003638885,0.002640611,0.00979395,0.00297855,4.3247E-4,0.001025094,0.00147773,0.001370154,0.004618503,0.001764407,0.001983028,0.00183494,0.002787173,0.00441313,0.004913643,0.009061956,-0.039084434,0.117003468,0.154411141,-0.019127256,0.052068491,0.138323582,-0.128320219,0.255069311,0.009583718,0.182231524,-0.020649184,-0.037340064,0.024948046,0.118617723,-0.217728833,0.099484271,0.103599765,-0.236884351,0.033294075,0.190557388,-0.18532103,0.01073907,0.157639811,-0.154114663,0.032575875,0.221691031,-0.16961282,-0.010713486,0.194510062,-0.102495493,4.21397E-4,-0.024715361,0.10774434,0.036168982,-0.149596827,0.025431175,-0.061042556,-0.137692899,0.041671517,0.049043924,-0.059386849,-0.044130651,0.099662179,0.089971518,-0.200274133,0.052579175,-0.053804222,0.007564659,0.025194427,-0.048138098,-0.035372787,0.044518191,-0.107653654,-0.044086231,-0.081288314,-0.030373882,-0.073184336,0.034524229,1.04922E-4,-0.033462227,0.380438723,0.629374817,0.43521608,0.436825028,0.520571163,0.489782882,0.372237555,0.578442796,0.462277002,0.566778769,0.597892777,0.365972834,0.259127917,0.516905768,0.518636818,0.302460322,0.485589591,0.510534343,0.279390794,0.639189468,0.4410988,0.21041628,0.697522278,0.435395175,0.187406518,0.739945444,0.381742494,0.173473811,0.751065814,0.405886308,0.286877463,0.498053871,0.560816758,0.335610365,0.584270075,0.502100738,0.471518673,0.471349448,0.506220806,0.587997133,0.459267608,0.456591152,0.396127615,0.559067596,0.455123833,0.350815305,0.824527329,0.295652918,0.276262004,0.521055216,0.561357018,0.317282381,0.758492792,0.380711545,0.589688546,0.391713555,0.481608325,0.393974677,0.407703256,0.57388193,rain,22
0.038642383,0.601017629,2.184660102,0.027950164,0.420823471,2.24346299,-0.15102614,0.325644441,2.270848071,0.209216867,0.345739179,2.259945408,-0.302648611,0.220294223,2.214519429,0.37837074,0.274725903,2.208511847,-0.2830113,0.335120893,2.031381969,0.3239419,0.365621128,2.030729704,-0.271474327,0.360594776,1.994517184,0.306096817,0.390228996,1.993546153,0.041464147,0.09102474,2.257586776,0.043061268,0.027206744,2.230780653,-0.033938826,-0.058082855,2.225599041,0.126163614,-0.049198496,2.225067031,-0.075607587,-0.516488412,2.354705786,0.163805273,-0.50965583,2.328378724,-0.100925621,-0.886321978,2.432318888,0.194081396,-0.880916631,2.431316867,-0.124281451,-0.953158201,2.416162582,0.196859651,-0.945007126,2.396619531,0.005051122,0.002848358,0.010317949,0.00251539,0.002458816,0.007347088,0.00394804,0.006260008,0.00512272,0.003138761,0.008154611,0.005268621,0.032789297,0.061045676,0.053659949,0.014872009,0.061761123,0.061346265,0.010902969,0.106887319,0.026597014,0.01663439,0.106413833,0.029495598,0.013369653,0.128081016,0.036943515,0.025609846,0.126452977,0.033287586,0.001237262,0.003681621,0.00658168,0.001313118,0.004619687,0.004830989,0.001459091,0.004196624,0.006267203,0.001109002,0.004467494,0.004557644,0.001525372,0.002660705,0.004502506,0.002135172,0.00377725,0.006540762,0.001041999,0.002689685,0.001556769,0.002695681,0.003190682,0.002476374,0.003925604,0.005240978,0.010833523,0.003246969,0.002642002,0.002282029,0.086610513,-0.091751676,0.24037071,0.015964427,0.067817179,0.205439146,-0.097142488,0.060703179,-0.105052016,0.081808747,0.326310703,-0.090359574,-0.144911012,0.190712414,-0.169353004,0.042260204,0.148197446,-0.271410746,-0.014429316,0.236194872,-0.057710581,0.02279004,0.313418644,-0.096572775,0.019591375,0.317497512,-0.042856343,0.003226554,0.382302237,-0.047620889,0.033765749,0.10874768,0.109728641,0.030058939,0.308770378,-0.06357159,-0.00166112,0.326530289,-0.095556413,0.028982653,0.292167605,-0.23966408,-0.0870402,0.064423011,-0.157172298,-0.001341066,-0.025225672,-0.123366086,0.037966027,0.053060825,0.007973067,0.073590361,0.108449304,-0.020762058,0.022095027,0.060718741,-0.040148323,0.103728463,0.093231636,0.058349835,0.337323449,0.408735711,0.536659763,0.347653147,0.326382994,0.579705693,0.469201457,0.584537509,0.442888477,0.370009951,0.662854155,0.375880044,0.392447859,0.546355645,0.458942701,0.339384271,0.557591318,0.442018833,0.200706045,0.722938778,0.426300441,0.223804587,0.747287254,0.362319204,0.194554287,0.731191026,0.39449725,0.217272929,0.773067682,0.310318407,0.209582603,0.390442817,0.614772885,0.288687571,0.663341542,0.424810138,0.361020556,0.620631715,0.417131164,0.380971482,0.649143601,0.331671076,0.426999277,0.671711818,0.383668318,0.393567568,0.654841406,0.432770801,0.37927353,0.641596174,0.463555528,0.474553417,0.561817556,0.464018277,0.420812129,0.547869595,0.502479737,0.622053079,0.481300583,0.415065396,rain,22
0.036731231,0.609667775,2.207171936,0.028147574,0.428334248,2.260174514,-0.149526079,0.333715617,2.281262991,0.204314559,0.351887403,2.275616835,-0.310857812,0.246487387,2.21678544,0.379075217,0.300787142,2.208721532,-0.284926277,0.354403035,2.026464752,0.326606452,0.404204617,2.025782495,-0.27212579,0.381864663,1.990260505,0.309956032,0.434628297,1.985788303,0.040258602,0.093477915,2.273894385,0.041945379,0.029060749,2.244773239,-0.033593983,-0.054374921,2.237596697,0.122836451,-0.046365033,2.240273257,-0.078001167,-0.520378055,2.360203661,0.161291612,-0.518483481,2.342092633,-0.101801678,-0.888604227,2.432407367,0.193344655,-0.882276217,2.431534606,-0.124736157,-0.955855951,2.415699422,0.197989536,-0.945655387,2.395722459,0.006449089,0.005343843,0.011100596,0.002099786,0.00381684,0.008776219,0.003589536,0.005773487,0.006725191,0.003860661,0.008519533,0.005367546,0.028167202,0.068276751,0.060300934,0.016056203,0.075263733,0.058378009,0.01144511,0.122728582,0.027879485,0.019862896,0.125954876,0.029572305,0.014092546,0.145908961,0.039766706,0.025148365,0.146348366,0.035581825,0.001605448,0.003377045,0.005987373,0.002139495,0.004644949,0.00490712,0.00246371,0.004557428,0.005271317,0.002297147,0.004894904,0.006017288,0.001278516,0.002715225,0.003307925,0.001048275,0.002961026,0.0035815,8.28897E-4,0.002570628,0.002053481,0.001879758,0.003188725,0.002012763,0.001573882,0.002192051,0.002975485,0.002220839,0.002331092,0.002359733,-0.147807815,-0.140044281,0.118280209,-0.069676928,0.032766627,0.254359098,-0.132219107,0.253472165,-0.029830861,-0.121317527,0.300312384,-0.142488198,-0.07443108,0.193175155,-0.169461168,0.015143642,0.157809884,-0.127178289,0.019931094,0.228063635,0.010051846,-0.032707996,0.28085716,-0.061729205,0.043525694,0.336720058,-0.063223785,-0.056099254,0.331327708,-0.076477919,-0.00618835,0.106258966,0.140581286,-0.108101791,0.222447095,0.018762846,-0.132255139,0.226644058,0.025075845,-0.191116148,0.254557044,-0.132200814,-0.085330437,-0.129282267,0.001859719,0.009598681,0.017153711,-0.011693822,0.029018932,0.163171336,-0.050269926,0.06086127,0.042668205,0.008834895,0.101419497,0.100034138,-0.03935544,0.001374663,0.007310578,0.061743507,0.459218652,0.427262911,0.513430836,0.389759842,0.39610399,0.522183393,0.508420122,0.522098911,0.433231703,0.353706881,0.614694051,0.412870946,0.397339677,0.55167225,0.462223015,0.356721041,0.593314213,0.476159071,0.241336789,0.700737017,0.440661677,0.230199107,0.721686309,0.405299635,0.181522941,0.75404142,0.363868753,0.207719883,0.803118175,0.297336133,0.281276202,0.418963158,0.585135868,0.294209359,0.572471005,0.506958011,0.329388272,0.596033533,0.477609862,0.319873622,0.486490253,0.507054345,0.402950367,0.709599066,0.387696119,0.41329145,0.704308409,0.402004103,0.315661659,0.631369099,0.479400294,0.426545091,0.590914266,0.47638586,0.388249879,0.553088279,0.505217332,0.531561071,0.494304733,0.477543419,rain,22
-0.01343426,0.628607203,2.276207218,-0.010192163,0.439673471,2.330010526,-0.188789349,0.340221282,2.340143077,0.148821599,0.348884185,2.333914141,-0.323851941,0.207300579,2.266437513,0.27930031,0.219121633,2.242932026,-0.300901731,0.19201962,2.078148564,0.261968599,0.198086789,2.062504038,-0.28880985,0.190325563,2.017822551,0.251786331,0.193563269,2.006921205,-0.016247052,0.086396787,2.345733051,-0.018531558,0.021407261,2.299210051,-0.096446065,-0.054095678,2.288155385,0.056332594,-0.054486264,2.294046551,-0.132215336,-0.527191015,2.441126115,0.09543933,-0.527362755,2.41515609,-0.147065958,-0.876773497,2.509108115,0.090094321,-0.882845277,2.465426269,-0.194369919,-0.932270174,2.490545333,0.128743267,-0.947382536,2.434953795,0.001754537,0.001760186,0.00622058,6.14523E-4,0.001713103,0.003671692,0.002798035,0.005044662,0.00389649,0.001372072,0.006018707,0.002258119,0.023067495,0.050992337,0.051597668,0.019054457,0.059463909,0.052411179,0.022257121,0.165202573,0.056441683,0.02005138,0.167448247,0.063321067,0.031733931,0.214274177,0.049996054,0.03294548,0.210960726,0.04833128,0.001272991,0.003088972,0.002321238,0.001236066,0.003815456,0.002044016,0.001391378,0.003015815,0.001515008,0.001448155,0.003532117,0.002059525,0.002014789,0.002228842,0.0025241,8.91576E-4,0.00221825,0.002184528,7.83511E-4,0.0010535,0.001240686,4.09609E-4,0.001107927,5.37197E-4,0.003612364,0.001841591,0.003833957,0.002244262,0.00148493,0.002144421,-0.077018859,-0.063782077,0.22567091,-0.069693987,0.044499252,0.200361285,0.043754849,0.185279021,-0.054228566,-0.06914328,0.209486054,-0.018778581,-0.083159819,0.002274666,-0.139363068,-0.001189585,0.081346771,-0.149167912,0.001167449,0.176175631,-0.102088015,-0.015401987,0.103979516,-0.057334036,-0.039501943,0.19025805,-0.039351691,-0.021380698,0.107832515,-0.028531162,-0.113210338,0.105953588,0.13164294,-0.012437521,0.239355639,0.125731501,0.008643142,0.244129068,-0.060619123,-0.064280153,0.202328814,0.125437798,-0.053516265,0.087431658,-0.167063936,0.065214458,-0.294768958,-0.030295535,-0.032971958,-0.153097289,-0.056796546,0.030876203,-0.087278184,-0.010533027,-0.091161995,-0.052469458,0.007475752,0.040216214,-0.01013215,-0.083199039,0.357906521,0.331677907,0.563736747,0.328781243,0.406585776,0.559171551,0.482810268,0.616416184,0.406980943,0.38284705,0.673720903,0.410200941,0.379513826,0.584904345,0.476712671,0.334849305,0.655394795,0.443599955,0.274505605,0.752218048,0.382929967,0.183917596,0.807309112,0.376554832,0.249073852,0.811488786,0.335466034,0.174690985,0.851222707,0.330170274,0.315477681,0.560119436,0.507093776,0.3120642,0.657867384,0.42814725,0.408716319,0.642184946,0.412109792,0.315149517,0.626609848,0.456903543,0.460580151,0.621390553,0.400975232,0.284223248,0.703386915,0.398304017,0.440787738,0.604928314,0.444635221,0.363209304,0.672834891,0.44355287,0.588146712,0.371628275,0.495816698,0.566380265,0.385376152,0.500971709,rain,22
-0.311317384,0.679058504,2.457817535,-0.305420944,0.493694952,2.526539832,-0.466240707,0.370292283,2.510681634,-0.149695704,0.385249423,2.530429168,-0.55361976,0.241811226,2.37015496,-0.030933861,0.270816693,2.388176663,-0.519474791,0.354726221,2.201108584,-0.079028263,0.359754909,2.212071743,-0.511134967,0.390027154,2.162592812,-0.092775229,0.387882707,2.170323802,-0.298143549,0.131360432,2.539837198,-0.294528301,0.061719485,2.50794105,-0.36551939,-0.010864179,2.497810812,-0.219849883,-0.007048017,2.507895505,-0.406394453,-0.479537566,2.61483996,-0.196220982,-0.477265835,2.619097475,-0.413938602,-0.855440872,2.653112564,-0.196865205,-0.848433705,2.654651188,-0.44284162,-0.934952001,2.62808203,-0.174392244,-0.929383188,2.624264347,0.003390069,0.005207163,0.012401255,0.001486269,0.009190879,0.006538355,0.010286507,0.008535129,0.006865175,0.009177895,0.007784836,0.014230261,0.016387409,0.082570703,0.089435523,0.017947708,0.093591589,0.096756504,0.021215738,0.189602771,0.049911919,0.030568965,0.205619007,0.052408786,0.021191107,0.231754424,0.017854928,0.034870068,0.236503748,0.026532313,0.002638623,0.004469277,0.006003161,0.002450809,0.004458636,0.001411848,0.003455776,0.006796644,0.001805961,0.0032343,0.006567184,0.002089006,0.001663949,0.006012233,0.002205084,0.001142597,0.003172894,0.001508965,7.28734E-4,0.002167676,7.5409E-4,6.64468E-4,0.001779337,0.001692655,0.010851178,0.010714748,0.019588057,6.71937E-4,0.001364795,0.001642586,0.013427398,0.089317202,0.147177832,0.024772319,0.179843888,0.153999715,0.002739184,0.194769005,-0.211524704,-0.138161553,0.030404796,-0.003925631,0.037500427,0.238878899,-0.056509709,-0.016342347,0.250133444,-0.056096088,-0.048012434,0.317673317,0.083739026,0.044602542,0.224686647,-0.003275536,0.008486429,0.384224275,-0.017943906,-0.038894185,0.312538606,-0.0670723,0.01901092,0.020009341,-0.041816404,-0.125471909,-0.174556964,-0.025092951,-0.089858284,0.109683642,0.008622124,-0.170218295,0.050680842,-0.057048774,-0.067114962,0.02445518,-0.097011168,-0.028243105,-0.081126775,-0.034974786,-0.054555163,-0.047255002,0.006451659,-0.046726207,-0.06523149,0.072214455,0.009147825,0.024658384,0.015321157,0.023839579,-0.094471887,0.036797189,0.375515906,0.415486544,0.558732246,0.29761671,0.566505473,0.499651195,0.565356977,0.511958748,0.373876705,0.496930203,0.536041819,0.466623625,0.288537179,0.617700999,0.479420017,0.327835522,0.616428499,0.465145756,0.282639356,0.758449797,0.328976034,0.296777491,0.76771003,0.36022531,0.267332386,0.819081237,0.221146556,0.317756989,0.783034999,0.288629742,0.318506926,0.448786557,0.584312571,0.536922557,0.637635573,0.35155915,0.547088768,0.57761955,0.410239749,0.566577757,0.571513388,0.389826649,0.28622407,0.788481509,0.362083302,0.383595328,0.724267768,0.392661986,0.311367859,0.733816371,0.417862487,0.265797435,0.667341325,0.478001179,0.371183118,0.428818684,0.577565937,0.357748603,0.473744356,0.559132757,rain,22
-0.124092705,0.68981066,2.364416286,-0.121777635,0.50822921,2.416694524,-0.291712359,0.40768266,2.421693302,0.045324543,0.400466316,2.407829317,-0.378317338,0.23139076,2.31705619,0.143159284,0.236315202,2.306256317,-0.315292735,0.318546749,2.125851079,0.038418498,0.319843756,2.125281397,-0.309747305,0.339861406,2.102115651,0.020494204,0.356293937,2.085106476,-0.119231902,0.14307824,2.430007857,-0.121148151,0.076408123,2.380120841,-0.200339132,-3.31332E-4,2.373124397,-0.041539611,0.001932931,2.369391794,-0.221756537,-0.457786987,2.505622079,0.010564214,-0.472812476,2.494852429,-0.219285746,-0.836226535,2.578188048,0.030806484,-0.849069289,2.57526319,-0.28137306,-0.921682792,2.573855143,0.08279668,-0.921178857,2.546825857,0.004350797,0.005260823,0.011108179,0.005974387,0.005375531,0.010337811,0.009590839,0.009689225,0.005816882,0.018372053,0.017993291,0.010696799,0.029513559,0.062562675,0.08619597,0.012278003,0.048702723,0.088105139,0.012521053,0.13896017,0.051907944,0.02210883,0.12816346,0.055234199,0.011685829,0.153961992,0.039442608,0.021995912,0.141462075,0.039099579,0.001771217,0.003788039,0.005433817,0.001851527,0.005309472,0.002372837,0.00290262,0.008213703,0.003301229,0.003599382,0.00746759,0.002080407,3.51418E-4,0.00424611,0.001327682,0.001344265,0.005419185,0.002182215,5.6204E-4,0.001011461,0.001107471,6.8722E-4,0.001645197,0.001265194,0.001405141,0.001051944,0.002419907,0.001155251,7.9353E-4,0.001504002,-0.144817916,0.109497036,0.254118576,0.12521117,0.08209837,0.142959568,0.254862482,-0.050063947,-0.026823883,-0.051489975,0.012030495,0.067637622,-0.076833455,6.31273E-4,-0.1602664,0.09166098,0.009528958,-0.198578056,0.009165938,0.15375943,-0.047364972,-0.075540662,0.21139449,-0.133566217,0.006770161,0.230282118,-0.083540886,-0.01713165,0.326997514,-0.110657235,-0.010603868,-0.044803742,0.118399131,-0.177266132,-0.132360934,0.057339251,-0.207267163,-0.010475867,0.114338045,-0.240390497,-0.089514433,-0.164953093,0.027527023,0.292243877,0.029782897,0.004736739,-0.219778849,0.040142526,-0.081750254,0.016902859,0.044151553,-0.024998521,-0.058670423,-0.040388163,0.073303333,0.09474183,0.093348122,0.1293548,-0.067995399,0.005767296,0.462227981,0.397463807,0.473027327,0.458146217,0.420641129,0.516100932,0.597815856,0.590714985,0.322126805,0.539134919,0.572635529,0.420211102,0.40435428,0.53923751,0.485485991,0.248436905,0.395724296,0.581714841,0.206718629,0.775835759,0.394049076,0.256356329,0.757999634,0.357859453,0.173914132,0.851797669,0.282798986,0.236389928,0.803242566,0.27290737,0.42564752,0.568687552,0.473627862,0.408979965,0.704792432,0.362946449,0.368516019,0.613569889,0.447921154,0.467943872,0.670707456,0.310557977,0.236050028,0.742093843,0.379533568,0.319359339,0.73923018,0.37619136,0.363720186,0.528634453,0.529660927,0.28837529,0.759277474,0.397970229,0.403949185,0.321876692,0.5851503,0.500245577,0.428301194,0.514011347,rain,22
-0.020294219,0.633556118,2.304231,-0.018090172,0.445393125,2.345797304,-0.194575681,0.355183632,2.350559152,0.147387411,0.359564415,2.348031114,-0.334620062,0.304785566,2.23709819,0.305148397,0.310222162,2.239027354,-0.286158252,0.342862147,2.050682038,0.276023519,0.338910606,2.057111228,-0.258573515,0.356707196,2.005700595,0.254581459,0.359834744,2.003462456,-0.022789319,0.095262005,2.360999646,-0.024218966,0.031646488,2.311410329,-0.101958116,-0.04432497,2.300941734,0.051292423,-0.044788141,2.304066481,-0.135622243,-0.521164106,2.436892646,0.094091424,-0.525025665,2.41642219,-0.146799172,-0.876366768,2.508792544,0.090909436,-0.884201003,2.466341861,-0.193443389,-0.931982242,2.491407696,0.129094004,-0.947798414,2.437089747,0.002619026,0.002339042,0.00523269,0.002912845,0.001519033,0.004173499,0.003765905,0.01265729,0.010577607,0.003961599,0.005333957,0.004990953,0.018960877,0.112797688,0.070510511,0.014952107,0.093227819,0.057542812,0.033994149,0.232264944,0.054609566,0.0231219,0.208225097,0.053270958,0.039930847,0.283549782,0.046173677,0.034810262,0.256769871,0.041505656,0.002580017,0.00453569,0.002029912,0.002057105,0.005833307,0.001436479,0.002384003,0.005802007,0.002603908,0.001754048,0.004649775,0.001638594,0.001499159,0.003065074,0.005619512,0.001407784,0.003775767,0.004761099,9.87439E-4,0.001402607,6.83389E-4,5.6437E-4,0.001376948,5.76162E-4,0.003784704,0.002332005,0.004289101,0.002295585,0.001426313,0.00197882,-0.080862837,-0.128949037,-0.032628205,-0.063073437,-0.007698373,-0.102048799,-0.106074248,0.127690551,-0.037603711,0.028425616,0.079854091,-0.007153174,0.001127521,0.093465381,-0.161626539,0.002131709,0.189557031,-0.086616484,0.016852314,0.207284853,-0.052079118,-0.028094059,0.218127428,-0.049951544,0.020580929,0.196604762,-0.040016841,-0.043558631,0.157021109,-0.036787631,-0.132857447,0.082794211,-0.049898026,-0.137888165,0.099931859,0.036575606,-0.127961134,0.130507792,0.031900994,-0.175726127,0.137070267,0.003019572,-0.126671214,0.025164523,-0.07776525,-0.078440184,-0.100514084,-0.073910615,-0.095750367,-0.204633696,-0.042041376,0.013032874,-0.163798888,-0.046577794,-0.128662601,-0.089509391,0.050242319,0.130145932,-0.062744951,-0.041087758,0.409011758,0.396187462,0.564492784,0.485772595,0.350380364,0.549205721,0.305429785,0.624631021,0.486288995,0.469891011,0.521704486,0.493368981,0.349216111,0.686788622,0.407298307,0.292936563,0.705371739,0.419657022,0.229958662,0.796268981,0.354227813,0.26772374,0.801537479,0.330906255,0.208776829,0.839117394,0.313569746,0.243801684,0.840752682,0.30922515,0.301228157,0.628688679,0.485452366,0.290642829,0.77616092,0.366196188,0.356315024,0.683704616,0.422416279,0.328967099,0.719595907,0.394219925,0.325089936,0.443581492,0.572533348,0.221825366,0.606427021,0.520907516,0.395145492,0.633977193,0.432339387,0.372325744,0.678758138,0.42195955,0.499285499,0.362015692,0.537049283,0.626045718,0.433227686,0.437605875,rain,22
0.034204922,0.614547663,2.210923143,0.032215204,0.430409153,2.255672789,-0.146618669,0.336223746,2.279232741,0.206710208,0.354045593,2.268265524,-0.303185017,0.269243233,2.202827741,0.372681165,0.325670873,2.192332333,-0.275431384,0.372747055,2.020349918,0.329494535,0.420155155,2.010606592,-0.259152603,0.407533323,1.97741468,0.313773868,0.452680931,1.969398122,0.042443389,0.096063974,2.268826707,0.043282336,0.03145132,2.241510578,-0.033078839,-0.051624053,2.236412605,0.123883153,-0.044314211,2.235318449,-0.075404345,-0.514483333,2.356083721,0.164422009,-0.509190856,2.333698061,-0.101312939,-0.886214895,2.431249932,0.194563652,-0.878835797,2.432594048,-0.123057341,-0.952150399,2.413336163,0.196683446,-0.942706103,2.397488204,0.008265673,0.004605519,0.01264588,0.00359265,0.003731982,0.007311669,0.004894277,0.008175372,0.003429969,0.006501513,0.013240739,0.004612683,0.027739979,0.08707245,0.068078548,0.020624393,0.096093255,0.072640456,0.016640631,0.151181884,0.036904625,0.026060812,0.161145779,0.042905805,0.021683344,0.182875552,0.045113846,0.033635785,0.186749625,0.040798052,0.002408332,0.004664929,0.005421985,0.002382569,0.005810908,0.003181443,0.002212937,0.006249632,0.003033291,0.002699287,0.007019614,0.003667027,0.002043426,0.003176213,0.001874392,0.0019749,0.004119104,0.002529143,0.001316644,0.003788837,0.001886384,0.002788699,0.004059191,0.002541989,0.005847264,0.008113427,0.01750637,0.002043746,0.002645332,0.002095578,0.006498575,-0.020363361,0.176312136,0.07474633,0.002078105,0.158515197,-0.023725936,0.098658814,-0.028380867,-0.061082442,0.163709119,-0.064362874,-0.04262698,0.034194855,-0.050734937,-0.00451917,0.087478433,-0.091365667,0.019555912,0.123032214,-0.038843944,-0.041711939,0.107038984,-0.05951987,0.024372931,0.135056324,-0.033534452,-0.051945723,0.14217065,-0.049516542,0.122654088,0.056037373,0.093410507,0.057556067,0.149248783,0.062136451,0.048692083,0.164620571,-0.009099434,0.019864038,0.13212013,-0.045443534,0.04050617,0.089152371,-0.086272081,0.097631214,0.071973615,-0.117946234,-5.26848E-4,0.095707551,-0.036625721,0.022433647,0.095130875,-0.013707579,0.011055888,0.047853153,-0.024492805,0.085335965,0.022781978,0.049250954,0.441336922,0.402404874,0.535436702,0.426478865,0.411039685,0.54133394,0.519091812,0.647684267,0.382237151,0.446618075,0.704024736,0.359825918,0.370220995,0.66924822,0.447215714,0.362817875,0.629287588,0.469561408,0.252677347,0.798736974,0.369228966,0.259878872,0.815875864,0.346077196,0.255265116,0.821706009,0.340265973,0.274744272,0.841488135,0.301296242,0.354432181,0.562440018,0.507597481,0.338069898,0.690148918,0.429543928,0.419447616,0.659669706,0.419649152,0.313580229,0.672036149,0.458832458,0.404692473,0.700155536,0.39655683,0.424420398,0.658508012,0.410218961,0.364284908,0.65934227,0.45485753,0.466275125,0.575072235,0.466386729,0.437241121,0.559154544,0.492788186,0.545264481,0.571923156,0.421901656,rain,22
-0.050800323,0.670431762,2.321682424,-0.120368483,0.503764982,2.364921121,-0.237716738,0.394202426,2.276454652,0.047817853,0.403863083,2.522206909,-0.273563247,0.211843394,2.173180091,0.139940828,0.232125386,2.531283182,-0.088305622,0.276593312,2.075856909,0.22916818,0.34528722,2.359555015,-0.032817091,0.328326761,2.048912258,0.247197156,0.393710267,2.326426288,-0.077501687,0.148961617,2.374388318,-0.063202394,0.07890206,2.372896515,-0.120668871,-1.9189E-4,2.317576818,0.017228905,-0.003708232,2.426496121,-0.183261955,-0.516495039,2.423450061,-0.006048381,-0.468482183,2.590134227,-0.204290617,-0.888001847,2.477698288,-0.024080309,-0.848716727,2.673590667,-0.190840444,-0.942433315,2.41162703,0.054532092,-0.906200974,2.693796758,0.041539447,0.024059379,0.018471909,0.010937372,0.008864014,0.006481767,0.006901112,0.015877778,0.005868244,0.016160138,0.007889486,0.023700325,0.04289302,0.040289461,0.064299517,0.060839656,0.034972714,0.044121626,0.046430936,0.120950277,0.043357888,0.019280902,0.09948988,0.037664764,0.032490109,0.136080031,0.030328117,0.023976973,0.122257214,0.044737179,0.00698643,0.006831912,0.005485426,0.004190342,0.007570142,0.00275826,0.007876855,0.005042054,0.003823954,0.005015207,0.005514483,0.006969283,0.002658739,0.004983007,0.001704697,0.00468673,0.00198596,0.001813153,2.68685E-4,6.84882E-4,6.30795E-4,7.18982E-4,9.67672E-4,0.001059358,2.97634E-4,5.21184E-4,6.47116E-4,0.003669503,0.001294066,0.003757673,0.002101916,0.021578074,-0.155192818,-0.0938978,0.166046093,0.103012553,-0.151914587,0.319286281,-0.1319339,0.115581421,0.096424106,0.113839699,0.12899399,0.129409709,-0.265709486,0.193950359,0.123296652,-0.028654352,0.048434142,0.203081559,-0.16000401,-0.068560374,0.330751238,-0.065479242,0.0953453,0.271257245,-0.081666241,0.03577896,0.386435483,-0.104037367,-0.113016061,0.104648525,0.059111061,-0.15745506,0.113239141,0.057633113,-0.169830583,0.086580215,0.063518519,0.113606999,0.054265694,0.134941248,0.059104191,0.282354884,-0.054550575,-0.303337137,0.027352503,0.083988293,-0.065009174,0.015552877,-0.115573564,-0.061900796,0.080430149,-0.031541865,0.055714219,-0.004932277,-0.063246578,0.169419349,-0.060623209,0.024198972,0.625952398,0.428008873,0.424393349,0.595351902,0.458829047,0.424941056,0.502931929,0.566152664,0.3527408,0.45157605,0.397447929,0.535446849,0.366847711,0.463921236,0.478298993,0.478794701,0.445461659,0.500817391,0.453263991,0.648949077,0.361789557,0.42740406,0.67219733,0.335806993,0.333604835,0.711017943,0.367620483,0.302620579,0.71948993,0.31659137,0.562241511,0.607535229,0.366207687,0.462251664,0.670229943,0.372015698,0.611271761,0.412058411,0.445016361,0.417486134,0.40375558,0.545081828,0.463643432,0.64783527,0.36015182,0.48991194,0.528106122,0.422606085,0.430158775,0.575986253,0.466988402,0.460605979,0.482784782,0.513272243,0.430573216,0.519930403,0.508721238,0.507933913,0.245006471,0.562372182,rain,22
-0.217965739,0.703759725,2.186027737,-0.257745784,0.522703893,2.227671123,-0.317679516,0.376703821,2.111805386,-0.124054858,0.439413267,2.396854895,-0.193977112,0.209951402,1.995198842,0.023480178,0.267223956,2.378198281,0.027755743,0.18363205,1.991207088,0.161507134,0.23426852,2.192164614,0.094270412,0.189137045,1.986013895,0.20512679,0.221124157,2.130186193,-0.209167102,0.177647291,2.25647686,-0.197113989,0.108726704,2.263860474,-0.230067614,0.022937182,2.20043786,-0.14212873,0.038228335,2.335603088,-0.260967046,-0.468682661,2.303448912,-0.1610708,-0.48282077,2.537191807,-0.28549247,-0.867736147,2.305408982,-0.193871677,-0.875757332,2.616350667,-0.249876247,-0.942468435,2.294926754,-0.117302518,-0.928005651,2.680121228,0.008499794,0.003628024,0.009007889,0.006750684,0.003001122,0.003812197,0.006582904,0.004488305,0.004482824,0.0147206,0.023849399,0.008252929,0.063600741,0.069789399,0.036436385,0.068874856,0.078326794,0.046877315,0.084292146,0.188351963,0.055122418,0.076523988,0.208670219,0.08199827,0.07957559,0.238536484,0.073205253,0.076522648,0.254581894,0.116237872,0.004533389,0.021303844,0.004249873,0.005094707,0.025580478,0.004611248,0.005706579,0.014803782,0.012378827,0.006593741,0.019346033,0.019022184,0.001465396,0.00620517,0.006065017,0.002201365,0.007623056,0.005181875,4.90416E-4,9.1015E-4,2.3476E-4,0.001431951,7.39494E-4,5.96561E-4,0.012349449,0.008505304,0.010516145,0.00395958,0.001843446,0.006058023,-0.150924824,-0.019351439,0.117946434,-0.325965599,0.076615958,0.070823044,-0.292459449,0.100708012,0.141455321,-0.03625683,0.098413457,0.048508707,0.135806251,0.190690448,-0.066212341,0.005871556,0.142474073,-0.085736527,0.118700042,0.192875546,-0.043727128,0.017391533,0.145912689,-0.056445239,0.114617248,0.234550735,-0.004642635,0.053514414,0.148772427,-0.068919338,-0.067057657,0.144247725,0.040713833,-0.01804042,0.139021283,0.021691102,0.040036379,-0.025513046,-0.14336876,-0.064817417,0.028722525,0.139961724,0.059938709,0.119567149,-0.003576156,-0.005226272,-0.004468456,0.037722082,-0.081079741,-0.026299835,-0.039983954,-0.047279532,0.032233681,-0.024944278,-0.040689437,0.002985534,0.205335717,-0.006430865,0.005037787,0.005608501,0.452761329,0.528777915,0.472047758,0.418687125,0.494003757,0.468224042,0.631271042,0.560171108,0.256642851,0.562780856,0.543271589,0.420886046,0.514083814,0.683219596,0.3052557,0.454707231,0.650392089,0.397940862,0.495762722,0.708635015,0.298412134,0.387610612,0.720444991,0.377091104,0.47190333,0.714263027,0.299888653,0.419364798,0.726536614,0.348789177,0.447551052,0.756199086,0.300726975,0.457261274,0.752624955,0.304671579,0.368494032,0.615128243,0.460344914,0.48908249,0.573699784,0.429427241,0.236435576,0.475154119,0.58405274,0.248131615,0.670887589,0.483496921,0.479688842,0.700915549,0.353630447,0.571007553,0.546234655,0.420191291,0.537786418,0.349863664,0.491425706,0.462153437,0.299434043,0.582565168,rain,22
0.044409602,0.624921744,2.34451936,-0.010653102,0.44771976,2.391623348,-0.153281016,0.329431409,2.339390978,0.17355871,0.380727652,2.499437045,-0.300578331,0.254279475,2.197574753,0.327455953,0.32117838,2.549267371,-0.190160078,0.375254861,2.056620303,0.345703824,0.43659127,2.375515427,-0.159519309,0.400344433,2.027950607,0.353751269,0.460338396,2.335543888,0.023299501,0.116832357,2.399987258,0.034568994,0.051341667,2.395259101,-0.028773445,-0.033857082,2.36299118,0.116058244,-0.023629809,2.423427652,-0.08176237,-0.483799027,2.480324775,0.127384985,-0.482722988,2.525953708,-0.078688623,-0.860283227,2.595489303,0.177696525,-0.859097974,2.572656326,-0.072863112,-0.928661843,2.572908326,0.197667808,-0.920878516,2.538941876,0.006896245,0.002849577,0.008501763,0.002948555,0.002960223,0.004144145,0.005971721,0.010138961,0.004630474,0.008852618,0.016215771,0.007596119,0.010405444,0.06359946,0.045640276,0.043352829,0.073032251,0.046968416,0.015329361,0.103886226,0.02627134,0.012940516,0.100307758,0.02980233,0.008256142,0.121998284,0.018749339,0.010336175,0.115506622,0.030123671,0.003069173,0.011140963,0.003712659,0.002263605,0.013250928,0.002189704,0.003273126,0.007665635,0.002671357,0.004334863,0.010592489,0.004749404,0.005937653,0.025623687,0.01079908,0.001062432,0.010658368,0.003380315,0.001830922,0.007492339,0.004081657,0.00199284,0.002505559,0.002462194,0.007808097,0.012251324,0.014946893,0.010405631,0.011755942,0.020314087,-0.117989996,-0.080875405,-0.031923048,0.05122818,0.083859718,-0.008282261,0.031131895,-0.121628357,0.021598746,0.018928055,0.036873189,-0.115154237,-0.001107255,0.036596586,-0.04374051,0.100713223,0.159386953,-0.095514382,-0.012971448,0.030711709,-0.045329714,0.066175871,0.126618555,-0.060528477,-0.003729011,0.100819903,-0.034533258,-0.008846157,0.080557959,0.034909534,0.167966598,0.099135845,-0.001221871,0.13469557,0.076409942,0.036256587,0.143125963,0.096712412,-0.024532127,0.139230732,0.059431128,0.053372765,-0.037249809,-0.001234849,-0.010036672,-0.020777379,-0.0174189,-0.021416718,3.00439E-4,0.064280185,0.020172626,-0.003603388,0.107528576,-0.026881542,-0.023357029,0.059719719,0.015895127,0.056584479,0.06677018,-0.008154425,0.561125553,0.353924635,0.512716056,0.415260274,0.500995664,0.526921886,0.378585174,0.792658591,0.316319933,0.370587381,0.685095049,0.420348864,0.316729579,0.660651038,0.472563872,0.539158081,0.588127795,0.385775834,0.384145566,0.787590395,0.328244995,0.261741107,0.805516825,0.348723736,0.205107284,0.866053821,0.303159797,0.201556823,0.871107445,0.300062916,0.330734308,0.72901777,0.393260904,0.320199489,0.781562078,0.352389359,0.445531846,0.67191114,0.391968383,0.402115997,0.64914734,0.433939567,0.350711583,0.752608349,0.385752385,0.32545024,0.822352815,0.319986801,0.2833851,0.705273234,0.45050905,0.483222109,0.58017764,0.450198894,0.296938145,0.506467879,0.565369178,0.547249818,0.407751219,0.507450164,rain,22
0.036326827,0.611365359,2.135210089,0.005249111,0.429053039,2.15206638,-0.067420244,0.304694957,2.043816975,0.146678044,0.353105304,2.284884759,-0.038378661,0.157954733,1.869426468,0.289940304,0.205746553,2.321458443,0.143202186,0.153974478,1.814599646,0.394956513,0.23831578,2.173891367,0.217644925,0.17526876,1.802635975,0.433792939,0.253501058,2.138236519,0.041661937,0.058001438,2.151798848,0.071500984,-0.011805287,2.133825139,0.027170671,-0.073863322,2.083751747,0.134784204,-0.075115462,2.174889456,-0.036529851,-0.534404292,2.196027405,0.120329825,-0.565602196,2.353874177,-0.112963942,-0.851595596,2.242023823,0.10664569,-0.883127019,2.394644722,-0.054491172,-0.893546635,2.196453759,0.183234629,-0.943765353,2.401084152,0.014322885,0.005213396,0.003198257,0.005527543,0.01763325,0.004057302,0.017316872,0.017666044,0.004892071,0.007827179,0.028066115,0.022821551,0.033624221,0.069064224,0.040477495,0.049050426,0.070999394,0.032053143,0.02715773,0.174463678,0.032515323,0.028144199,0.173882229,0.051160379,0.027847438,0.227637349,0.026284073,0.017005375,0.215903289,0.039468641,0.007808258,0.011472793,0.00521828,0.007968272,0.013691222,0.006365427,0.013653573,0.010758198,0.008457496,0.006244752,0.009910065,0.012376423,0.002567533,0.005979283,0.009548265,0.003904874,0.005296748,0.00396605,0.002176644,0.008652659,0.002256026,0.001021842,0.003690749,0.001010147,0.003104427,0.009971543,0.00363604,0.001662556,0.002610623,0.002236347,-0.161484324,-0.028782567,0.029163915,-0.046259042,0.09688095,0.023306279,-0.104944488,0.289646316,-0.123738909,0.020879997,0.065711184,0.117452335,-0.009429332,0.078618923,-0.093687683,0.062033468,0.213810815,-0.051033794,-0.001020798,0.132578382,-0.051199781,0.04978109,0.229852592,-0.06426778,0.051898182,0.191786569,-0.032314839,0.059268343,0.187761995,-0.061813857,-0.060523291,0.086488944,0.067757943,-0.027139748,0.0398011,0.051557773,0.002697356,0.141000373,-0.016332229,-0.065001908,0.065663176,0.129391645,0.00563499,-0.033341038,0.010806657,0.024128789,0.058006109,-0.062257185,0.044231822,-0.129746296,0.012254243,0.070681005,-0.223844955,0.006762465,0.140797271,-0.042896491,0.126746653,0.107729777,-0.098082567,-0.060456509,0.765846607,0.436789683,0.300748891,0.550664382,0.571200219,0.4152738,0.520424749,0.670839732,0.263790904,0.292742369,0.575403788,0.51847525,0.403530535,0.67654823,0.413820633,0.429841575,0.642224524,0.408955407,0.33908739,0.874098345,0.206201156,0.301366717,0.728639618,0.387979262,0.359862212,0.853128191,0.209468479,0.361795373,0.798550285,0.292913672,0.460080142,0.718278098,0.345684867,0.483335968,0.7510047,0.301515138,0.474749046,0.608078185,0.43090026,0.468149942,0.549435779,0.460203984,0.399643695,0.520740464,0.526734836,0.497221351,0.698068406,0.346988551,0.444974816,0.616671917,0.441337175,0.390764217,0.765776792,0.309973608,0.499051119,0.413385531,0.506338229,0.468000628,0.586429009,0.444608929,rain,22
-0.221198339,0.705960451,2.192289772,-0.257507049,0.524080879,2.230983351,-0.317662009,0.376903907,2.116762158,-0.122728919,0.435210356,2.401932912,-0.189971179,0.21079176,1.999734561,0.036728292,0.278545482,2.357124737,0.046652718,0.207655222,1.98910607,0.159193454,0.259029479,2.169639491,0.126688102,0.224794044,1.988579421,0.192085439,0.240698602,2.059050474,-0.209940774,0.179514247,2.256699316,-0.197836086,0.110077036,2.263458632,-0.230366823,0.022357553,2.197997807,-0.142382274,0.037580067,2.336237561,-0.259774847,-0.470870574,2.30675,-0.161920302,-0.4749496,2.530956,-0.285414691,-0.868470367,2.30532586,-0.193723054,-0.877175432,2.617158456,-0.240176235,-0.936287009,2.285712175,-0.115382751,-0.927305477,2.678334982,0.006482323,0.002617667,0.012131544,0.004280315,0.002480937,0.006482455,0.005932588,0.004183602,0.001797686,0.009282187,0.018229543,0.008664367,0.048710867,0.05835108,0.027665565,0.064561609,0.08857936,0.05484242,0.066145322,0.169767793,0.042812291,0.065861534,0.190277749,0.077961919,0.070778394,0.215378362,0.061412395,0.047960896,0.221945122,0.12068103,0.003795348,0.020004674,0.006075125,0.004731148,0.023409206,0.006196275,0.006649223,0.015876983,0.012209096,0.007542777,0.018020598,0.01527686,0.002322759,0.005929569,0.007709215,0.001949789,0.00449344,0.004148127,3.15143E-4,6.72675E-4,4.5975E-4,0.001342381,0.001044827,8.97262E-4,0.019355776,0.013638111,0.018118833,0.004621053,0.002476592,0.007362078,-0.044667661,-0.010921784,0.054225017,-0.134632546,-0.008882546,-0.016456114,-0.233924284,0.058063917,0.008726244,0.155771445,0.024456223,0.050610422,0.022737891,0.118938474,-0.022750914,0.058046923,0.070970612,-0.063264021,0.078003583,0.111517782,-0.030452629,-0.02940987,0.116278493,-0.048331664,0.104488555,0.103395398,-0.032823131,0.027631769,0.126337337,-0.066350461,0.024399418,0.252786781,0.018292534,0.085662743,0.186576654,0.00887067,0.049354842,-0.009622634,-0.101284825,0.122867546,0.079655514,0.204852013,0.016110345,0.153619405,-0.101988826,-0.007411077,-0.06912053,0.034732709,0.00466973,-0.024958682,0.003392282,-0.055457112,4.45E-5,-0.027047314,0.087191061,-0.01355198,0.087044059,-0.03135212,0.079812072,0.02636583,0.492904889,0.466383317,0.506722936,0.50791679,0.230571174,0.57092869,0.66257338,0.414045583,0.39523491,0.540149479,0.540604811,0.428722928,0.629560203,0.632969423,0.290832946,0.434260678,0.624934842,0.439495714,0.521454796,0.737818837,0.269361994,0.441642998,0.682202491,0.388777726,0.461176849,0.76556766,0.282114696,0.423977957,0.695494383,0.382549229,0.415545001,0.723394216,0.331539305,0.449746555,0.726793893,0.322939413,0.407637287,0.608768453,0.459302957,0.547774089,0.580824323,0.344585092,0.251761791,0.44801321,0.579906709,0.275866094,0.639372379,0.494908599,0.501510674,0.701157435,0.345201731,0.648084982,0.558352148,0.350536686,0.492073392,0.371830803,0.537772993,0.4617097,0.33155597,0.570148351,rain,22
0.029237068,0.633143242,2.348238524,-0.020254486,0.457152612,2.396423202,-0.148086345,0.326114161,2.338017429,0.171268733,0.37703466,2.497345179,-0.269393162,0.240799465,2.181907643,0.317272436,0.307201356,2.53732031,-0.151719568,0.354338558,2.034894845,0.365537131,0.42166659,2.37075881,-0.119912175,0.382571188,2.001392833,0.377789351,0.454017462,2.322796167,0.019629165,0.114414279,2.405683,0.034233981,0.046807826,2.397048881,-0.026589609,-0.036923966,2.363651536,0.115276738,-0.026348253,2.425889405,-0.079127539,-0.49677065,2.48755894,0.129394988,-0.485639805,2.527310381,-0.078298548,-0.861943225,2.596797488,0.177801324,-0.857708327,2.574180119,-0.075436066,-0.930589814,2.572984143,0.198950844,-0.917609581,2.537142595,0.002353511,0.001986612,0.007077307,0.006133635,0.008609616,0.005498191,0.005639997,0.012226412,0.004367065,0.007134598,0.014696939,0.007187772,0.017845472,0.069224117,0.050218383,0.058740889,0.074859222,0.053946269,0.018907701,0.113389905,0.031316988,0.018006083,0.113180098,0.041004055,0.018909662,0.132758701,0.025693643,0.010723598,0.125974446,0.032225995,0.002677816,0.013300025,0.00459917,0.00202182,0.014667152,0.004142516,0.002408273,0.010521743,0.005516487,0.003034445,0.011987672,0.007489743,0.00666481,0.017668678,0.008528395,0.002216115,0.007775305,0.00444544,0.001454965,0.00563135,0.002601318,0.002160687,0.006783617,0.002301771,0.005106709,0.007843095,0.010179418,0.011126552,0.014606127,0.021069548,0.067497324,-0.003148923,0.126737205,-0.152551917,0.281274779,-0.010496325,-0.091071788,-0.083064007,0.064602687,0.128973387,0.220542768,-0.003450397,-0.03544985,0.161580064,-0.125398499,0.135575101,0.122058424,-0.108697792,0.007321694,0.222136196,-0.065886038,0.077086376,0.239428318,-0.059537519,0.044194509,0.271550219,-0.082761366,0.018073957,0.271320082,0.024022023,0.107531265,0.269504141,-0.041576476,0.173168636,0.192695975,-0.081574793,0.074691897,0.019135137,-0.170377889,0.157681193,0.18388997,0.074802428,-0.029034599,-0.042011079,-0.007931888,0.026480675,-0.033722109,0.00507519,0.046710232,0.004275378,-0.027843312,0.060341538,0.086919789,-0.002230662,-0.035716233,-0.026144198,0.058299084,0.018824586,0.021588715,0.064632703,0.412031345,0.534835831,0.497493776,0.37383206,0.583826935,0.449167749,0.475337489,0.76046279,0.282734935,0.4495954,0.641132137,0.392862315,0.34934129,0.635877436,0.448357766,0.498286212,0.57858537,0.416717342,0.415381551,0.728121336,0.336503713,0.236097608,0.761248525,0.375170006,0.282758939,0.81148391,0.281979151,0.161518868,0.81150331,0.337139219,0.340072927,0.646639003,0.427464323,0.443804985,0.695321067,0.336244357,0.540463191,0.550677067,0.404865854,0.386064003,0.601335527,0.450882738,0.414423065,0.742555917,0.361973297,0.340794929,0.831669941,0.298515528,0.342906249,0.683249255,0.447069208,0.448525877,0.666531205,0.406922217,0.343373355,0.504491627,0.550759706,0.511753006,0.446365955,0.508690646,rain,22
-0.293374624,0.679736105,2.413071474,-0.33244948,0.499502971,2.44246306,-0.395068465,0.346635035,2.34734103,-0.197936041,0.395453977,2.628889083,-0.351406638,0.246916155,2.175159045,-0.040133887,0.298621856,2.644265203,-0.144165069,0.297777703,2.107555406,0.082368567,0.375646614,2.470786774,-0.088184075,0.337334302,2.102511985,0.119424612,0.412501609,2.440449895,-0.27936075,0.139281275,2.459405165,-0.259962576,0.068516788,2.459679,-0.293184492,-0.00344158,2.400637647,-0.201469226,-0.006790221,2.52078194,-0.366582032,-0.504021729,2.501766008,-0.244396743,-0.494938458,2.664369023,-0.385921235,-0.882724041,2.554396203,-0.265619995,-0.859904221,2.70111182,-0.348351382,-0.951767139,2.525339474,-0.18810686,-0.928857966,2.713932639,0.01499704,0.012824588,0.00882235,0.006581814,0.017794492,0.011373868,0.012130934,0.017867622,0.00789242,0.016296014,0.013763858,0.013349933,0.05278704,0.084569399,0.053299688,0.066477173,0.092709802,0.039910536,0.02834716,0.195814307,0.032396401,0.044369175,0.194696212,0.039534717,0.039262179,0.227371797,0.028452786,0.047756751,0.228068091,0.029387846,0.007101761,0.015024397,0.004001176,0.008356562,0.015710495,0.005673905,0.011312752,0.008413072,0.010281881,0.013027157,0.009376548,0.014106532,0.001197215,0.004816916,0.001677552,0.002669095,0.007961191,0.001471768,8.88377E-4,0.002346574,0.00167064,0.001510533,0.002323562,0.002241375,0.001288897,0.001716633,0.004710614,0.006281546,0.002232423,0.006678859,-0.183690862,-0.024717494,-0.102325491,-0.208781053,0.152615649,-0.096227392,-0.106097744,0.143453415,-0.115732134,-0.007193675,0.133730947,-0.028575696,0.129999754,0.23886737,-0.166585227,0.073163198,0.234445034,0.015708238,-0.03062906,0.364524332,-0.038274907,-0.101168152,0.29225883,0.014416531,-0.068391405,0.37852059,0.018854607,-0.077604068,0.398263458,-0.028573692,-0.10867779,0.121293315,-0.081093982,-0.073365313,0.110507435,-0.077998603,-0.051948556,0.123136543,-0.060356616,-0.001798319,0.05823175,-0.031776283,0.00102933,0.189612077,-0.028992657,-0.044583865,0.05329911,0.016231319,0.012598496,0.099442644,0.030402996,0.0329947,-0.020398074,0.009999474,0.071494912,0.061710392,0.053789016,-0.033535021,-0.001881697,0.02736736,0.628042343,0.501758451,0.381124861,0.524907641,0.613266092,0.356898761,0.477420041,0.710453188,0.316767288,0.402855066,0.590998634,0.480174733,0.439528124,0.612367395,0.383279182,0.432384859,0.656871756,0.395421016,0.389917301,0.776577181,0.22308586,0.405692171,0.720318003,0.325719523,0.360156478,0.769786639,0.245303497,0.375492087,0.787958035,0.177515308,0.405664185,0.736791807,0.350016196,0.383230015,0.743686608,0.362285683,0.428520006,0.536006866,0.498073225,0.36447153,0.608721768,0.491725487,0.285526718,0.717076205,0.423544798,0.356092563,0.791026575,0.342420273,0.343851103,0.612596556,0.493421601,0.384722035,0.575436478,0.505751141,0.331260907,0.389224785,0.598488471,0.617464143,0.316425116,0.504178263,rain,22
