-0.504860035,0.565169873,2.464353938,-0.529325657,0.386958851,2.484381177,-0.688925275,0.247365006,2.430848302,-0.366312942,0.237784695,2.493945708,-0.672943804,0.060699578,2.336777281,-0.342295979,0.058015366,2.397955802,-0.508814798,0.198989866,2.251937719,-0.467838971,0.1908244,2.231559677,-0.489986547,0.244959153,2.186403875,-0.541718103,0.226216702,2.19780949,-0.519696929,0.016236121,2.498927552,-0.511921721,-0.05653108,2.47550451,-0.584272459,-0.13246236,2.452929865,-0.433705822,-0.131113809,2.49004275,-0.642726338,-0.511228365,2.554374698,-0.435962661,-0.513768205,2.584591063,-0.666482174,-0.850962011,2.618179156,-0.438758927,-0.854327708,2.641942781,-0.689824945,-0.922892417,2.590243969,-0.396231815,-0.933516488,2.628426,0.002289603,0.008085171,0.008212268,0.003622236,0.016157907,0.032209335,0.00720388,0.012368569,0.018202839,0.002576179,0.00573773,0.015482512,0.006999736,0.009856173,0.010260591,0.007609506,0.008427937,0.014331553,0.063840525,0.06150443,0.03544801,0.022315192,0.039501292,0.029015852,0.077855487,0.06271363,0.039782219,0.010966567,0.022465811,0.053756895,0.001901571,0.011134667,0.015267132,0.001497006,0.019176013,0.005353402,0.005572099,0.015327315,0.007726947,0.003486168,0.017174159,0.009940307,6.35224E-4,0.004219015,0.002403075,3.82258E-4,0.001928611,0.001670332,6.84153E-4,0.002637551,7.17479E-4,5.92668E-4,0.001519908,0.001273489,0.001538517,0.002246272,0.00295841,0.001226693,0.001504721,0.001336673,0.069967762,0.139675589,-0.075441165,0.119583143,0.199838856,-0.145422495,-0.056941065,-0.164747385,-0.105788275,0.043175994,-0.087303482,-0.165014599,0.071790243,-0.002150218,0.029038404,-0.020356676,-0.069022526,-0.049977132,0.008140574,0.039894753,-0.011089526,-0.024577487,-0.076438525,-0.020722526,-0.005762699,0.059712485,-0.001069874,-0.036134812,-0.012053762,-0.01036111,-0.012896166,-0.039092485,0.020004231,0.05437521,-0.169999059,0.008811893,-0.005529825,-0.158583915,-0.02529691,0.013088867,-0.078452421,0.035437305,-0.04789501,-0.157227924,0.040672664,-0.042888436,-0.22409289,0.03717741,0.015617704,-0.143334905,0.072193719,-0.012896208,0.03764511,0.008808252,-0.025916157,-0.026539095,0.070444755,-0.119029591,0.065456425,-0.063539246,0.264981018,0.631392253,0.492157678,0.340858613,0.570017781,0.474774474,0.470936424,0.50775104,0.477786412,0.265584602,0.342063311,0.607170644,0.50072848,0.646389644,0.396237385,0.367900742,0.582195212,0.502439269,0.54230989,0.550371381,0.441894306,0.471043424,0.60158966,0.446261699,0.469070701,0.605395971,0.446823844,0.444333513,0.527509448,0.506009851,0.132355473,0.501988983,0.598933068,0.309793314,0.790276891,0.34395902,0.390739974,0.664726007,0.429067285,0.320833951,0.648064574,0.478341318,0.236811259,0.785180734,0.378314058,0.197859123,0.760465752,0.397881178,0.266480566,0.808959001,0.340958867,0.419838452,0.614946434,0.465453168,0.331705476,0.512815144,0.550020879,0.477620402,0.512627146,0.485674559,study,25
-0.003309042,0.706179235,2.373488333,0.001387391,0.531604386,2.395789449,-0.186675842,0.397687739,2.412096275,0.177724043,0.387285055,2.388699638,-0.194359077,0.173514028,2.297148841,0.188169204,0.175778796,2.289781623,-0.041566717,0.289355364,2.124227522,0.021690326,0.263351417,2.14121742,-0.035576308,0.336119714,2.040779101,0.018620261,0.312862001,2.071302304,0.006838991,0.147538161,2.40854558,0.005921278,0.073801776,2.379699101,-0.076009893,-0.010222425,2.371269609,0.08958276,-0.005807429,2.376847754,-0.089334967,-0.485683099,2.501085551,0.12628971,-0.479434593,2.491397957,-0.078085454,-0.844699875,2.565375899,0.144035548,-0.848360203,2.587965014,-0.143149493,-0.926224004,2.540108855,0.201664643,-0.925248616,2.559943087,0.001476625,0.016338105,0.005208784,0.003784195,0.021113572,0.025796371,0.002645497,0.003846434,0.002405971,0.00167114,0.003455472,0.003787967,0.001920702,0.003430809,0.007209585,0.002977335,0.003697807,0.003196921,0.045338062,0.032700023,0.054224889,0.038753275,0.037583885,0.026099471,0.048548005,0.035494505,0.072902671,0.074803555,0.040729573,0.051284173,0.001545466,0.004220952,0.011162321,0.001377867,0.00762114,0.004144217,0.002628435,0.008588468,0.004436517,0.003214312,0.008319694,0.003203946,7.30338E-4,0.006994095,0.002857401,6.42046E-4,0.005132985,0.003841455,9.62718E-4,0.003317175,0.001247573,3.75382E-4,8.1256E-4,9.14823E-4,0.001203431,0.001827797,0.001940873,8.74891E-4,5.49856E-4,0.001487978,-0.00284235,0.11847035,-0.128893063,0.013536813,0.156011166,-0.124236165,0.022680858,-0.021704757,-0.056182046,-0.011493638,-0.036759174,-0.137073044,0.020198053,0.025397749,-0.230307916,0.031136544,0.06641548,-0.073177086,0.090138349,-0.072369932,-0.132149538,0.048518718,-0.08004271,-0.040606306,0.072814669,-0.029701826,-0.085691625,0.028590696,-0.046114569,-0.017217323,-0.012214973,0.054387721,-0.114379643,0.003367952,0.076535454,-0.031520078,0.047410335,0.052845023,-0.039830652,0.012811503,0.11145273,0.021557014,-0.017669117,0.110136169,-0.066086407,0.026009493,-0.215260112,0.01689642,0.038346063,0.063740573,-0.02551004,-4.8333E-4,0.043120266,-0.140687788,0.030202513,0.04714874,-0.027827902,-0.003062437,0.049324403,0.046810178,0.242471944,0.653265805,0.475278848,0.248680423,0.542790934,0.535081116,0.538761111,0.687777766,0.327556588,0.268850693,0.523899733,0.5472233,0.255177136,0.465388437,0.545380754,0.384300937,0.644238164,0.45068681,0.502631539,0.48754231,0.472206885,0.438881524,0.535861253,0.496635613,0.359806438,0.460661223,0.557874306,0.455842515,0.53722164,0.492598093,0.115708256,0.357632508,0.63808369,0.210189004,0.743524115,0.436070528,0.354396171,0.737000249,0.392551922,0.29081235,0.75394228,0.39911109,0.250551534,0.812949612,0.346513022,0.296270977,0.767270845,0.36092168,0.30390962,0.811111356,0.337710018,0.33526931,0.663856735,0.441660305,0.406497716,0.559408996,0.501179827,0.465642211,0.366483762,0.560016106,study,25
0.134641253,0.643158747,2.356970621,0.142293673,0.459445074,2.37226047,-0.040394707,0.338180403,2.382656803,0.299441226,0.326738212,2.33293047,-0.073186848,0.142077902,2.278720121,0.311627908,0.139635939,2.2328945,0.074294465,0.236265673,2.101914879,0.155092965,0.215555059,2.133813576,0.116721451,0.274491136,2.04815453,0.073451699,0.272357983,2.058147848,0.136185139,0.089928537,2.385746182,0.128128832,0.020648818,2.344350348,0.049404557,-0.058197834,2.331934955,0.201905197,-0.05394322,2.342915591,0.003324241,-0.502450108,2.480437894,0.254370185,-0.526013156,2.430008667,-0.009929647,-0.856330341,2.58937297,0.280167271,-0.877360535,2.498295803,-0.074846746,-0.922053117,2.564976818,0.3086259,-0.942261958,2.441260485,0.002636496,0.006555525,0.003840409,0.002333012,0.014484386,0.014417337,0.003860457,0.004502213,0.00506,7.23976E-4,0.001013201,0.001994857,0.002433872,0.003432707,0.003329721,0.002978993,0.00236579,0.00410042,0.031633858,0.032140565,0.032025215,0.006402729,0.025732152,0.012051024,0.043904623,0.041993016,0.044265091,0.028488004,0.047514382,0.030418392,0.001347467,0.005245374,0.006046295,0.001182758,0.002456953,0.002057083,0.001292702,0.001875944,0.001646536,9.67248E-4,0.001233859,0.002035351,0.001537888,0.007156186,0.004077361,6.10293E-4,0.001077987,0.001002859,6.6083E-4,8.95147E-4,0.00175902,0.00114735,0.001280346,0.00267479,0.003163673,0.001329879,0.00243551,7.98173E-4,0.001190153,7.96671E-4,0.012359897,0.102690494,-0.0128758,0.037662703,0.23453187,-0.107896882,-0.103652637,-0.106777934,-0.096614933,-0.087477788,0.069508914,-0.055131923,-0.002289382,-0.062379869,-0.006850247,6.30023E-4,0.044193316,-0.146150349,0.001480385,-0.037317009,-0.004007938,0.015889925,0.019524686,-0.048936037,0.017659586,-0.093699416,-0.031559576,-0.033438163,-0.050632777,-0.089421289,-0.036351893,0.121335455,-0.195222863,-0.08906293,0.134424821,-0.137622674,-0.099280947,0.197768943,0.029676811,-0.174893675,0.086936335,-0.205554208,-0.051213635,-0.263950348,0.146276056,-0.088114917,0.254256003,-0.028393916,0.003183725,-0.084436481,0.002178579,-0.085251601,-0.017389217,0.160193342,0.021005891,0.014846864,-0.022564898,0.003170805,0.074741084,0.088834498,0.434220257,0.624846755,0.444091951,0.214967715,0.566620031,0.517886373,0.582153426,0.505460052,0.417600712,0.501327685,0.404043921,0.524969501,0.458416733,0.560065689,0.477882923,0.49837893,0.61814655,0.392917353,0.495949563,0.540125969,0.471945189,0.307374562,0.752442799,0.39903602,0.507480794,0.543436425,0.458531084,0.442460923,0.649014246,0.416921709,0.099045524,0.523310118,0.551028448,0.14951125,0.727710348,0.428855674,0.303434398,0.741113162,0.381957506,0.32101516,0.434622886,0.532977427,0.197341543,0.735007756,0.379854415,0.311125953,0.62747548,0.457672893,0.457711912,0.537235833,0.489506749,0.290567372,0.433389475,0.571209005,0.653924338,0.323481936,0.474685111,0.545809015,0.511490648,0.449097365,study,25
-0.058752803,0.688114147,2.228272627,-0.051382841,0.519438336,2.225761964,-0.219587288,0.318728992,2.234052446,0.114157981,0.326276443,2.247967711,-0.247668449,0.155765796,2.11404441,0.143574095,0.161271723,2.131977554,0.001706941,0.212846557,2.079319747,-0.039591037,0.250445843,2.055836783,0.011314733,0.268819114,2.040478627,-0.072573768,0.299306477,2.020359446,-0.048120295,0.086149776,2.251672554,-0.047394944,-6.45541E-4,2.260345229,-0.124586257,-0.078232778,2.259080639,0.031011132,-0.073449369,2.268264108,-0.160206761,-0.528471195,2.412856446,0.054409104,-0.531068095,2.408620349,-0.168641112,-0.882931628,2.485408916,0.04342205,-0.887768196,2.480558614,-0.208058601,-0.945564266,2.454709819,0.07565674,-0.945832517,2.435559687,0.002801327,0.003157265,0.004299338,0.001580419,0.002967327,0.004108179,0.001323773,0.001658089,0.003037481,0.001148403,0.002164686,0.002633533,0.005175073,0.002554443,0.002228867,0.003184831,0.003058917,0.004606692,0.007621138,0.016901313,0.008500038,0.05513718,0.032039846,0.024339521,0.007621285,0.016901346,0.008499663,0.055137235,0.032039529,0.024339336,3.85516E-4,2.82625E-4,0.001587922,3.93935E-4,7.87992E-4,0.001257504,4.74099E-4,4.55241E-4,8.51825E-4,3.86364E-4,6.61074E-4,0.001523981,9.36885E-4,0.002888142,0.001229033,7.77751E-4,0.002673658,0.001233819,0.001781422,0.002825299,0.001868165,0.001125883,0.001476036,0.001732088,0.00252737,0.002320106,0.003071947,0.001541546,9.29878E-4,0.001212564,-0.028666481,-0.063120255,-0.035389754,-0.054721869,-0.053419263,0.025118255,0.009839296,0.027765089,-3.27092E-4,-0.020070515,0.064968422,-0.033918832,-0.044884634,0.048396687,-0.049090809,0.006866007,-0.013386958,0.126140258,-0.065849594,0.102716693,-0.120262751,-0.098411168,0.07727485,-0.003898353,-0.065855142,0.102703333,-0.120260385,-0.098405565,0.077265285,-0.003836061,-0.059401781,-0.047524517,-0.208297833,-0.006353186,-0.049105562,-0.196120619,0.038965333,-0.064896613,-0.086974512,0.00796773,0.034067908,-0.187843062,0.049583752,-0.033172433,-0.007766455,-0.016166553,0.058090535,-0.033109399,0.1069922,0.029559985,-0.116062254,-0.011299233,0.043850953,0.03799866,0.124267539,0.026455964,-0.071606766,-0.121893484,0.032711679,-0.003352505,0.375514497,0.733822955,0.387877334,0.404838199,0.660624323,0.436056048,0.297116589,0.506606276,0.566567816,0.255622367,0.532941304,0.561883665,0.613406752,0.511131305,0.412912357,0.408241062,0.60115618,0.462231239,0.476500575,0.632084422,0.398041399,0.525534666,0.440930821,0.50065974,0.476498812,0.632087315,0.398042161,0.525549457,0.440936607,0.50065122,0.520949171,0.407987247,0.477635479,0.458875253,0.615341255,0.398902982,0.464543079,0.527580917,0.486081066,0.481290827,0.537221292,0.4443465,0.353207233,0.771485695,0.363410844,0.35616213,0.76400065,0.368345635,0.481252857,0.624094978,0.404329818,0.451268718,0.525736297,0.50138018,0.530870169,0.413954834,0.503936415,0.61354581,0.465714603,0.434931749,study,25
0.129911415,0.641503603,2.352705848,0.142572308,0.449976182,2.3729095,-0.036084769,0.342621214,2.382209,0.297769276,0.326272603,2.32918097,-0.079072194,0.144736548,2.288824258,0.316760779,0.135254917,2.23582603,0.086311063,0.252194744,2.109875652,0.145218599,0.212392067,2.142276152,0.110164707,0.301222977,2.059568621,0.074152286,0.27259835,2.071412955,0.136414414,0.088107425,2.387622333,0.128091597,0.020105021,2.348037591,0.050344866,-0.057564948,2.338319091,0.200309647,-0.0527382,2.343359561,0.005184306,-0.500072409,2.483489182,0.255383755,-0.527250461,2.432763455,-0.00967599,-0.856236033,2.590664303,0.279070556,-0.875623632,2.497692894,-0.075153732,-0.921693183,2.562263742,0.308462908,-0.941717302,2.440996061,0.002725473,0.001563642,0.003881376,0.004065267,0.003238573,0.005669848,0.005011405,0.003272648,0.00704179,0.002881309,0.001758575,0.006044102,0.001798568,0.003122516,0.005893517,0.002434459,0.002058372,0.005325401,0.020921021,0.028970077,0.025972375,0.015382756,0.01878521,0.017702906,0.02767446,0.034824499,0.041597324,0.025016977,0.031907917,0.03031913,0.001533385,0.001882345,0.006091238,0.001548384,0.001836418,0.004861857,0.001795276,0.00231842,0.005723401,0.001355234,0.00200566,0.005793249,0.002591943,0.007076917,0.004150632,6.92675E-4,0.001464721,0.005592682,7.42683E-4,9.09257E-4,0.00103918,0.001126241,0.00165171,0.002872964,0.00248561,0.001039759,0.002293326,8.16608E-4,9.21522E-4,5.93886E-4,0.134142739,-0.004081717,0.1060654,0.214669068,0.16885319,0.067488045,0.075833999,-0.099815163,-0.090634814,-0.00472682,-0.162464064,0.023136673,0.058674283,-0.036235481,-0.081142234,-0.061716096,-0.035688557,-0.046862671,0.043317768,-0.132703332,-0.139941143,-0.029130686,-0.060250209,-0.132089655,0.061506669,-0.116421143,-0.084978574,-0.005808688,-0.077230243,-0.061107433,0.060815627,0.156613913,0.149956835,0.065671721,0.25286023,0.156506009,0.113142485,0.161701379,0.287208132,-0.092916449,0.19659504,-0.140108357,0.012083042,-0.315470511,0.196521261,0.055320115,0.11817603,0.09845224,-0.071333213,0.082447378,0.035673255,-0.005407686,-0.078246537,0.084323153,0.07604105,-0.037858719,0.020078063,0.057993297,-0.047255348,0.047846615,0.394892295,0.312998868,0.587185343,0.27637201,0.583585776,0.491258746,0.584938986,0.446550499,0.452999287,0.391570044,0.462812157,0.542762739,0.279098771,0.36295062,0.615136794,0.505832468,0.277657547,0.566583908,0.425416337,0.520057465,0.486631557,0.499305161,0.514859639,0.463815427,0.425197913,0.567295858,0.474198767,0.512661289,0.49576004,0.480802509,0.279532752,0.613197333,0.477566294,0.289426749,0.668665655,0.409078702,0.318387067,0.564973335,0.422485085,0.394219861,0.345208856,0.557746228,0.437267375,0.575132596,0.37616791,0.283193586,0.538150983,0.537512113,0.366402094,0.597331059,0.489340024,0.35659263,0.348187963,0.598137211,0.492272804,0.309623859,0.564920678,0.549643554,0.463174808,0.47835396,study,25
-0.324713305,0.687317397,2.493900545,-0.320182396,0.492628147,2.560274,-0.487588415,0.370157058,2.544980141,-0.155882019,0.376775023,2.552746051,-0.528495076,0.151947734,2.417313061,-0.115006696,0.161163128,2.451198859,-0.272195758,0.179257532,2.321051051,-0.299274288,0.249027609,2.24913401,-0.206415049,0.165362358,2.320825687,-0.313145651,0.285306615,2.204954566,-0.316662901,0.143222342,2.572937253,-0.315169511,0.075495601,2.546212687,-0.385574326,-6.78114E-4,2.543771768,-0.242686016,0.002493727,2.538703495,-0.41790332,-0.470683698,2.669794051,-0.213235091,-0.489219501,2.667762061,-0.419115995,-0.844506188,2.703447283,-0.21249663,-0.865547736,2.70165896,-0.454974037,-0.926222067,2.678922303,-0.191676216,-0.933478102,2.654919768,0.001861638,0.00129704,0.006912236,0.001491691,0.001221825,0.006116222,0.005614078,0.006776864,0.006779998,0.001046227,0.001232763,0.003488791,0.009704216,0.011181473,0.015128933,0.006111258,0.002211152,0.008342686,0.036076557,0.041036553,0.051671484,0.005928116,0.025949687,0.020216738,0.044940177,0.063439643,0.070187945,0.042574045,0.036176233,0.04384074,0.001141221,0.007976354,0.006120599,0.001803474,0.010573518,0.004700238,0.002178818,0.014396402,0.005299856,0.006006798,0.01090705,0.00511811,7.05468E-4,0.003895635,0.002505247,3.61391E-4,0.001910942,0.001378289,8.19666E-4,0.002378002,9.09188E-4,8.49423E-4,0.001626189,0.001134796,0.003324929,0.002717438,0.007279367,0.001968305,0.002221411,0.004935191,0.024648312,-0.035096146,-0.140561753,0.012117857,0.03932316,-0.111990693,-0.039926715,-0.002919047,0.003200771,-0.021736046,0.206610814,0.052629991,0.019046907,-0.110846399,-0.013792128,-0.050150336,-0.020017727,0.139162821,0.023167996,0.015461871,0.091818493,0.006588166,0.058392315,0.055014659,0.04267102,0.046737235,0.092051715,-0.02098078,0.056248849,0.005436114,-0.036412307,-0.054426926,-0.059550699,-0.059046409,-0.05817025,0.021456014,-0.051467557,-0.078897547,0.03247154,-0.005212066,-0.086473969,0.021668316,0.020346672,-0.082619423,-5.29865E-4,-0.01740176,-0.016494719,0.019610826,-0.086444799,-0.176460774,0.033251126,0.026121136,-0.099624935,-0.043712278,-0.050263236,-0.028822071,-0.019236798,0.122968301,-0.072389741,0.070191294,0.416926581,0.340953589,0.573560075,0.413911147,0.40380189,0.560520872,0.54213638,0.635445661,0.381086053,0.426511865,0.524347009,0.491806112,0.32429574,0.52382815,0.546383174,0.469077866,0.418830435,0.525485305,0.370503812,0.47141311,0.553387503,0.296856384,0.654784335,0.481314027,0.360625238,0.485360061,0.549092409,0.478374774,0.510489043,0.498324102,0.150957203,0.865266662,0.321577827,0.226354629,0.904626705,0.237001633,0.266880576,0.849614006,0.30465728,0.422220209,0.812906494,0.266626085,0.309300044,0.758097388,0.395033765,0.343570773,0.756536139,0.386037778,0.328366705,0.78028639,0.340503625,0.313993639,0.565887007,0.527446493,0.443993864,0.438324778,0.54607588,0.411001976,0.38267222,0.567411595,study,25
-0.579927835,0.547439601,2.38131686,-0.614384699,0.374786194,2.394545674,-0.687855552,0.235013029,2.278132465,-0.463032338,0.276596037,2.348079593,-0.627630016,0.062220048,2.196704035,-0.398147521,0.102205093,2.419399453,-0.468155072,0.225074312,2.204040953,-0.439121406,0.198668685,2.245782384,-0.422041324,0.271848098,2.202277547,-0.451608701,0.229514489,2.194107337,-0.574054878,0.022666663,2.403496593,-0.561694013,-0.046493584,2.391883407,-0.606723165,-0.109579132,2.353200209,-0.500672216,-0.107028287,2.425850895,-0.657931309,-0.52127022,2.400583581,-0.5400277,-0.503725072,2.570664105,-0.685842805,-0.886290569,2.451644279,-0.537315516,-0.86229002,2.630586128,-0.652965709,-0.952151248,2.422216453,-0.476272167,-0.929736815,2.670492953,0.005428658,0.009169013,0.00719758,0.00769771,0.013662566,0.011398885,0.004226946,0.001365915,0.002980689,0.030790101,0.036056765,0.106361499,0.01176906,0.006462467,0.006271856,0.014599248,0.024245081,0.026623263,0.047126094,0.019448944,0.018076894,0.068060351,0.057575524,0.058694537,0.049763286,0.026025681,0.025361995,0.088520863,0.079643176,0.078947401,0.006009738,0.013418372,0.006539724,0.003907421,0.013189682,0.004103201,0.010428069,0.010612838,0.006321032,0.003766593,0.014169112,0.008461138,0.00117773,0.003972172,0.001662277,0.001088962,0.002067446,5.81432E-4,0.001320691,0.002056925,9.90332E-4,6.7663E-4,8.83972E-4,8.00006E-4,0.001424123,0.001049941,0.002136565,0.02147905,0.005202097,0.028874857,-0.024662309,-0.047276426,0.020436036,0.05908326,0.090336043,-0.048582742,0.022070609,0.032126599,-0.075643717,0.16297465,-0.052541132,-0.007779656,-0.094243362,-0.046936628,-0.02936811,0.113424986,-0.040368208,-0.034637122,0.009932878,0.022826724,-0.021794019,0.148667647,-0.142659892,0.006285482,0.031400316,0.032913736,-0.029898371,0.143375753,-0.145599842,0.01635812,-0.027969269,-0.09795106,0.033073748,-0.012330273,-0.193624166,0.00207503,-0.021864918,-0.131200405,-0.004329508,0.060182495,-0.119512928,0.027244293,0.009595933,0.001287301,-0.00792258,-0.086381883,-0.028800092,0.021905036,-0.094959359,0.00989509,-0.014818223,-0.034559757,0.128751977,-0.049158796,-0.043918021,0.046687052,0.141643076,0.054081406,-0.071445261,-0.249284526,0.468810942,0.536464253,0.488331788,0.323703306,0.547175441,0.532675272,0.600000634,0.399933626,0.477059716,0.445292191,0.537528584,0.485399035,0.530246606,0.408268551,0.513531931,0.409497378,0.596304353,0.473220495,0.638755748,0.572192444,0.354424921,0.460488638,0.557041745,0.459813379,0.602900327,0.553300952,0.396674961,0.470865432,0.538632981,0.46562158,0.414885806,0.62117573,0.456910014,0.327963584,0.79004288,0.330464456,0.503408116,0.676491342,0.360025929,0.421040335,0.732976282,0.356432469,0.345223347,0.704244261,0.431783686,0.438014407,0.759707916,0.323931154,0.443279928,0.559757258,0.484119435,0.489828962,0.470678938,0.501943054,0.498406543,0.425238844,0.50707186,0.517583671,0.390399325,0.465864458,study,25
-0.019417146,0.630979077,2.259108583,-0.040545369,0.451145142,2.257912798,-0.132216161,0.317303461,2.150739286,0.09631351,0.376690705,2.356110619,-0.013189332,0.20247092,2.02979475,0.24526328,0.228565617,2.242610702,0.161577407,0.328850333,2.053870024,0.189910848,0.334153283,2.075388381,0.196666442,0.38408178,2.026332381,0.19189564,0.376564096,2.029309667,-0.004616344,0.081211951,2.265326893,0.011196481,0.008445728,2.260268107,-0.034775883,-0.068798618,2.20656131,0.073649525,-0.056728187,2.310209405,-0.112679182,-0.513218662,2.31493744,0.07565822,-0.513123235,2.452893345,-0.126913229,-0.88469599,2.398846298,0.115936008,-0.864352089,2.513615024,-0.07507251,-0.925957805,2.345748726,0.187294121,-0.927386131,2.529197048,0.003559762,0.001403747,0.002758979,0.001034107,5.97256E-4,0.001477326,0.001013927,9.02723E-4,0.002167385,0.00798114,0.014576177,0.004567677,0.001758598,9.81936E-4,0.00196298,0.004896339,0.005432716,0.005870069,0.006975438,0.019860078,0.010363641,0.008636159,0.009776922,0.012204673,0.011677835,0.018024615,0.010104731,0.020657026,0.013200178,0.019072147,0.001624679,0.001189934,0.001354613,0.002049452,0.001539995,0.001345621,0.00327271,0.002345641,0.002564031,0.002044825,0.001856471,0.001567849,0.001480839,0.003881684,0.002564067,5.76022E-4,0.002792599,0.001804952,0.001029688,0.001391354,0.001431199,0.001425735,0.002795837,0.002046305,0.001761117,0.001397949,0.001892276,0.003840943,0.002369027,0.003973381,-0.150669168,-0.037025685,-0.001044909,0.024709841,-0.008913435,-0.016926885,0.086312251,0.012062728,-0.055587416,-0.022797845,0.062880404,0.053452019,0.055340252,-0.001525903,-0.022105646,-0.022901408,0.053151461,0.007984724,0.03173824,0.032178858,0.001531018,-0.035612932,0.042832861,0.015146795,-0.021650812,-0.025489844,-0.014080699,-0.097978549,0.038950213,0.058498838,-0.056055666,0.015852817,-0.02312913,-0.036584808,-0.025644943,0.027509744,-0.046567418,-0.033310811,0.030196709,0.010149089,-0.064800648,-0.018966266,0.074770348,0.127158025,-0.001977653,0.022420928,-0.107290395,0.105504542,0.030794135,0.05712169,0.042620066,0.091707278,0.031982435,-0.030556233,0.033745197,0.0671938,0.021463691,-0.057572482,-0.014801028,0.056335823,0.722867652,0.457058286,0.340696018,0.552922964,0.382066051,0.51719206,0.493123639,0.524300005,0.47746685,0.335433963,0.596016444,0.504920584,0.671144522,0.532447435,0.353500831,0.452356354,0.430583517,0.545162552,0.567440131,0.586929223,0.399628228,0.416871828,0.412881298,0.565726975,0.505979751,0.531565017,0.473202734,0.479798493,0.464127575,0.511934207,0.533627856,0.622407228,0.394515603,0.524285196,0.627928084,0.397008308,0.548112031,0.594803203,0.405321399,0.441798501,0.568719829,0.481789155,0.354467524,0.747059508,0.375617373,0.35497243,0.735472909,0.378375918,0.468404566,0.504185808,0.503193316,0.442850916,0.648901789,0.423865972,0.496350394,0.455148195,0.513699266,0.541700895,0.43350299,0.49829055,study,25
0.050853687,0.605283667,2.168677918,0.064349933,0.419907531,2.196028102,-9.80624E-4,0.280431463,2.087444347,0.211169318,0.342992014,2.295610878,0.061894027,0.105948582,1.999935327,0.324969057,0.15401901,2.267356816,0.249570816,0.201762398,1.997984714,0.188274398,0.169940943,2.032681082,0.311526004,0.255757763,1.993592714,0.212255022,0.216266416,1.960126122,0.088262644,0.090389128,2.201594959,0.116964347,0.029758249,2.179750245,0.079432946,-0.033078977,2.137060571,0.170363218,-0.034321932,2.212233102,0.025629412,-0.53141482,2.218216204,0.196811222,-0.546850553,2.401441265,-0.0391685,-0.871894292,2.270510694,0.169886973,-0.87863931,2.475579286,0.012617165,-0.915594322,2.238453837,0.244961406,-0.933920978,2.495504102,0.010776908,0.002411689,0.002893704,0.004953934,0.001483238,0.002614724,0.003463476,0.001743923,0.001790626,0.013429138,0.009151779,0.010292556,0.003435489,0.001776226,0.00390388,0.007027005,0.023345824,0.055867218,0.018351516,0.038207588,0.007764103,0.017632534,0.037873245,0.058498874,0.029003527,0.050299063,0.007414174,0.028758884,0.042761999,0.041378828,0.002660937,0.001285972,0.001836848,0.003055559,0.001653316,9.64738E-4,0.002728261,0.002190339,0.002042878,0.003517836,0.002713988,0.003222321,4.7E-4,0.002243235,5.20203E-4,9.48049E-4,0.002478148,8.66849E-4,1.70972E-4,7.14459E-4,2.77875E-4,5.51358E-4,0.001408875,0.00139755,0.006722984,0.00405257,0.041317751,0.002036341,0.001236797,0.002291769,0.18940105,0.071739424,0.050037571,0.141423045,0.248066177,-0.055426455,0.353035781,0.023793008,0.068436279,0.052905129,-0.063893883,-0.076864333,0.15358848,-0.066188896,0.086990199,0.012985911,-0.058419236,-0.17695287,0.149535737,-0.041047224,-0.066113202,-0.015045768,-0.041768914,-0.168063156,0.180222451,-0.037258542,-8.26274E-4,0.018237117,-0.067376273,-0.132953212,0.22749917,-0.09969405,0.143502798,0.400009594,-0.142554415,-0.004540989,0.137527299,-0.139554115,0.034027769,0.190345989,-0.094173763,-0.218899148,-0.076237171,0.098388479,0.053182269,-0.023406971,0.106052631,-0.105144812,0.01323261,0.200089948,0.0017454,0.039151124,-0.021673715,0.032670509,-0.146801256,0.220821182,-0.111917718,-0.036195472,-0.033138456,-0.017936894,0.676299282,0.355255497,0.417488783,0.58293978,0.327118675,0.470549182,0.475326959,0.429186978,0.46457431,0.484753321,0.495241191,0.489811127,0.560983623,0.330727876,0.5055097,0.203086468,0.580245006,0.516552474,0.484067686,0.80116735,0.186420519,0.352707807,0.574243978,0.482352729,0.492857838,0.783916277,0.208755568,0.371010503,0.600258716,0.469118351,0.379136458,0.568077283,0.451489856,0.354059257,0.634434732,0.365494788,0.431724126,0.582915288,0.453562459,0.337342883,0.539779147,0.463753613,0.275966259,0.743099255,0.405723475,0.214710201,0.837564615,0.313798844,0.380060068,0.579279377,0.478592402,0.284081261,0.530940703,0.553327659,0.448160164,0.435667245,0.495561644,0.581475153,0.353464089,0.506458853,study,25
-0.008827847,0.629876163,2.24464332,-0.037257436,0.449678135,2.249774373,-0.128514599,0.314692509,2.141235907,0.101452801,0.384245396,2.357394067,-0.005343651,0.200668349,2.025494947,0.235997327,0.22845498,2.24186456,0.158589025,0.364820184,2.048940253,0.178867436,0.344999063,2.081754507,0.197804668,0.415539011,2.038792773,0.18873826,0.405964617,2.03774176,-0.001253615,0.083323094,2.256929573,0.014753805,0.011339192,2.25185952,-0.031623155,-0.065460627,2.200516333,0.077587843,-0.05179512,2.29960472,-0.109663916,-0.509049277,2.307679333,0.07818444,-0.507643079,2.447892093,-0.128659299,-0.885708875,2.39824288,0.115604447,-0.864964032,2.514899613,-0.081939669,-0.931170625,2.352357,0.188219168,-0.926458443,2.529568093,0.004262369,0.001499587,0.003187464,0.003790702,7.81587E-4,0.001987851,0.004031599,0.001577184,0.001344263,0.002700797,0.001385739,0.002274825,0.006059151,0.00208423,0.002111411,0.004798054,0.008193182,0.007181281,0.01205262,0.015313425,0.011813997,0.011527613,0.017325986,0.013187019,0.020247241,0.016500424,0.014150666,0.018751317,0.023331026,0.012403978,0.001665415,0.001660198,0.002394161,0.001971263,0.002041111,0.002549112,0.002664455,0.00202437,0.002726873,0.001629891,0.002362182,0.003466675,0.001952506,0.002993927,0.002399265,0.001412215,0.006610001,0.002394356,0.001800657,0.001333827,0.001028928,0.001728267,0.003579248,0.002768425,0.016478362,0.010772403,0.015603057,0.004117331,0.002947115,0.004508541,-0.073829652,-0.053873017,-0.147385242,-0.332127319,0.08988148,-0.314368728,-0.258655787,0.19319567,-0.190055467,-0.218996376,0.101538058,-0.086997658,-0.180343101,0.064324668,-0.043591294,-0.105814948,-0.005229426,0.032780563,-0.038473526,0.062744238,0.025987263,-0.053896257,-0.004390144,0.002739714,0.037567303,0.062771752,0.012114153,-0.046334956,-0.026716366,-0.035650305,-0.077635055,0.267763971,-0.208743359,-0.072591876,0.229234201,-0.122934633,0.011021087,0.136727061,-0.023402142,-0.032923963,0.158222265,-0.103009257,0.011610655,0.066373537,-0.011245815,-0.010243604,0.298705497,0.02940769,-0.049817884,0.005170385,-0.012333538,0.033685717,-0.042342042,-1.41E-5,-0.033023842,-0.015183936,-0.053932581,-0.034093911,-0.011472652,0.001204314,0.655132181,0.515206606,0.345942592,0.57444688,0.302406134,0.349810178,0.596829314,0.376375195,0.393553491,0.637433563,0.445184554,0.39215883,0.64695021,0.565011293,0.322254303,0.53859075,0.51041151,0.459528334,0.440002547,0.660150207,0.418465509,0.449218583,0.458529539,0.534537652,0.522162234,0.541835231,0.45526162,0.523259987,0.507452143,0.474184672,0.549265137,0.497333742,0.367663647,0.580981819,0.509320033,0.387495928,0.513552148,0.580395595,0.427616352,0.412968397,0.478215911,0.519265498,0.415205225,0.749244453,0.352041116,0.325528685,0.70590198,0.380742625,0.609749631,0.489974925,0.431141305,0.382559984,0.685811981,0.428269269,0.582726347,0.488597786,0.447746388,0.533556742,0.464967318,0.492084667,study,25
-0.577771938,0.5454845,2.378100573,-0.616541554,0.369424944,2.392623159,-0.68437461,0.23324536,2.274454195,-0.478569473,0.281436591,2.405583232,-0.632733185,0.05549986,2.1986825,-0.388135544,0.118435714,2.39377761,-0.458081061,0.192538021,2.199729841,-0.436001024,0.182514467,2.203904951,-0.397359533,0.238895406,2.194510329,-0.472512022,0.203745637,2.182282354,-0.573932904,0.01960329,2.397554634,-0.560727134,-0.049235582,2.393743354,-0.600951474,-0.115714469,2.346434683,-0.503111088,-0.111833808,2.4376,-0.659299226,-0.522757778,2.401906476,-0.542858966,-0.504566627,2.569994012,-0.687283329,-0.882963013,2.451352024,-0.536400694,-0.861931159,2.630050561,-0.655163276,-0.950769513,2.425998073,-0.471241788,-0.930112601,2.676033622,0.004303732,0.005072404,0.006777493,0.007228124,0.011189521,0.010196869,0.00425532,0.001690356,0.00477209,0.02643159,0.020879299,0.129776936,0.00396939,0.003614819,0.007685186,0.021672451,0.045070543,0.047753354,0.050790045,0.044886246,0.013828959,0.052780286,0.043452611,0.058842888,0.056878888,0.052183894,0.022890589,0.064779583,0.04401548,0.069331545,0.004094304,0.010899274,0.005551269,0.002896972,0.010697001,0.005621847,0.008549654,0.009118181,0.004690218,0.00454754,0.011248702,0.009299635,0.002844979,0.004973929,0.002154736,0.002909295,0.001936888,0.001891347,0.00156905,0.00214635,0.001709391,9.24526E-4,0.001160024,9.22267E-4,0.001367044,0.002209141,0.003494179,0.00988095,0.002446693,0.013732345,-0.046365036,0.014979522,-0.031720473,0.078304638,0.177811729,-0.152813225,0.015588009,0.041042048,-0.136204167,-0.013283731,-0.059331601,0.108122744,0.00700458,-0.015888903,-0.030275688,-0.013996315,-0.004943962,0.069588552,-0.018189467,0.060534156,-0.010291101,-0.03386412,-0.010155492,0.015886592,0.005627717,0.038243543,0.006886184,-0.003306657,-0.020450578,-0.019309518,-0.081334477,-0.008578125,-0.087680649,-0.074694181,-0.025999091,-0.076919889,-0.212887939,0.002393765,-0.002298628,-0.037650717,0.020144824,-0.063395866,-0.045714154,-0.018831057,-0.019922624,-0.123571784,0.048185739,-0.066029004,-0.162873049,0.023331018,0.057732571,-0.109710191,-0.072240119,-0.025521383,0.070598762,0.034344429,0.096667894,0.038362148,-0.015836038,-0.092589681,0.444656736,0.540141567,0.496860726,0.352701038,0.524244181,0.501462523,0.638835704,0.298826561,0.474728083,0.402301191,0.567684769,0.487919066,0.482938096,0.433726776,0.531105023,0.31733245,0.61494952,0.499381499,0.557787695,0.684458242,0.319206148,0.518500141,0.537041756,0.462937218,0.551518946,0.665952035,0.34523931,0.514918384,0.562467536,0.449974594,0.36438905,0.627818946,0.468177976,0.31417968,0.723469557,0.416668587,0.571238623,0.580567872,0.373084714,0.351495287,0.598124784,0.498181151,0.280972642,0.747467398,0.41636702,0.436391231,0.706799069,0.36811394,0.408553958,0.595211431,0.464922978,0.486052991,0.501207372,0.490617586,0.398953626,0.441032937,0.551733794,0.499946155,0.4048705,0.526634109,study,25
0.08262384,0.606178938,2.160106767,0.072812716,0.416673077,2.202572589,-0.001936409,0.284634718,2.090598521,0.222560699,0.350740882,2.307233288,0.059224616,0.109676538,2.001803438,0.341829175,0.152738692,2.229965137,0.243364901,0.197905251,1.995250986,0.178350125,0.142251211,2.012312671,0.307373915,0.253296556,1.982838644,0.198956786,0.185092105,1.940211726,0.092245672,0.093967768,2.208344082,0.122117956,0.035434005,2.183955493,0.083160161,-0.027143124,2.142746219,0.177104253,-0.030456065,2.214490192,0.024379712,-0.529701834,2.222100836,0.195933423,-0.544629422,2.40399526,-0.03913773,-0.870638593,2.270436589,0.170378178,-0.878715841,2.476063712,0.011506321,-0.915039342,2.229512082,0.245541351,-0.933672322,2.495697575,0.001659156,0.001058259,0.003069233,0.002723372,8.40549E-4,0.002270086,0.002939216,0.001632696,0.00120138,0.013747841,0.015288336,0.006002065,0.003581908,0.002772703,0.002027164,0.016952869,0.017002581,0.041945396,0.015878239,0.032507799,0.010118531,0.015147539,0.031746381,0.041883722,0.028454788,0.048073204,0.015033827,0.025333048,0.035228423,0.031917657,0.001201648,0.002731929,0.002433869,0.001445093,0.003478551,7.98966E-4,0.001396774,0.001860556,0.00257526,0.002282299,0.002643361,0.003308272,9.28262E-4,6.20245E-4,0.001434788,8.95697E-4,0.003230165,0.002340338,3.3983E-4,6.31096E-4,3.74838E-4,4.35804E-4,0.001203061,0.001040698,0.009197009,0.005693758,0.026923029,0.001940734,9.37942E-4,0.001936213,0.113889968,0.014363998,0.091434233,0.081492078,0.042501234,0.085344652,-0.07604268,0.193845874,-0.02544508,-0.023737579,0.095068105,-0.008110605,0.136271043,0.095263652,-0.035318909,0.043074699,0.029952199,-0.066808611,0.029378405,0.0230106,-0.073971677,-0.028612625,0.003425772,-0.072064868,0.039711179,-0.032364424,-0.072371073,-0.025261643,0.004854149,-0.086790427,-0.044535627,-0.221513986,0.140909095,0.126118866,-0.226852346,-0.059344103,-0.019532153,-0.146377347,0.096137544,-0.009115692,-0.016791282,-0.17475809,-0.003314213,0.102775679,-0.091611614,0.015683106,0.149370859,-0.099923152,0.025702882,0.146564444,-0.009410749,-0.047674032,0.0274346,0.074574984,-0.053734487,0.108491046,-0.031333716,-0.070449814,-0.058341833,0.046848815,0.511733392,0.365131475,0.529436549,0.648346322,0.338316036,0.462582985,0.603020571,0.46913845,0.422559233,0.533371767,0.673926799,0.344659381,0.598914116,0.475795481,0.430391237,0.355860327,0.632819217,0.472849246,0.462277655,0.797362777,0.249113981,0.380262181,0.634053061,0.462663808,0.469684946,0.758733967,0.297109755,0.446315509,0.630325231,0.432237424,0.392472644,0.59772759,0.437478489,0.388524179,0.688294032,0.378131265,0.372137953,0.577194678,0.486630481,0.270415299,0.590273777,0.501130875,0.42811064,0.564895598,0.477486212,0.231509363,0.801479266,0.351445568,0.44377324,0.610861192,0.443506563,0.396507557,0.557900399,0.501644885,0.454480106,0.388320349,0.553133842,0.621416865,0.319704749,0.492345063,study,25
0.074613736,0.603023188,2.151264,0.072467003,0.415063433,2.191166667,0.001028524,0.280288446,2.082153042,0.218980557,0.344212564,2.294072514,0.063009629,0.104550939,1.994629208,0.327370735,0.133445121,2.241533542,0.251575892,0.196824661,1.993271472,0.194505297,0.139240363,2.006860333,0.315164435,0.247711431,1.986095931,0.223760949,0.183131821,1.942738181,0.093382407,0.091233511,2.196807681,0.120741286,0.031371487,2.176029028,0.082368769,-0.030822131,2.134833903,0.174337079,-0.033609982,2.207824583,0.026030888,-0.530603071,2.216036014,0.196953404,-0.546111293,2.396818931,-0.03934395,-0.871010526,2.270448431,0.169786196,-0.878359463,2.475103319,0.01193116,-0.915110039,2.228319194,0.245709944,-0.933301482,2.494033528,0.006799093,0.001947076,0.002453359,0.002979654,0.002320266,0.001937556,0.003953466,0.00164422,0.002221466,0.010568554,0.011489072,0.007754711,0.00435711,0.002429577,0.003348687,0.005635536,0.022294066,0.0331411,0.017030098,0.038551382,0.008350501,0.018472011,0.028620825,0.032580088,0.026843469,0.051249474,0.008702275,0.026634618,0.029649004,0.029255952,0.001199446,0.001441919,0.001535869,0.001777517,0.001853877,0.00213742,0.00192213,0.001855498,0.002678746,0.001753192,0.003487934,0.002499202,2.51607E-4,0.001375943,6.77512E-4,5.75709E-4,0.002673959,0.001636975,2.4124E-4,6.22446E-4,3.79603E-4,5.39502E-4,0.001351838,0.00109362,0.008585636,0.005276765,0.024165969,0.00253839,0.0011281,0.002830604,0.095957216,0.045572962,0.036496957,-0.034844787,0.25282715,-0.048443037,0.080376455,0.086552393,-0.139621595,-0.022950241,-0.005513804,-0.039350479,0.126460938,-0.019326492,-0.085824924,0.054959545,0.010420908,-0.097041789,0.047373033,0.033752054,-0.064942104,0.040526243,-0.010942759,-0.064569115,0.050832298,-0.026369222,-0.038216781,0.030693059,-0.018565258,-0.075802943,-0.036585265,-0.07932857,-0.062791968,0.062511551,-0.068655897,-0.123348976,-0.01559082,-0.091201122,-0.061047631,-0.020056811,0.004913871,-0.150511815,0.044733512,-0.124721612,0.052049169,0.008405768,0.118148879,-0.043859941,-0.016379244,0.062522952,0.040486713,-0.057790665,-0.16108323,0.034862354,0.037245082,0.04717025,0.02516931,-0.039636194,-0.041736624,0.085061417,0.69112405,0.298406529,0.450039657,0.722611026,0.369918026,0.357838483,0.631967401,0.469205984,0.395406586,0.515815759,0.602730475,0.420035753,0.561977318,0.42538871,0.478333419,0.307744356,0.615934054,0.49475319,0.441526187,0.816145143,0.2375841,0.374462546,0.614081094,0.47872486,0.444172787,0.803213528,0.26190306,0.384421118,0.615168941,0.472622567,0.512859156,0.600079023,0.416569579,0.454973982,0.686825264,0.365775848,0.4972749,0.59476076,0.429332567,0.298090361,0.623531858,0.48056606,0.324660323,0.681657266,0.443032815,0.251064785,0.821468812,0.339073711,0.394805096,0.606228734,0.476954083,0.367861833,0.523086002,0.521923906,0.457951169,0.482951107,0.518655237,0.614429128,0.361078832,0.479572767,study,25
-0.259633045,0.704419188,2.18715076,-0.28547235,0.512144315,2.23069393,-0.356399032,0.368653511,2.12892807,-0.153076951,0.416324721,2.35171025,-0.299310365,0.156900194,2.07607,-0.090267626,0.20148011,2.36270325,-0.095970424,0.186005557,2.09999843,-0.016910989,0.231351513,2.13062118,-0.020199545,0.219660419,2.10474316,0.03327165,0.244509907,2.10485533,-0.260638368,0.162753547,2.2767592,-0.255565962,0.092914165,2.28926596,-0.296237764,0.025577644,2.24553923,-0.204864759,0.024660428,2.34652543,-0.349113306,-0.490795742,2.3516076,-0.210119232,-0.468304125,2.55038034,-0.364737569,-0.873090669,2.34788243,-0.180690273,-0.857350405,2.62053595,-0.318357548,-0.932979999,2.30313934,-0.122557629,-0.915698714,2.64945018,0.004260882,0.002926438,0.002949423,0.003948901,0.001946789,0.001262951,0.002672818,0.002565137,0.001582662,0.029035109,0.018375148,0.079994277,0.009374663,0.004494194,0.003972819,0.010843834,0.021557859,0.023640477,0.031000965,0.081428861,0.012823167,0.064939051,0.11645344,0.020613533,0.048383152,0.118003136,0.019351806,0.080116255,0.164852228,0.028892299,0.005356122,0.002951004,0.001935377,0.005909324,0.003634486,0.002583928,0.008051389,0.002162835,0.004114775,0.009954629,0.004408799,0.007831841,0.002073342,0.005112639,0.003651223,0.00259879,0.008398505,0.004246838,7.75387E-4,0.00104183,0.001165221,0.001539038,8.63196E-4,7.43866E-4,0.028326168,0.013427339,0.014857575,0.004484207,0.002336555,0.006931884,-4.15E-5,-0.10349151,0.048279192,-0.045803815,0.040481241,0.089306779,-0.194851613,0.064834112,-0.074441595,-0.013395705,0.022954633,-0.031865278,0.107658613,-0.085034035,0.093387448,0.046140512,0.03720678,-0.022324784,0.018400477,0.097461064,-0.027597523,0.027065427,-0.020935453,0.011036351,0.024743164,0.073783868,-0.025527423,0.054745023,-0.018060641,0.003772547,-0.001863873,0.097117775,0.110109256,0.017049922,0.111192279,0.095518596,0.021221927,0.015759388,0.042784919,0.028657261,0.127897325,-0.025874868,0.066115365,0.144411959,-0.033504336,0.092368043,0.130285835,-0.048933556,0.015447232,-0.059830016,0.060806429,0.07292253,-0.04947999,0.088165805,-0.017958067,-0.073393134,0.086807382,-0.027232285,0.011384653,0.133423367,0.604651618,0.595087448,0.356818448,0.710028607,0.341670238,0.417811455,0.538794148,0.61129031,0.36887151,0.387540664,0.497408033,0.542923416,0.724054737,0.469294828,0.323091472,0.348172836,0.59592056,0.504478797,0.499443508,0.792199391,0.225166674,0.459075056,0.753892483,0.3235479,0.45937118,0.764584433,0.305658169,0.438774399,0.721493977,0.369754604,0.618571137,0.550242683,0.367748596,0.600824766,0.560451817,0.376555562,0.705620333,0.319560164,0.439019573,0.620170551,0.444387595,0.441079421,0.329896269,0.585210672,0.505394543,0.341584831,0.775517526,0.347267986,0.420456234,0.633954504,0.44715259,0.585544876,0.5180262,0.421388883,0.585409902,0.482426902,0.443547367,0.417049461,0.299979739,0.586999856,study,25
-0.295187056,0.673868855,2.411632266,-0.336970052,0.490488769,2.451422156,-0.373463964,0.342328063,2.351624984,-0.212356555,0.36877308,2.619464938,-0.27512638,0.165722294,2.244248813,-0.086135675,0.176330498,2.557581078,-0.056179273,0.271211745,2.274484453,-0.014985628,0.293206541,2.32399875,0.007461552,0.336018048,2.294892891,-0.005794452,0.345126125,2.278608063,-0.293440781,0.11915977,2.473324281,-0.263888309,0.048158118,2.468208344,-0.288121616,-0.009587965,2.422297719,-0.219917045,-0.01489221,2.516375281,-0.374827583,-0.503665441,2.505765375,-0.265834628,-0.510518989,2.663402578,-0.390759513,-0.874932147,2.55843875,-0.287011622,-0.863973861,2.711554344,-0.349585598,-0.948009972,2.539279266,-0.205817097,-0.935462795,2.740014797,0.005615562,0.002450148,0.004851455,0.004224985,0.001410918,0.002626727,0.002114464,0.001249134,0.003791013,0.003684791,0.003108145,0.005029177,0.024159953,0.008815833,0.004269943,0.024870411,0.027890548,0.036997405,0.030152184,0.025759748,0.009589458,0.02746596,0.045223724,0.048608893,0.043371927,0.039349474,0.009117845,0.043482104,0.046749582,0.051013544,0.00241581,7.2308E-4,0.002635114,0.002534078,9.99253E-4,0.002578369,0.002791977,0.002234145,0.003219351,0.002891732,0.001465691,0.001922932,0.001401958,0.001132098,0.002267922,0.00173196,0.002048959,0.002560154,6.04032E-4,0.001330298,0.001216943,0.001494925,0.00122805,0.00344782,0.002361511,0.001229433,0.002651243,0.003179024,0.002100666,0.005980062,-0.053576074,0.038552699,0.03314751,-0.109478234,-0.02256992,-0.078119456,-0.158745725,0.098009051,-0.144473441,0.056070959,-0.037135745,0.030564168,0.056275358,-0.001455242,-0.041888059,0.051949717,0.057864958,-0.02091824,0.05127991,0.004635504,-0.039811134,0.054909458,0.045595789,0.010817324,0.043986389,0.006322531,-0.025941655,-0.022117339,0.021038643,-0.055281212,-0.113463188,0.08482093,-0.166407328,-0.100069288,0.050553131,-0.137952908,-0.097055477,0.071582972,-0.084507699,-0.107257815,-0.03145264,0.031734566,-0.02364542,-0.003145562,-0.046876217,0.074307237,0.068557538,-0.048553472,0.059678652,0.070456482,-0.024385811,0.009785624,0.015428308,-0.053227487,0.077348574,0.031921419,-0.029448451,0.025715448,0.005068413,-0.095807336,0.555528395,0.412214699,0.499467703,0.684588871,0.392343082,0.410146144,0.50364126,0.374538083,0.506175594,0.388957927,0.50160574,0.536067903,0.786180561,0.471424176,0.261746155,0.457415818,0.407056797,0.548712296,0.56742184,0.610635935,0.376410566,0.482743387,0.459478187,0.5169879,0.65386321,0.631439454,0.277939451,0.587893259,0.436145167,0.46964362,0.566602815,0.554121498,0.373757058,0.527346364,0.581802922,0.397556908,0.381597133,0.614097001,0.464817666,0.436099274,0.554784317,0.485500162,0.48878488,0.451778338,0.51772102,0.373295058,0.661646601,0.442621672,0.405318425,0.566634839,0.494418709,0.307280306,0.36143724,0.613585184,0.525616136,0.347437752,0.53771126,0.442739615,0.396791175,0.552864366,study,25
0.056148527,0.693774129,2.362759318,0.016879875,0.511407114,2.390097667,-0.043166575,0.369301698,2.270084152,0.153788205,0.420413371,2.553283258,0.057528641,0.182110967,2.214000136,0.234686885,0.205256094,2.528792864,0.268797514,0.314560668,2.247868015,0.244170168,0.319640421,2.286053682,0.319531441,0.373938911,2.235183545,0.282646344,0.373837323,2.244902061,0.077172071,0.145161714,2.404956091,0.090191487,0.072319725,2.410225,0.054021609,0.00182754,2.350606621,0.149934965,4.49753E-4,2.472136697,-0.003623042,-0.495273995,2.429828076,0.144020165,-0.495557764,2.655754015,-0.037270209,-0.879580353,2.479333818,0.07828056,-0.843330924,2.677819485,0.02057644,-0.940868255,2.433384606,0.130785823,-0.90540428,2.735124439,0.0037571,0.001029242,0.002419039,0.005049192,5.0031E-4,0.002326643,0.002011077,0.001223711,0.001562399,0.00658117,0.00382657,0.019727489,0.009861004,0.002495629,0.00226698,0.024035181,0.023960497,0.05168187,0.045922495,0.027101081,0.01488619,0.068053918,0.03538335,0.047649877,0.052010959,0.036130499,0.019257108,0.099136627,0.039882317,0.029759256,0.0018448,0.002485861,0.001846097,0.001571579,0.00344735,0.001930392,0.002780936,0.001323241,0.004016534,0.002554178,0.001582135,0.003786894,0.001939262,0.001361775,6.24717E-4,0.001882978,0.002998003,0.001677865,0.001301815,0.003039677,0.001487628,9.68118E-4,0.002476965,0.002334608,4.21819E-4,0.001157726,7.22944E-4,0.005117346,0.006862709,0.017284159,0.191654687,0.079907277,0.150372263,0.15869151,0.056958176,0.001165639,0.276605402,0.116522234,0.080343637,0.065564622,0.045577591,0.047328774,0.386840682,0.025741543,0.107429693,0.130238073,0.079882582,0.108145093,-0.03427001,0.035885208,-0.007302779,0.040505277,0.049037962,-0.001081291,-0.019683882,1.35189E-4,0.015693735,0.06826316,0.037175065,0.014364069,0.167418452,-0.153772837,0.03857486,0.116921637,-0.095976647,0.007974737,-0.119121545,-0.033175301,0.03907006,0.164717503,-0.069838061,-0.013147096,0.224991552,0.049007194,0.074310546,0.076560016,-0.031998515,0.121968672,-0.024026014,0.045787061,0.028653173,0.017710189,0.10464043,-0.016918751,0.020793714,0.047538541,0.055807148,-0.010411717,-0.020060044,-0.041736216,0.665880367,0.313263901,0.420348094,0.741330713,0.285497445,0.40290696,0.52856514,0.503186921,0.41680597,0.466067552,0.348167536,0.563539133,0.764955614,0.368220232,0.209539958,0.400685352,0.446753527,0.53713361,0.652803913,0.550994595,0.355147173,0.467141592,0.590255579,0.454907935,0.682885415,0.561842379,0.317586552,0.575836475,0.605789477,0.373826866,0.487383251,0.710809824,0.305229829,0.447128132,0.750258956,0.314992021,0.537633499,0.300724085,0.541527904,0.439903117,0.416581242,0.540697711,0.446678438,0.738877111,0.295043817,0.313390156,0.719743665,0.406920959,0.438009969,0.656254785,0.422912639,0.263925842,0.711108415,0.445682347,0.396116008,0.518048264,0.524535544,0.339637587,0.405737611,0.591854119,study,25
-0.245285281,0.705090744,2.194961213,-0.277480361,0.515902555,2.236343483,-0.353439075,0.372599538,2.131008438,-0.148928698,0.41287132,2.358040539,-0.296527202,0.157883061,2.081376371,-0.084083231,0.192157137,2.355658865,-0.095245922,0.187373739,2.100653809,-0.013552195,0.23329763,2.123090348,-0.018541824,0.225054176,2.100787944,0.027487612,0.249147776,2.092179854,-0.256926009,0.164400063,2.282815517,-0.252792155,0.094149128,2.295380933,-0.293694663,0.025640956,2.250360528,-0.203837102,0.023101965,2.354907326,-0.350134207,-0.487033235,2.351924528,-0.212366117,-0.46734944,2.551763303,-0.366314375,-0.873348825,2.347196034,-0.179966326,-0.859531611,2.620978225,-0.327445763,-0.93733182,2.305148112,-0.121499821,-0.918064688,2.653762551,0.005789129,0.003564631,0.003266559,0.004795664,0.001239755,0.002067919,0.002817618,0.001915973,0.001671148,0.030166395,0.017522981,0.079735732,0.009187792,0.005601569,0.003841925,0.011952342,0.020014549,0.021094095,0.026244751,0.085845551,0.013791238,0.060770205,0.121187297,0.023554608,0.043992402,0.12522157,0.022919063,0.074965433,0.167571639,0.030787318,0.004267229,0.003568842,0.002017951,0.004292303,0.004498758,0.002630419,0.007825508,0.002953748,0.002562273,0.007130717,0.005438011,0.008914041,0.002154853,0.005723202,0.004109226,0.00256835,0.007597757,0.003661416,7.27267E-4,0.001450523,7.65113E-4,0.00179735,0.002136905,0.001263922,0.027099788,0.013679026,0.016195215,0.005941259,0.002855592,0.008718023,0.142071625,-0.070015713,0.06281956,0.187779746,0.042517757,-0.020837519,-0.148484729,0.129206341,-0.140012688,0.106829562,-0.009622457,0.038591888,0.177759338,0.02528227,-0.007330413,0.070819848,0.077940983,-0.052864128,0.078634746,0.122037607,-0.041732003,-0.00103293,0.098574189,-0.032208504,0.061177259,0.110541226,-0.077158728,0.063109513,0.068142997,-0.06245891,0.152143374,0.125609348,0.028835751,0.142087946,0.125397078,0.044746174,0.11331128,-0.014341132,0.027278259,0.143048452,0.101245172,0.012541607,0.113277,0.092512502,-0.104895186,0.080392557,0.166472344,-0.082876581,0.001954971,0.076986275,0.052214667,0.19125797,-0.062826504,0.134561243,-0.099609595,-0.035150514,0.01442242,0.013443676,-0.006012754,0.022307389,0.500880779,0.582013855,0.427586703,0.631133597,0.434576792,0.426075847,0.621164293,0.556518041,0.327295028,0.375118437,0.499463639,0.540282422,0.705891922,0.504617572,0.318591793,0.457719135,0.606012593,0.444414939,0.510773163,0.768156693,0.237532761,0.416357656,0.738872556,0.358764052,0.476190921,0.736201518,0.309596709,0.472530257,0.732008854,0.326266272,0.530424288,0.59291705,0.396665012,0.510185519,0.604641623,0.401487325,0.680327305,0.385178758,0.425869683,0.57849581,0.435755201,0.465142853,0.37333432,0.602403194,0.470360957,0.300343312,0.802675864,0.320690029,0.344651446,0.628363737,0.481403131,0.548977314,0.471069005,0.440307836,0.55809462,0.386106284,0.50812574,0.430083656,0.306577886,0.595167419,study,25
-0.02709487,0.629975515,2.255679682,-0.044082808,0.449589325,2.254643765,-0.133425344,0.315024432,2.146903482,0.09687069,0.365205424,2.344044024,-0.009652279,0.200612126,2.031116741,0.245833425,0.216937745,2.247738365,0.164449678,0.322064995,2.052988412,0.196536059,0.324653713,2.072032882,0.206376299,0.375530811,2.025981318,0.201760782,0.368910176,2.029012847,-0.00614171,0.079782297,2.262373541,0.009809157,0.006925472,2.257149918,-0.035993719,-0.068925398,2.205727882,0.072831448,-0.058677849,2.305092082,-0.112065391,-0.517211141,2.313471106,0.077355399,-0.512627305,2.450107776,-0.128722472,-0.886338268,2.399471824,0.116551185,-0.866964878,2.515588788,-0.083673403,-0.931540711,2.350900447,0.188258066,-0.929255339,2.528618776,0.005909956,0.001345037,0.004698644,0.002788702,6.66376E-4,0.002442468,0.002927355,0.001922233,0.003920985,0.010792035,0.020024154,0.005734623,0.00352845,0.002419601,0.00340415,0.006242709,0.008244561,0.004828035,0.009438684,0.018243136,0.008207092,0.010148089,0.007358625,0.013430147,0.01493333,0.014724871,0.00805249,0.023491942,0.013287172,0.020501207,0.00162089,0.002567173,0.00234392,0.00179038,0.003391617,0.002139847,0.003109531,0.003454466,0.003751669,0.001980719,0.004808029,0.002335928,0.001505962,0.002523864,0.002141244,0.001096757,0.006930745,0.002676039,0.001076647,0.001414441,0.001805474,0.002143968,0.00461945,0.003823716,0.014569272,0.010204883,0.015837254,0.00411483,0.002871394,0.00349544,0.018421505,-0.041114471,-0.09567147,0.396067824,-0.059755323,-0.276285888,0.308637914,-0.044029051,-0.442469973,0.083264723,-0.013611905,-0.016559439,0.187392266,-0.031343237,-0.072567852,0.041803171,0.075506899,-0.08958418,0.039930262,-0.053741869,-0.021780064,0.077536658,-0.017028785,-0.04381689,0.066889542,-0.031774607,-0.04236216,-0.038180273,0.017788142,0.013723272,0.133327446,0.321219097,-0.095505308,0.055031532,0.319078692,-0.063616002,0.036454999,0.084216537,-0.1091439,0.098709294,0.043818292,0.008910099,0.012353956,0.082110521,-0.058321578,0.046210209,-0.029190812,-0.03633849,-0.049515491,-0.008567671,-0.012970522,0.019581753,-0.011651457,0.008664048,0.03322371,-0.006983051,-0.010095,-0.046997485,-6.8839E-4,0.020548181,0.675678783,0.496864911,0.36338738,0.45993415,0.400650218,0.386781292,0.447428718,0.400065356,0.258144052,0.470597156,0.588559335,0.454132946,0.752279403,0.545901317,0.196185015,0.502007496,0.525084631,0.467220846,0.610072912,0.550493787,0.392024779,0.535352817,0.391459915,0.518646916,0.619055945,0.511367393,0.40877097,0.506956168,0.467534097,0.505136683,0.459221522,0.589217636,0.380247169,0.489199361,0.615952123,0.357144287,0.549826365,0.604481443,0.379314075,0.382274199,0.538299166,0.519727137,0.373209646,0.776124752,0.341012851,0.319501048,0.807454391,0.337887749,0.4562628,0.514376165,0.506182245,0.350748228,0.673085882,0.453513513,0.485125003,0.444390168,0.526257449,0.549429316,0.463540521,0.483871266,study,25
-0.3070815,0.669159259,2.409633155,-0.329000886,0.484018379,2.457962172,-0.369165526,0.33644601,2.357354,-0.206379041,0.373641707,2.614580466,-0.27444004,0.158830978,2.25719431,-0.087325975,0.171644534,2.569621552,-0.055228054,0.279779138,2.287633207,-0.024714583,0.29804241,2.330537431,0.002325195,0.346115571,2.301786379,-0.002742432,0.359099124,2.294552345,-0.297267014,0.117005483,2.471087897,-0.270157626,0.046666922,2.46350931,-0.297338072,-0.00512895,2.420456,-0.227550233,-0.014537284,2.504144741,-0.368997629,-0.502040395,2.506184362,-0.261620281,-0.509566628,2.663598155,-0.391316991,-0.873259353,2.556911034,-0.285739262,-0.863194345,2.714320724,-0.349960178,-0.947822131,2.540020034,-0.20775779,-0.935897669,2.742258569,0.007698148,0.001190353,0.006470588,0.006284284,0.002043302,0.004596693,0.005891888,0.001752647,0.004993537,0.007473672,0.002415799,0.004292147,0.021330144,0.009044001,0.005189471,0.019311996,0.014326689,0.020559125,0.032884764,0.022915304,0.013397397,0.025847481,0.040784494,0.039580907,0.04633616,0.037227513,0.013733773,0.045788241,0.042399335,0.051294266,0.007849939,0.002008982,0.004712961,0.008034756,0.00244442,0.005275029,0.008467731,0.001818633,0.006008053,0.008722744,0.004025664,0.006164371,0.003391248,0.001081162,0.003083723,0.004133329,0.003322915,0.002754535,0.001598029,0.001539777,0.001710664,0.001793435,0.001715539,0.003689279,0.001820771,0.001199166,0.002055465,0.004109578,0.002407429,0.005646536,-0.10649408,0.006928281,-0.16965014,-0.113305934,-0.050293684,-0.16371479,-0.217583262,0.137587381,-0.21463175,-0.262855459,-0.093877574,0.135976788,0.049134314,0.011605171,0.043105798,-0.048227758,0.085105435,0.057549063,-0.050122087,0.029532642,0.031995643,-0.082301037,0.06008525,0.064848235,-0.042625382,0.048678693,0.038478969,-0.022067066,-0.00989903,-0.009300173,-0.059658892,0.095308471,0.019964705,-0.011302793,0.125475001,0.041824919,0.053286567,-0.019823064,0.004068565,-0.056270722,0.140470765,-1.1242E-4,-0.007761958,-0.013166866,0.132135749,-0.232134966,-0.146247938,0.143105128,0.007049879,-0.067678928,7.6015E-4,-0.064951462,-0.116075444,-0.102552326,-0.099822032,0.101930044,0.021185194,-0.069071563,0.035411821,-0.028934325,0.690231684,0.25467594,0.430706121,0.623316468,0.403619505,0.424759469,0.506602455,0.464145792,0.417847687,0.349831402,0.525855778,0.483036713,0.761260983,0.459400158,0.304560632,0.454003419,0.539671835,0.484053006,0.639266513,0.555927657,0.360008171,0.517083071,0.53604533,0.452002562,0.672403032,0.611857448,0.272660563,0.605996075,0.422283362,0.466974534,0.53025851,0.539276542,0.445413856,0.537641326,0.53940536,0.437452624,0.573365979,0.454635234,0.47100509,0.532465994,0.535976726,0.440661362,0.438316833,0.43239653,0.532727737,0.314805201,0.639158357,0.42223097,0.455447165,0.471576335,0.52341534,0.340933009,0.532152115,0.521358506,0.496822296,0.358701842,0.540986183,0.451885597,0.301801317,0.582810934,study,25
-0.314051875,0.670584262,2.409262926,-0.335135118,0.486163993,2.448686059,-0.369343362,0.337925763,2.347905809,-0.214045544,0.371229351,2.610782809,-0.289133701,0.157477628,2.246014397,-0.08853142,0.172599543,2.564660632,-0.062989352,0.26503945,2.286529265,-0.025005586,0.295088384,2.344234647,-0.001234568,0.330816829,2.303371779,0.003200383,0.349938306,2.306743926,-0.298126851,0.115008997,2.463235956,-0.2699418,0.044134614,2.456652132,-0.295208779,-0.006358512,2.412592279,-0.228332122,-0.016676869,2.498982074,-0.366935469,-0.502436316,2.504083,-0.262416825,-0.513970046,2.665292397,-0.3908184,-0.872800506,2.556015971,-0.287572303,-0.86427355,2.711357647,-0.349751853,-0.947820343,2.540659662,-0.206814199,-0.934560757,2.743101926,0.024586288,0.002797964,0.011586213,0.009776814,0.001567763,0.005830651,0.006514674,0.001310561,0.005530485,0.008035324,0.002682398,0.005677383,0.016933168,0.006149455,0.007710127,0.016768901,0.016896131,0.026141593,0.025233923,0.026767619,0.011511279,0.024770647,0.032458271,0.038582853,0.036836541,0.03833782,0.012491535,0.046688206,0.045049762,0.03062048,0.014142406,0.002184587,0.002896741,0.015062276,0.002942612,0.002422025,0.016331891,0.001601905,0.005338687,0.015680671,0.00497421,0.003286907,0.00396394,0.002509634,0.005952002,0.004144015,0.002697325,0.00543873,8.36686E-4,0.001219734,0.001682737,0.002047877,0.0029176,0.003457792,0.002455872,0.00153654,0.00273781,0.003930429,0.002156735,0.006916658,0.558893421,0.076034933,-0.07549639,0.322283594,0.080296308,-0.275143573,0.461507941,0.256158507,-0.300058973,0.115033503,0.080653077,0.014302929,0.030116491,-0.110261282,0.002428532,-4.68472E-4,0.075333052,-0.005520882,-0.041663345,-0.045025792,-0.045448935,0.028162401,0.045816005,-0.0205294,-0.020675578,0.010653301,-0.031870451,-0.058771376,0.009880118,-0.040153107,0.289188459,-0.109640291,-0.144093245,0.263669553,-0.123648189,-0.104735867,0.3391163,-0.076169822,-0.224354685,0.132612322,-0.087399258,-0.077814545,0.211206305,0.032581185,-0.100784313,0.163455051,-0.018838392,-0.107442452,0.136688257,0.056325258,-0.162552087,-0.008586687,-0.079557356,0.043700393,-0.04000236,0.046970708,0.033796693,-0.044039849,0.02097902,0.18752092,0.427318078,0.353602379,0.414112378,0.502515329,0.43999775,0.369679906,0.316798544,0.405393019,0.356963822,0.470915354,0.535592013,0.477497163,0.731428382,0.460057502,0.335531463,0.423038186,0.508167676,0.520604009,0.553941392,0.622614542,0.375873981,0.440462638,0.554899602,0.489572689,0.683120529,0.614817883,0.262496784,0.481877128,0.520256293,0.48750645,0.506153727,0.566137594,0.366842717,0.454986446,0.611749167,0.384370866,0.447635099,0.501447006,0.392728303,0.453646141,0.587296335,0.445236296,0.418530629,0.445988239,0.521551433,0.358257674,0.655213868,0.433884773,0.378036365,0.609168016,0.444555914,0.300335441,0.504845476,0.561083402,0.533625462,0.372230156,0.527058548,0.474001557,0.393783902,0.515528069,study,25
-0.203088255,0.700261033,2.196589057,-0.26320849,0.520131423,2.240023977,-0.341693724,0.375933122,2.129572545,-0.141163252,0.417354827,2.391584875,-0.28604672,0.160660664,2.080376989,-0.074793518,0.188454375,2.36482675,-0.066224135,0.167925417,2.100316795,0.012474266,0.194547794,2.129414182,0.01738491,0.190207972,2.105045511,0.062982632,0.199408118,2.099337148,-0.241202147,0.167668291,2.285372693,-0.236742194,0.097167919,2.297747409,-0.274943308,0.028076381,2.251259045,-0.189226828,0.024640993,2.359033966,-0.346727747,-0.490330631,2.348087864,-0.207845823,-0.462267882,2.546977636,-0.364372803,-0.871333416,2.345053875,-0.180718868,-0.857886981,2.620692761,-0.30572131,-0.927203492,2.301294443,-0.122912095,-0.915203491,2.647509943,0.009867662,0.005456604,0.001838999,0.003730326,0.001296273,0.002573254,0.004224877,0.001429203,0.001853013,0.019862666,0.009737581,0.052440818,0.014523235,0.00760117,0.00493516,0.008409936,0.020940887,0.021205978,0.04013362,0.091764546,0.013515937,0.050102228,0.118487243,0.021849598,0.053994134,0.12934063,0.026873842,0.063017506,0.159970073,0.034511697,0.004929593,0.003221928,0.002845944,0.005246614,0.004055413,0.003669987,0.007939806,0.003386432,0.004052647,0.007118811,0.004008219,0.007153531,0.002072493,0.004422699,0.002941418,0.002571457,0.007661319,0.004232185,6.8768E-4,0.001138305,7.67769E-4,9.67157E-4,0.001785552,7.98846E-4,0.02509066,0.011477915,0.009230768,0.002717521,0.001400592,0.004529703,0.089315256,-0.05284244,-0.001000969,0.071870589,0.089211899,0.075073917,-0.198796243,0.267586998,-0.059689425,0.143836215,0.008609936,0.103492188,-0.061386622,0.018409508,0.036329008,0.082360061,0.003454289,-0.112613296,0.014503228,-0.066274142,-0.011770084,0.083875844,-0.033287702,-0.037670121,0.056681306,-0.077087316,-0.017657806,0.066588077,-0.016626199,-0.058444448,0.034246727,0.077193104,0.051371435,0.021478447,0.077956901,0.030876664,-0.059868387,0.062154719,0.069110297,0.089036482,0.02259977,-0.043944548,0.153540744,0.106703067,-0.088614507,0.014462315,-0.013727365,-0.01967218,-0.04784847,-0.115015171,0.058008966,-0.092811653,-0.11401595,0.058855514,-0.075085729,-0.156827316,0.103735837,0.042546512,0.106402204,0.137562016,0.551175752,0.691768628,0.312467478,0.630516105,0.426290925,0.438494292,0.545812501,0.459189538,0.424341755,0.364458271,0.577433271,0.489682348,0.774385178,0.432551015,0.312176706,0.333681328,0.591903947,0.497133773,0.544471073,0.767200412,0.221951303,0.399472519,0.764102046,0.342029232,0.520682262,0.744072144,0.277363617,0.414089764,0.730225146,0.368871303,0.541840717,0.595437189,0.404855922,0.522720564,0.596733661,0.418709616,0.50846265,0.455934961,0.502443774,0.577584911,0.519546303,0.431584974,0.373975959,0.577952993,0.481336857,0.302839162,0.811523239,0.344266733,0.427915443,0.643766335,0.42921746,0.465174119,0.568183666,0.458484711,0.47837892,0.519077052,0.467904138,0.37572881,0.371604659,0.573445454,study,25
0.055711414,0.6931476,2.365654333,0.011589826,0.510693824,2.394378197,-0.050944121,0.369574045,2.271975939,0.149128871,0.418843355,2.555158864,0.058527001,0.189721255,2.208252333,0.229121903,0.210477356,2.548106288,0.265823977,0.31638648,2.235680076,0.268621624,0.313972295,2.300144045,0.318695576,0.376936856,2.226145318,0.284614127,0.375105364,2.236662788,0.072305749,0.149716547,2.404817136,0.085575003,0.077832081,2.409330379,0.049333938,0.0052348,2.347000667,0.146490038,0.005552769,2.472075667,-0.006130749,-0.492478661,2.427929439,0.14095115,-0.492354618,2.650392864,-0.03789513,-0.878073091,2.479740394,0.076619968,-0.840621494,2.676965652,0.021495464,-0.939957439,2.433910621,0.127984689,-0.904476626,2.727971636,0.002846362,7.46095E-4,0.00171342,0.002553711,5.9823E-4,0.001899411,0.002915178,0.001413586,0.002018216,0.002538412,0.001486662,0.004222562,0.012540537,0.003685372,0.004810844,0.034088567,0.031093358,0.065120612,0.048004546,0.017004092,0.014181615,0.042931308,0.033363568,0.052812874,0.057030948,0.026539897,0.019525982,0.081909115,0.033760306,0.033515116,0.002607018,0.00204765,0.00254604,0.002732967,0.002606327,0.002895056,0.003669003,0.001546214,0.004416216,0.002171548,0.002630608,0.003403518,0.001071889,0.002511151,0.001190745,0.002000327,0.004541282,0.003318834,9.43426E-4,0.00252414,0.001240399,0.00111702,0.003406606,0.002774553,6.52382E-4,0.001310863,0.001454696,0.006444273,0.008913301,0.021506651,5.20089E-4,0.014600606,0.027814892,-0.035673446,0.032378079,0.003965534,0.021580284,-0.026174764,-0.095833617,0.086992209,0.003724656,0.059296265,0.272681034,0.033406213,-0.016642659,0.072305292,-0.0095373,0.014068562,0.082043634,0.020916321,-0.024612139,0.021164678,-0.016421647,0.011920816,0.072339621,0.027742218,0.022933508,0.00714833,-0.033766348,0.049484182,0.016612012,-0.095776964,0.112203664,0.02863119,-0.094118401,0.10902497,0.045565969,-0.08086225,0.168732704,0.035937261,-0.015815644,0.054127601,0.134428914,0.075441239,0.011747444,-0.034994536,-0.172268286,-0.057138534,0.002629017,-0.031360031,0.018749975,-0.031192736,0.056365878,-0.118042176,0.009674012,-9.10163E-4,0.011384147,-0.034058776,0.023932851,-0.060522546,0.687361935,0.352320365,0.439449339,0.722418339,0.327335257,0.420232186,0.642664576,0.504290241,0.385661572,0.346647675,0.401596845,0.586656762,0.776920828,0.336644994,0.308613892,0.396294245,0.502055746,0.533715045,0.717053659,0.527384735,0.303154817,0.521898163,0.538831594,0.458737925,0.741506832,0.486541901,0.308947331,0.596617183,0.528731633,0.414079628,0.567237288,0.607325142,0.359758363,0.531017224,0.631932016,0.366968992,0.576967922,0.353195556,0.479797525,0.510954789,0.449858632,0.506780386,0.361035632,0.76654936,0.348039074,0.267525587,0.684553716,0.450791079,0.33658719,0.747309599,0.394419366,0.287895582,0.657818279,0.467170224,0.409179147,0.474472267,0.543923168,0.32803019,0.318292189,0.619073322,study,25
