-0.148463133,0.695067956,2.387382267,-0.172161858,0.515339784,2.448529911,-0.290227351,0.31647611427777783,2.2575229590555552,-0.11518116616666665,0.460956684,2.494155422,-0.194172398,0.235064369,2.239787667,0.21524058,0.436799789,2.452375711,0.013096588,0.349345873,2.309310178,0.133412641,0.629565278,2.434208333,0.076166119,0.40098822,2.3198744,0.080868827,0.673693404,2.435449467,-0.14260864,0.167728276,2.460223467,-0.115717522,0.105876282,2.419940467,-0.173603038,0.02462822,2.3797388,-0.037347641,0.037549818,2.444919378,-0.221961313,-0.466481956,2.517459644,-0.016001859,-0.460512976,2.545055844,-0.222070771,-0.829976109,2.591221444,-0.012822607,-0.839527716,2.621916067,-0.274963422,-0.910593369,2.571791844,0.056518484,-0.915083071,2.610387867,0.0108731,0.005436663,0.007009032,0.005245267,0.001004598,0.002511548,0.005269985,0.001606361,0.003306653,0.006414074,0.010850207,0.0074073,0.00876709,0.002474778,0.002083934,0.008694791,0.006500616,0.006589662,0.024257885,0.017215625,0.009735892,0.035010226,0.019797061,0.011435764,0.031401352,0.020906372,0.011979108,0.044002882,0.019439403,0.013899272,0.001821096,0.003426278,0.002268605,0.00170882,0.003906303,0.001739846,0.001464724,0.003872103,0.002217589,0.001311224,0.003091173,0.001973795,0.0010956,0.001682603,9.9584E-4,6.03615E-4,0.002214883,8.23625E-4,4.0539E-4,6.7682E-4,0.001017191,4.97613E-4,0.002438829,6.46747E-4,0.00111026,0.001790382,0.002460685,0.001392385,0.00144462,0.003354683,-0.084748125,0.05533174,0.333140194,-0.142497657,0.016616191,0.235295303,-0.248356845,0.030106222,0.378206334,0.007363896,0.180282593,0.012922374,0.003310646,0.206832276,-0.151759316,0.078859494,0.005589852,0.016772563,0.023874849,0.013154803,-0.005935824,-0.101791408,0.01493387,0.057903156,0.058051299,0.033693397,0.013493226,-0.097262186,-0.013715691,0.032255756,-0.066343867,0.338128787,0.218565545,-0.082914912,0.420675398,0.112671301,-0.110332625,0.291355273,0.157139504,-0.014528237,0.381813136,0.056378934,0.105515664,-0.231871481,0.113387272,0.065489893,0.051985281,0.074884964,-0.031571596,-0.095791913,0.109955189,-0.026854436,0.059799666,0.039165116,0.079280486,0.160806176,0.036885292,-0.033670623,-0.040816922,0.109934862,0.636628973,0.37537663,0.311112979,0.604932229,0.352610073,0.419941732,0.396238709,0.509358004,0.319554537,0.401752865,0.627929064,0.44041738,0.658566074,0.473759732,0.337819085,0.579514664,0.408236113,0.483637891,0.679159024,0.52961161,0.342560415,0.722667332,0.492117561,0.312379531,0.723322748,0.468717842,0.338674264,0.722658769,0.493510467,0.315823498,0.33867789,0.646296553,0.335951282,0.253702774,0.696589232,0.326866543,0.281310485,0.632520739,0.417300542,0.338647543,0.658942554,0.369170206,0.447280009,0.644541645,0.366816546,0.363603597,0.750005476,0.363274162,0.367586116,0.562769998,0.495130896,0.37730569,0.664265818,0.439392596,0.298087494,0.459330631,0.566469101,0.435935929,0.291788699,0.580735693,strong,24
-0.327980959,0.683610528,2.479796048,-0.310805483,0.492353434,2.546163446,-0.435689993,0.370523571,2.467594181,-0.122069845,0.392048095,2.556401169,-0.352156552,0.230023518,2.317674578,0.081935805,0.396110984,2.493287855,-0.188876376,0.346390013,2.350781277,-0.054935925,0.574220046,2.469773361,-0.128240454,0.386664736,2.359183566,-0.100273946,0.614222111,2.468293614,-0.285349293,0.143032687,2.558498446,-0.271129669,0.076070297,2.531432193,-0.334209801,7.15392E-4,2.512178253,-0.194344557,0.00816513,2.540895169,-0.385764283,-0.472081893,2.636733614,-0.161864765,-0.475516384,2.653877602,-0.397478524,-0.860491406,2.684749277,-0.162538316,-0.85868591,2.690213181,-0.430040789,-0.936022769,2.654319614,-0.138548905,-0.939590792,2.646019217,0.00467181,0.00112473,0.002443886,0.001078094,0.001091065,0.001107256,0.001033943,0.002985394,0.00206972,0.004422729,0.011710027,0.004869061,0.012814931,0.007517389,0.007068325,0.003605131,0.004071979,0.003366648,0.009772928,0.008781378,0.010644637,0.025590417,0.018381727,0.012672649,0.009771931,0.008780619,0.010644409,0.031445613,0.032315113,0.01285501,0.001286694,0.003889023,0.001424396,0.001299105,0.005034375,0.001260176,0.001292789,0.004673822,0.001465165,0.001797533,0.004617177,0.00134898,7.46885E-4,0.002687215,0.001257716,0.001169352,7.38138E-4,5.89656E-4,0.001567066,0.00333111,0.001820206,1.60821E-4,8.98688E-4,5.42445E-4,0.001536821,0.001828031,0.00502815,9.96805E-4,8.14596E-4,0.001675801,0.203104325,0.032768497,-0.118293304,0.019701181,-0.100039884,0.031224079,0.052194798,0.085857273,0.025921137,0.049330268,0.176226473,0.011149375,-3.11492E-4,-0.035892595,0.025918241,0.059932161,0.094220263,-0.03526329,0.007909239,0.001862988,0.025186927,0.037981171,-0.032444643,0.068231602,0.007961282,0.001876794,0.025207317,-0.011518203,0.023325272,0.05754763,0.043574669,0.230062374,0.075208773,0.03730389,0.250768441,0.046804912,0.106628409,0.270162641,0.036421227,-4.03636E-4,0.25800983,0.017119874,0.09397587,-0.044876601,-0.030854651,0.194633445,0.004848119,-0.061259534,0.01286927,0.021552286,0.005049134,-0.00890932,-0.015269013,0.037738049,0.07170531,-0.035942971,-0.015581922,0.055698945,-0.023615773,0.117985918,0.490453812,0.409263126,0.5042789,0.592635087,0.414420099,0.475577518,0.381104176,0.646657844,0.45432314,0.347005011,0.71387133,0.402262865,0.652256459,0.496162471,0.395932576,0.609947556,0.272946279,0.512898855,0.491964712,0.545249495,0.472825296,0.613325907,0.637571038,0.310796618,0.491966334,0.545265133,0.472813866,0.618988935,0.642035111,0.304186842,0.571150405,0.696532769,0.23397376,0.425598063,0.802012981,0.216738626,0.433554237,0.757132156,0.263168116,0.464133478,0.755079467,0.259099987,0.237698976,0.79568025,0.377685147,0.336926543,0.72233709,0.391503239,0.335100861,0.626578138,0.491030913,0.240793117,0.66038583,0.495234653,0.389196364,0.356250497,0.592626835,0.4431858,0.38111518,0.554191686,strong,24
-0.428518088,0.710269241,2.355933041,-0.423655342,0.522285169,2.411596162,-0.553009827,0.381184293,2.331616595,-0.257577361,0.441575,2.425441135,-0.544366165,0.180140964,2.252451635,-0.100118997,0.360063438,2.283771297,-0.307703319,0.256973359,2.249264824,-0.194395376,0.54572982,2.281636446,-0.249061055,0.296608759,2.234266622,-0.229715123,0.585367336,2.303614608,-0.379012719,0.175163503,2.420741635,-0.368035273,0.106154048,2.419391081,-0.422940007,0.0290324,2.395414284,-0.294008424,0.04125789,2.441320878,-0.455216519,-0.45787027,2.530896432,-0.250986638,-0.474306361,2.583513297,-0.511575241,-0.853529619,2.586660243,-0.176774623,-0.857886273,2.606895973,-0.572614596,-0.928245393,2.565305784,-0.115023522,-0.942340208,2.583146649,0.001672521,0.002085888,0.006927288,0.002144815,0.001196256,0.007186694,9.83023E-4,7.39206E-4,0.006302827,0.002657705,0.007495122,0.007529025,0.003060999,0.001092639,0.007305383,0.00478654,0.007569889,0.005934529,0.01532247,0.012018147,0.009335857,0.007828658,0.00683101,0.008744805,0.01532325,0.012018546,0.009336395,0.015686918,0.021404676,0.010635703,7.48576E-4,0.002154086,0.007318532,4.92319E-4,0.002780128,0.006661395,7.38997E-4,0.002461149,0.006433646,7.2262E-4,0.00293521,0.006756896,8.92412E-4,0.002249692,0.004571588,0.002350305,0.005384596,0.005170927,2.79066E-4,0.001501127,9.43586E-4,0.001128508,0.003587433,0.001586315,0.001324473,0.001617976,0.002255369,0.001747242,0.001603715,0.002713307,0.101312634,0.007226546,-0.067259309,0.179069872,0.188698391,-0.330818391,0.081377248,-3.47701E-4,-0.45168204,0.034254385,0.102210046,-0.10310915,0.131899818,-0.123487341,-0.218357453,-0.046579253,0.094550694,3.67E-5,0.022914373,-0.01927041,0.005597772,0.068431444,0.077755257,-0.053279191,0.022944596,-0.019256513,0.005590252,-0.002129277,0.05072252,-0.048835108,0.019491233,0.168584624,-0.311322772,0.020177139,0.158676674,-0.338324032,-0.003713151,0.057579934,-0.385097017,0.043831633,0.175562602,-0.31353861,0.034612525,0.030423522,-0.374706388,-0.055417409,-0.026516084,-0.170011603,-0.068451265,-0.057637546,-0.099353998,0.047582664,0.170936904,-0.114581695,0.017407247,0.027560082,-0.028992289,-0.015489346,0.037915579,0.017679374,0.399515988,0.63566173,0.448883697,0.409612047,0.424063181,0.417258694,0.296117636,0.535616524,0.309349908,0.204277097,0.810438508,0.356670686,0.473955163,0.441376634,0.467490313,0.431132744,0.723459219,0.364534661,0.584772919,0.505494709,0.440366255,0.515451201,0.493157612,0.479987589,0.584779594,0.505499307,0.440358791,0.430097757,0.636587845,0.440809208,0.17831667,0.757932621,0.277802388,0.161307628,0.790429741,0.19685512,0.215684305,0.713169963,0.25212396,0.221994662,0.790493372,0.199551675,0.329381839,0.665215683,0.272477427,0.442385615,0.751134968,0.286327544,0.286103692,0.650725894,0.475852721,0.315444348,0.727713741,0.386456013,0.384956032,0.499242937,0.54133421,0.448568387,0.438451824,0.543375374,strong,24
-0.608488837,0.531006366,2.402116133,-0.623940102,0.348272894,2.467276976,-0.725053488,0.247272701,2.369804229,-0.448017937,0.284556841,2.472854675,-0.65317813,0.099062262,2.242327,-0.260002122,0.327823981,2.435405723,-0.511490857,0.215570517,2.294100747,-0.403377794,0.457822198,2.435385229,-0.448989582,0.276425796,2.32431653,-0.443837201,0.500457417,2.443045024,-0.581577975,0.025602107,2.478037422,-0.562274411,-0.034917494,2.452777422,-0.614708092,-0.110301024,2.414423422,-0.487166001,-0.09872022,2.481172566,-0.680774224,-0.512895692,2.516494446,-0.467301504,-0.504624763,2.577379337,-0.721054095,-0.852271595,2.581435241,-0.447439494,-0.84852082,2.614631988,-0.745254923,-0.930064883,2.556948771,-0.410431119,-0.934151911,2.582465277,0.002360991,0.002078395,0.002186071,0.001064116,5.78799E-4,8.21525E-4,0.001864202,0.001027241,9.00591E-4,0.001804126,0.008017035,0.00611915,0.002128573,0.001781014,0.001147048,0.00327713,0.005057104,0.004239827,0.014902554,0.022876602,0.013103811,0.017436038,0.026638466,0.013475256,0.014901847,0.022877141,0.013103516,0.024052802,0.029538452,0.019212826,7.59717E-4,0.001596689,6.74855E-4,5.5568E-4,0.00203343,6.73623E-4,9.34629E-4,0.002461001,0.001890723,0.001265997,0.001663906,0.002173705,0.001563334,0.004020825,0.001987677,4.45347E-4,0.00356304,0.001127114,1.78268E-4,7.26607E-4,4.28255E-4,0.001360542,0.002184728,0.002568909,0.005600506,0.003614879,0.006032327,4.38101E-4,3.88835E-4,9.49731E-4,0.032991028,-0.038401653,0.076611876,0.066374096,0.042781821,-0.12107465,0.041376059,0.068946123,-0.022096501,0.039400412,0.170446433,0.01677147,-0.005483048,-0.020027775,0.045270055,0.134104541,-0.097727063,-0.016472597,0.010695617,-0.044051905,-0.022385761,-0.053623472,-0.105643206,0.042248426,0.010693324,-0.044046141,-0.022409312,-0.075348791,-0.057766634,0.03527918,0.047420757,0.22207933,-0.072922654,0.051611758,0.285236738,0.028648078,0.048041134,0.155689239,-0.037205448,0.110923622,0.197199496,0.096202874,0.066579244,0.107966835,0.017382052,-0.001401232,-0.189607614,0.097219218,-0.070766919,-0.038613286,0.072339779,-0.069519834,-0.104243293,0.118416154,0.006643021,0.032006564,-0.04194847,-0.076817748,-0.007415122,0.046838643,0.431534722,0.672783897,0.408942675,0.593195517,0.446157209,0.447705356,0.784216972,0.383793215,0.330135256,0.258999243,0.668333386,0.4703763,0.638002318,0.519805331,0.39113627,0.514298114,0.560649201,0.436208147,0.585815051,0.549603903,0.411987051,0.456932757,0.628376127,0.42798379,0.585804481,0.549614317,0.411986665,0.517802295,0.570970394,0.437055212,0.483362253,0.693925095,0.323783733,0.413627243,0.780723796,0.245436187,0.516884182,0.669527699,0.348349819,0.336652615,0.691092414,0.403924171,0.516881825,0.677752512,0.349565517,0.354038565,0.758017414,0.340841628,0.37113952,0.60870345,0.480816245,0.340671446,0.550284258,0.512180226,0.347995595,0.428548115,0.582411628,0.290117786,0.409633576,0.602232128,strong,24
-0.129592465,0.601128527,2.2242168,-0.07765662,0.427472023,2.257364317,-0.17089588,0.304096208,2.168507717,0.094107007,0.38133081,2.309109183,0.004543543,0.228730523,2.05246435,0.324729957,0.387055332,2.301204867,0.166318305,0.314849537,2.150905067,0.248097572,0.569611105,2.262444583,0.213729287,0.342565612,2.185384267,0.206467528,0.613636813,2.259531683,-0.030195403,0.072340783,2.267343417,-0.002199803,0.007960378,2.23410405,-0.053190492,-0.066293092,2.203215483,0.072159366,-0.048506399,2.2532718,-0.104965505,-0.536610213,2.35129775,0.140559228,-0.525231405,2.38835495,-0.139852505,-0.892518713,2.446159867,0.152537668,-0.889517992,2.450662817,-0.197166722,-0.953587783,2.431284417,0.196475422,-0.947269472,2.409140583,0.002808273,7.02744E-4,0.0041073,6.04073E-4,0.001154538,0.002525085,0.001782489,8.85595E-4,0.002931636,0.00489079,0.003865308,0.004662076,0.036699583,0.016224499,0.017735781,0.006239259,0.008040362,0.004600243,0.033093827,0.034505957,0.030768462,0.03447493,0.016711801,0.008423662,0.036526126,0.039699049,0.033916775,0.042732488,0.020799499,0.015476845,0.001181267,0.001319006,0.002361234,0.001307687,0.001379066,0.001905936,0.001865815,0.001269932,0.002220183,0.001812118,0.001245352,0.002295769,0.001079758,0.003196806,0.003474453,3.30502E-4,5.27502E-4,9.01295E-4,0.001108525,0.002187973,0.001075254,5.14678E-4,0.001468146,5.24133E-4,0.003649924,0.001274805,0.003507214,4.47332E-4,4.19878E-4,8.40191E-4,0.142735611,0.069368368,-0.231207956,0.158933271,-0.013326181,-0.167711076,0.222514828,-0.048921692,-0.126474858,0.029376047,-0.045324516,-0.061582803,0.067476792,0.049197094,0.037488609,0.002443324,-0.1676225,-0.017817858,-0.021493786,0.021013312,0.018740243,-0.022342093,0.022314717,0.011718692,0.002123656,0.02015423,-0.006503798,-0.028149226,0.015691768,0.003760795,0.171057888,0.135459717,-0.143520532,0.087473578,0.089925755,0.002318519,0.016976602,-0.032862704,-0.077947411,0.074653512,0.061703197,0.009341962,0.026997015,-0.174065354,0.13613535,-0.044513438,-0.116676318,0.158330244,-0.059605953,-0.044562393,0.047059698,0.088103544,-0.191236689,0.05877195,0.039364401,-0.03750593,-0.125717058,-0.031933409,-0.047960843,-0.115206317,0.631758156,0.278247068,0.431377102,0.452384292,0.492520735,0.475787055,0.65357793,0.365299611,0.410562402,0.651538971,0.550233773,0.350078893,0.705911128,0.42287181,0.384687965,0.603359189,0.618713588,0.321696068,0.581659711,0.471115143,0.458879176,0.753134471,0.487490038,0.297404987,0.565505505,0.511898822,0.447610473,0.685403252,0.481059692,0.374679745,0.537323514,0.563607921,0.378397135,0.50896376,0.581633191,0.429938145,0.561568252,0.532141792,0.43056251,0.595511793,0.528790623,0.411752416,0.254305803,0.727497045,0.399925042,0.473369461,0.554856718,0.438326581,0.426661742,0.748777884,0.339267911,0.365152124,0.671392667,0.416434966,0.506639002,0.3062498,0.54654696,0.419396682,0.418685693,0.548401495,strong,24
-0.114687058,0.628509444,2.335972298,-0.072291555,0.445554675,2.367163789,-0.196337979,0.331605405,2.279783842,0.088058505,0.356236454,2.337830404,-0.084195585,0.221214239,2.122773596,0.277170095,0.376613204,2.190623439,0.090712893,0.337188733,2.180581544,0.21650514,0.557291986,2.110309316,0.158647193,0.3270798,2.184523947,0.192666502,0.621091051,2.093052895,-0.048135883,0.065704743,2.377453509,-0.032276852,-0.002421035,2.325530737,-0.096712952,-0.075702762,2.299815351,0.043426748,-0.060656593,2.334720842,-0.143145723,-0.511276447,2.445738632,0.090775794,-0.496662772,2.43440307,-0.178078356,-0.8692045,2.549038596,0.116456151,-0.86393514,2.51192886,-0.182213033,-0.937389642,2.530317474,0.122962377,-0.929871654,2.482969193,0.005487822,0.00390789,0.003343694,0.003291332,5.83187E-4,0.00217171,0.004306114,0.004362674,0.005365649,0.004342174,0.003842491,0.003916208,0.015255402,0.012388217,0.007144581,0.009349044,0.011574183,0.010252944,0.023563666,0.015840605,0.02086475,0.038303861,0.020619822,0.012615356,0.023565778,0.015840766,0.020864485,0.047629706,0.033408489,0.017189998,0.001506037,0.003156106,0.001540845,0.001238548,0.003942316,0.001409952,0.001483379,0.004426607,0.002302124,0.001918721,0.002409803,0.00176472,0.002553338,0.008212582,0.004050922,0.001547551,0.008751997,0.003834222,0.001629112,0.003136989,0.001487735,0.004198194,0.006412736,0.002985873,0.015851895,0.009401145,0.019480436,0.007841793,0.012173633,0.0192823,0.362619329,0.06905778,0.120291075,0.269468616,0.059650744,0.079797423,0.221352727,0.012266893,-0.048393899,0.119551281,0.008007071,0.086570369,0.015937599,0.017628581,0.002508446,0.122792711,-0.043199666,-0.050256751,-0.061246046,-0.015334853,-0.018396724,-0.106988555,-0.087041469,0.043241489,-0.061214613,-0.015339896,-0.018391337,-0.113845432,-0.042954828,0.020113682,0.039289143,0.060285353,0.058091726,0.052926011,0.133000999,0.043681903,0.040447514,0.087313678,0.065982548,-0.039189494,0.077569421,-0.016732176,0.061308242,0.194479376,-0.047527661,-0.058702326,0.151868724,-0.006491745,0.010063614,-0.022110749,-0.015776959,0.1082708,0.113109333,-0.024217848,-0.027302644,-0.030225708,0.071130642,0.026388406,0.039060257,0.029598895,0.527801477,0.491106374,0.383556592,0.433441384,0.389333137,0.52545062,0.606573047,0.438412187,0.428493891,0.497947574,0.6114578,0.4064732,0.714004573,0.534682575,0.304850129,0.500607089,0.523067111,0.466662444,0.73674008,0.457821416,0.335417708,0.752269207,0.443189927,0.313566335,0.736735401,0.457826529,0.335422461,0.719801191,0.4941901,0.319305017,0.569548064,0.720439398,0.251579699,0.486555604,0.792663356,0.214884402,0.384689464,0.755114395,0.350479108,0.614268534,0.423851992,0.456568111,0.325887272,0.707653632,0.405120231,0.352031999,0.705335006,0.408441918,0.401601065,0.722579165,0.385766365,0.481527652,0.617858155,0.413749468,0.61233889,0.374425411,0.476970158,0.546406093,0.491345493,0.468037197,strong,24
-0.597701765,0.532728859,2.40316475,-0.621147957,0.347628856,2.468321162,-0.717707362,0.244757882,2.365304294,-0.445806291,0.290347163,2.480924471,-0.653175475,0.090602122,2.241156162,-0.259515916,0.341718621,2.440313412,-0.479516116,0.205941563,2.308905706,-0.413971979,0.46461969,2.445350309,-0.439207676,0.252696574,2.315775603,-0.459937815,0.503673569,2.456441382,-0.579413531,0.025326146,2.478771029,-0.558982413,-0.03502575,2.454085029,-0.610540062,-0.112794409,2.412782176,-0.484622775,-0.098560692,2.485195147,-0.680963156,-0.511616096,2.515793632,-0.467354718,-0.502341044,2.575800765,-0.721135006,-0.851941716,2.580924029,-0.447665847,-0.84895575,2.614803838,-0.746976641,-0.930531993,2.557774044,-0.410404916,-0.934140068,2.582411735,0.00235281,0.001558174,0.001277666,0.001064538,4.49432E-4,7.89946E-4,0.001945674,0.001572619,0.001355161,0.003276317,0.0060747,0.00430643,0.003460733,0.002554359,0.001258263,0.004787961,0.003032465,0.00388884,0.022524384,0.022029612,0.014003832,0.021742379,0.026264886,0.010953403,0.033185953,0.031178161,0.01345424,0.025691669,0.026614737,0.012803081,0.001127254,0.003168719,7.36351E-4,8.71353E-4,0.004340398,7.0085E-4,9.85469E-4,0.006371199,0.001666264,0.001934029,0.004606851,0.003240332,0.001791915,0.00416284,0.002209474,4.5888E-4,0.001618293,7.96549E-4,2.2398E-4,6.30905E-4,5.08911E-4,0.001065039,0.001881528,0.001704111,6.99374E-4,5.35017E-4,0.001261536,2.2056E-4,5.00797E-4,7.73252E-4,0.143125878,0.02675388,-0.016067502,0.195985104,0.103431564,-0.076056004,0.146052199,-0.019713256,-0.04499905,0.095856452,0.172968415,-0.001551118,-0.012044389,-0.037195444,-0.053002705,0.198604266,-0.085101733,-0.03427861,0.03024156,0.180090453,0.049336015,-0.029776743,-0.061612336,0.019772877,-0.065857531,0.139972676,0.007272316,-0.023676822,-0.050500982,-2.5901E-4,0.10269143,0.081684413,0.029836104,0.141753725,0.089266115,0.122063423,0.063731533,-0.188811241,-0.111398016,0.106546692,-5.68394E-4,0.144085892,0.04152081,-0.00362858,0.035447695,-0.054540044,-0.096071844,0.008396019,0.011328228,0.061055074,0.024692533,-0.123867835,-0.176558281,0.159914735,-0.042174366,0.034940084,0.190216115,-0.071966091,0.084541458,0.045273959,0.401359406,0.6076491,0.465137922,0.59624634,0.40871946,0.447733414,0.598550038,0.510858485,0.412117567,0.356155691,0.722377934,0.385164105,0.541740858,0.634068441,0.375695932,0.656504907,0.479155101,0.370620046,0.548765943,0.514001696,0.436432835,0.515578272,0.675286762,0.358953501,0.642279552,0.543788661,0.35528258,0.566724075,0.641349866,0.353136864,0.413284283,0.800286315,0.277966479,0.348153648,0.80801329,0.275910371,0.359894362,0.776070404,0.306408089,0.314680816,0.589788097,0.492208004,0.493743726,0.702637027,0.348768769,0.344487649,0.770748135,0.360430671,0.361013254,0.618677535,0.483130892,0.329085074,0.52425734,0.501404396,0.383101408,0.426937612,0.538304539,0.266609324,0.464648979,0.583705585,strong,24
-0.60197932,0.530731509,2.396585382,-0.621788164,0.347434528,2.463870592,-0.722144083,0.243826614,2.363793908,-0.443175436,0.285570795,2.470692342,-0.650767876,0.092645899,2.240188039,-0.25649235,0.335721516,2.438090645,-0.50195188,0.223195183,2.296433803,-0.404326429,0.460646787,2.440378263,-0.44756762,0.279993368,2.316001961,-0.444928078,0.499783728,2.449358276,-0.579373086,0.026712729,2.474535066,-0.560315589,-0.033671358,2.450805079,-0.612923009,-0.109667284,2.412606526,-0.484847651,-0.097881652,2.479866763,-0.6790956,-0.509537578,2.513649961,-0.46688552,-0.504848271,2.576446987,-0.720971421,-0.85172392,2.580578724,-0.448647514,-0.850137278,2.615747316,-0.746877133,-0.930986108,2.558273776,-0.410098586,-0.934520034,2.583101276,0.001561858,0.002560793,0.001546242,4.74066E-4,7.83038E-4,0.001591413,0.004802145,0.003129059,0.001880545,0.00201631,0.007753818,0.006806777,0.002423276,0.005744165,0.002335592,0.003520548,0.003342719,0.003480884,0.021336213,0.022378858,0.018549919,0.016176093,0.017839268,0.012772659,0.026577063,0.03140757,0.018244793,0.022041317,0.020832406,0.015452487,6.47773E-4,0.001283146,0.00113389,7.29078E-4,0.001676843,0.001308631,0.001904366,0.001418903,0.001312747,0.00155049,0.001470937,0.002612673,0.001398078,0.003692827,0.002096652,6.87517E-4,0.00359225,0.001294482,3.16818E-4,3.60368E-4,6.8229E-4,0.001686281,0.002593002,0.003190118,5.32267E-4,7.61237E-4,0.001285171,1.26396E-4,3.93363E-4,0.001128892,0.008527197,-0.001012797,0.052181969,0.027413854,0.059813867,0.047553431,0.133190567,-0.043075473,0.018847227,0.049950982,0.038515917,0.025079719,0.04486458,-0.169766782,0.036853458,0.104933852,5.68085E-4,-0.051698873,0.035695482,-0.001114355,-0.037121108,-0.061333397,-0.08522637,0.053018723,-4.01144E-4,-0.012370686,-0.086481203,-0.064428619,-0.032002062,0.037443243,0.013136643,0.061726513,0.010069139,0.096616649,0.138901693,0.099213257,0.111050456,0.089451286,0.031186684,0.090234548,0.0983359,0.175749599,0.126051537,0.18204291,-0.032723194,0.055205907,-0.234629935,0.116227131,-0.039160801,0.045890702,0.077545241,-0.135330573,-0.002224992,0.188169589,-0.007618232,-0.089894473,-0.038131916,-0.051226943,0.094573554,0.031897481,0.442133493,0.603304313,0.459137941,0.50003762,0.477336359,0.499904563,0.695910371,0.428931368,0.385886578,0.28475282,0.64074696,0.494833027,0.580565891,0.593407549,0.362960133,0.544074313,0.544947478,0.434227463,0.626970678,0.498751721,0.412756612,0.465501044,0.625191989,0.42558264,0.640124299,0.493749324,0.398626692,0.554737306,0.577627339,0.410605823,0.485847777,0.717434625,0.340341628,0.356026657,0.807420988,0.281978577,0.548220246,0.66451273,0.333142651,0.369680625,0.658889533,0.409400932,0.491226015,0.649188654,0.368826019,0.346729326,0.761005643,0.317068271,0.394315358,0.687837553,0.413634278,0.365111769,0.505021103,0.503979355,0.347394194,0.384394939,0.594571289,0.225975434,0.406778592,0.614958663,strong,24
-0.121842076,0.603610322,2.2275971,-0.076151381,0.429670706,2.26238508,-0.16713027,0.304128884,2.17009926,0.096139446,0.383226076,2.31503972,0.011597431,0.228604414,2.05681386,0.328115938,0.38997737,2.30722362,0.162156935,0.334530122,2.14206836,0.263552634,0.575677438,2.27498368,0.212691317,0.373482652,2.16705398,0.223776642,0.611406874,2.26815064,-0.029856791,0.07427755,2.27281712,-7.29113E-4,0.010462415,2.23820278,-0.050846879,-0.063279827,2.2063722,0.072623236,-0.046512371,2.25825042,-0.103237642,-0.533397186,2.35374316,0.140855428,-0.52531793,2.39001948,-0.139800662,-0.89078157,2.44634888,0.153747344,-0.888129934,2.45054152,-0.197662176,-0.952801844,2.43424006,0.1959101,-0.946778852,2.4083329,0.001383347,7.11992E-4,0.001224441,9.23526E-4,7.06645E-4,3.98296E-4,0.001511921,0.001652081,4.69648E-4,0.003558925,0.004242277,0.004800698,0.037332557,0.020564557,0.022862706,0.004400006,0.006582057,0.001820089,0.038445466,0.048002103,0.036746316,0.044901831,0.015475652,0.008647618,0.054586521,0.063945023,0.04744076,0.055380304,0.024066212,0.015643285,5.86705E-4,0.001476206,2.55918E-4,8.97481E-4,0.001941303,9.10984E-4,0.001608638,0.00166957,7.75005E-4,0.001304187,0.001747068,0.001756677,0.001133999,0.003947953,0.002820604,3.75871E-4,0.001020719,4.28951E-4,8.07336E-4,0.002829319,7.20193E-4,5.63693E-4,0.001079477,3.22832E-4,0.002376483,0.001664655,0.004118715,2.06595E-4,3.60587E-4,7.2811E-4,-0.021270122,0.07715997,0.103395216,0.202319215,0.094905191,-0.039725697,0.022325966,0.273865831,0.012157875,0.080195143,-0.029671204,-0.014723744,-0.186098088,-0.047444428,-0.114430168,-0.006311563,-0.211000674,-0.017641151,-0.165424215,-0.126273493,-0.13885587,0.032048746,-0.078948331,0.036619906,-0.086981354,-0.125749664,-0.060238946,0.041393736,0.002083755,-0.024890386,0.145877488,-1.86264E-4,0.013610942,0.227671265,0.0341422,0.006190235,0.11789491,-0.093342396,-0.083538292,0.152388504,0.049790048,0.058784865,-0.09424234,-0.181893791,-0.031393966,-0.011451153,-0.001840455,0.030933262,-0.017230701,-0.039572745,-0.060507855,-0.005867489,0.022900329,0.024898929,0.014305618,0.045522406,-0.056602538,0.013653472,0.007672365,0.083612795,0.723573646,0.424291943,0.351891358,0.577320018,0.487129851,0.421199491,0.744796383,0.332474533,0.344229161,0.614831288,0.466304715,0.43372281,0.655597335,0.416926863,0.394713048,0.63425653,0.54288978,0.343857183,0.487566166,0.454333381,0.475346884,0.821916335,0.403926169,0.255679615,0.5267839,0.484433087,0.466987002,0.720333587,0.548789187,0.279753999,0.534687755,0.65738894,0.346011545,0.5762026,0.701645106,0.224851971,0.616189066,0.613635729,0.30499053,0.635467592,0.563871119,0.335070103,0.214324118,0.783065203,0.371235147,0.534968388,0.641317024,0.374181163,0.404053225,0.742790204,0.357227369,0.493874253,0.690121815,0.358870773,0.538951477,0.369151147,0.521530776,0.385623738,0.437213197,0.559112221,strong,24
-0.0950128,0.691148324,2.378998852,-0.145440202,0.513450478,2.414644704,-0.221860178,0.391110233,2.300899037,0.031132185,0.459887902,2.578874074,-0.098203367,0.234132106,2.222792,0.224980265,0.418255902,2.610724315,0.063607737,0.296694439,2.325381241,0.134369632,0.608086761,2.567172667,0.117544771,0.317548535,2.364083407,0.079493775,0.65519657,2.541152019,-0.086937057,0.178776398,2.424834611,-0.069480649,0.112869846,2.424473907,-0.113096652,0.02720853,2.362711556,0.005565333,0.03428661,2.484466407,-0.187877217,-0.510710776,2.476087315,-0.025744683,-0.472369796,2.642155722,-0.217883615,-0.87817628,2.509733037,-0.077097614,-0.834510663,2.71109063,-0.197156696,-0.93945295,2.451874481,-0.006151387,-0.887916015,2.772108204,0.005470585,0.002816582,0.003443044,0.002975677,0.001094008,0.001795308,7.704E-4,6.77739E-4,8.07808E-4,0.007970412,0.012641979,0.004974448,0.001641566,0.00133031,8.57526E-4,0.007379735,0.025876086,0.005511482,0.009214965,0.012679222,0.023677736,0.020253858,0.027732726,0.010680946,0.012352746,0.016806281,0.031446962,0.029112688,0.024563411,0.015160533,0.00180218,0.004219926,0.001984267,0.002001935,0.005560979,0.002748227,0.001042628,0.002911768,0.003591609,0.00380168,0.003675363,0.003247256,0.001563352,0.001592368,0.001909555,0.001537213,0.004716819,0.002428898,0.001552707,0.001632158,0.002147488,0.001094718,0.001775571,0.001039479,9.55404E-4,9.53725E-4,0.002159302,0.005526731,0.005285178,0.008231001,0.103677765,-0.102879458,-0.17000384,0.207373922,0.018632475,-0.081972325,0.10419936,0.095433556,0.022430049,0.119058982,0.118132452,-0.140869738,-0.05200923,-0.152682792,0.02913985,-0.079646887,-0.319507947,-0.089434095,0.052706944,0.077054134,0.003856923,-0.251783721,-0.302278269,-0.040123304,0.04684684,0.076273303,0.009098244,-0.288318606,-0.15929887,-0.001907023,0.115409119,0.253693221,-0.039151115,0.073579432,0.243795808,-0.058827503,0.010526959,0.177134627,-0.199894533,0.207344917,0.148421206,0.002941114,0.049013826,-0.006695692,-0.031662555,-0.103866161,-0.215991341,0.01053261,-0.087582658,-0.151523456,0.114317509,-0.03278379,0.040641781,-0.028599245,-0.018578113,0.028013065,0.062423389,0.043136415,0.034281592,-0.01611082,0.590008447,0.446645568,0.42006002,0.566138379,0.364007582,0.484900167,0.460740439,0.534217938,0.480673771,0.453819058,0.586032309,0.42582155,0.629200995,0.441673422,0.42539663,0.448076093,0.695488227,0.291446813,0.402557402,0.44446042,0.553454801,0.52549869,0.669596198,0.218696473,0.380008889,0.439426717,0.56360331,0.557333122,0.63818312,0.276293116,0.282736319,0.816866218,0.275366304,0.209903272,0.827423039,0.299431081,0.294490349,0.663160838,0.41298918,0.360949733,0.599046321,0.461370604,0.351120687,0.531013317,0.534478704,0.349562841,0.704117463,0.390132167,0.429683427,0.561240845,0.460257971,0.428678605,0.665461103,0.418379957,0.4815388,0.456267793,0.515742455,0.381276931,0.520999755,0.52947949,strong,24
-0.286178618,0.704935618,2.223133985,-0.316712203,0.520420263,2.270657,-0.365630646,0.37329546,2.163457701,-0.156801666,0.44946533,2.426844761,-0.300824446,0.171165436,2.099446284,0.022197209,0.345049418,2.398604179,-0.105925617,0.26983697,2.245213925,-0.06947915,0.539822627,2.35392903,-0.041214079,0.321560404,2.297212522,-0.120898466,0.580078675,2.333038194,-0.264878819,0.18494699,2.30412594,-0.253457903,0.11786767,2.313283881,-0.288315048,0.039162398,2.262547522,-0.195063673,0.047884381,2.374490537,-0.320320121,-0.476762566,2.336002657,-0.21264513,-0.462379761,2.57777909,-0.358885221,-0.879661254,2.33503897,-0.239804727,-0.846728945,2.65084991,-0.314272634,-0.946257078,2.311974791,-0.166439391,-0.908368387,2.710344701,0.012035644,0.002782101,0.003859999,0.009227474,0.001298502,0.003436979,0.007406156,0.004019014,8.96693E-4,0.010973382,0.011446184,0.007410255,0.012313923,0.003316615,0.002348806,0.010306341,0.003959433,0.004335471,0.013615935,0.019055334,0.017023883,0.024973415,0.009988128,0.01473639,0.01361451,0.0190547,0.017023679,0.022604797,0.012666219,0.014931899,0.01196537,0.003219452,0.002157886,0.012414212,0.004230693,0.002333346,0.012186981,0.002891822,0.002987418,0.013619275,0.004124047,0.004125691,0.0057287,0.006493598,0.011214316,0.005768505,0.00553539,0.003380573,0.001858111,0.001033373,0.001586583,0.003255673,0.005514433,0.002892661,0.019835335,0.014182627,0.023506153,0.005270254,0.005300266,0.007975712,0.287807907,-0.126010409,-0.033078153,0.458867403,0.061234452,-0.082841692,0.339011429,0.161436929,-0.005840209,0.117481872,0.055691841,-0.075025241,0.166040407,0.097710036,-0.059713421,0.042673294,-0.003350347,-0.071428521,0.106786634,0.201436506,-0.015942885,0.142346403,0.036140594,0.013031778,0.106752941,0.201398494,-0.01596049,0.102809271,-0.032014742,0.044414286,0.187598165,0.131698159,-0.026762993,0.15093031,0.121547141,-0.021502663,0.1358543,0.034022343,-0.041323131,0.155958091,0.103083308,0.016599705,0.106290099,0.012140044,-0.06424615,0.250522863,-0.045325858,-0.120387288,0.164229877,-0.128790629,-0.020793001,-0.010542134,0.048335881,0.003540237,0.031961966,-0.109288589,-0.001208767,-0.037966239,-0.02062453,-0.039006242,0.511170226,0.552725589,0.397252295,0.407157135,0.40441525,0.460451055,0.48442361,0.584123728,0.36454466,0.310467984,0.739589283,0.39552369,0.656161453,0.413572454,0.411302795,0.766027474,0.416938531,0.325571793,0.46599813,0.548274216,0.454865876,0.649915796,0.39752013,0.437147258,0.466002018,0.548265838,0.454880864,0.461560353,0.598460323,0.44602711,0.477059062,0.706038661,0.31936251,0.488397845,0.716925081,0.310864164,0.591582573,0.4904804,0.430656175,0.518033998,0.57996935,0.41478111,0.310156986,0.559615535,0.527011857,0.334223352,0.665813631,0.409030476,0.385002728,0.575706235,0.479628742,0.503362164,0.663401413,0.380041812,0.53974814,0.384900265,0.515852323,0.453592344,0.528233131,0.497537968,strong,24
-0.116600319,0.592465319,2.194447761,-0.067619452,0.431711591,2.247437701,-0.143312858,0.299754731,2.156058328,0.098327642,0.390111019,2.318819313,0.0242973,0.222574664,2.04119203,0.316361622,0.375391522,2.26949703,0.162354567,0.330419328,2.138742507,0.32515581,0.539677504,2.15023394,0.163573021,0.371358667,2.193535955,0.32191271,0.592310431,2.121060313,-0.029140052,0.070697344,2.256126358,-0.017230144,-7.97108E-4,2.254255433,-0.071203789,-0.076884178,2.217599,0.052619394,-0.058556201,2.289116642,-0.105103339,-0.49862171,2.307774612,0.09137842,-0.511499269,2.431745373,-0.120774561,-0.874106015,2.402447433,0.133458625,-0.870079215,2.499350896,-0.077685162,-0.917066654,2.342094209,0.175430734,-0.928885027,2.489454627,0.003032354,0.001847454,0.003896903,0.00224011,0.001603149,0.002491011,0.003615173,0.002007463,0.001931428,0.006126966,0.005885407,0.004917766,0.008876596,0.001921143,0.005876384,0.007192206,0.021325853,0.013715355,0.012876379,0.010690811,0.016432359,0.069908824,0.023635918,0.024526038,0.012876452,0.010690652,0.016434039,0.091702256,0.032413571,0.030579436,0.001451243,0.013958438,0.002854058,0.002237671,0.018010958,0.002409855,0.005766292,0.012262764,0.009077527,0.003043678,0.015357265,0.010223794,0.001559683,0.002119078,0.001754718,8.91624E-4,0.001756126,0.001360255,0.001524381,0.002785338,0.002324387,0.001183224,0.002222751,0.001375438,0.002126235,0.002783684,0.002445784,0.001139912,0.001795242,0.002068912,0.008900552,0.075316065,0.154410713,0.024905524,0.17952063,0.202384145,0.074960744,0.207608246,0.261630784,-0.100647094,0.002119522,0.028304193,0.054049016,0.12934851,0.132392844,-0.007295291,0.055693709,-0.011316332,0.003492711,0.02627924,0.009528827,-6.0355E-4,0.008066887,-0.017823518,0.003525055,0.026397118,0.009659922,0.017408508,-0.01045001,-0.032329705,0.081782631,0.203972054,0.128514023,0.118973248,0.236519607,0.051388563,0.171945026,0.145288154,-0.049533909,0.078050351,0.135420887,0.112689923,0.010702766,0.039399436,0.020794096,-0.051631087,0.012434575,0.048923048,-0.044913086,0.045977848,-0.001831565,-0.08703309,0.05157194,0.028301046,0.004332746,0.017764828,0.019719091,0.003507208,0.041108297,0.032866034,0.596620821,0.442673624,0.435135281,0.58493201,0.397405392,0.429107486,0.532689113,0.465924957,0.384428568,0.526693172,0.504311653,0.469679749,0.626991587,0.410822012,0.428613074,0.48510044,0.6520461,0.400561555,0.371580218,0.494855067,0.548177569,0.830071778,0.372939696,0.279315144,0.371541572,0.494853289,0.54818616,0.804578392,0.431896689,0.272421317,0.287653476,0.851995078,0.216392527,0.345455429,0.861725942,0.152344378,0.446314715,0.614731015,0.41912668,0.362775347,0.661580522,0.427182662,0.444733353,0.692587415,0.390393001,0.319609457,0.79436999,0.349250641,0.40480407,0.628069499,0.459516214,0.471964929,0.565929188,0.463576361,0.483831558,0.605141956,0.437852615,0.4198283,0.61385588,0.46252166,strong,24
-0.110443227,0.69731005,2.380186766,-0.147977386,0.515931466,2.412004781,-0.221910988,0.391183211,2.302974906,0.029307114,0.463846952,2.576811266,-0.095221954,0.236387458,2.22593375,0.22513353,0.415123106,2.614136203,0.065966302,0.310253092,2.337645641,0.144697548,0.606838986,2.564276844,0.119695719,0.334874975,2.3793885,0.093431733,0.654229181,2.540234828,-0.085118965,0.178788234,2.420562156,-0.069995781,0.111874861,2.423032844,-0.113329572,0.027145736,2.363458281,0.00476848,0.034950964,2.481587844,-0.18776235,-0.508681044,2.475119688,-0.025575381,-0.471540084,2.642532422,-0.2190341,-0.877769477,2.512335063,-0.077439551,-0.834329861,2.712702766,-0.196143534,-0.938476272,2.454848656,-0.006148629,-0.888364638,2.774091188,0.005531496,0.001186706,0.002018811,0.003032364,8.10988E-4,0.001137002,0.001245449,6.82828E-4,0.001121279,0.0078392,0.012868317,0.005750264,0.002401552,0.001174295,0.002076144,0.010988691,0.018596963,0.013140821,0.009851784,0.017643944,0.0245151,0.027256632,0.024983886,0.010593635,0.01302343,0.023505247,0.032896788,0.034698885,0.033618038,0.014475078,0.002928343,0.004109462,0.001489005,0.003384959,0.005522458,0.002109499,0.002702646,0.002719038,0.002203808,0.004821246,0.003935139,0.003585205,0.001331763,0.001832287,0.001737898,0.001274807,0.00304754,0.001436317,0.001474439,0.001870318,0.001602866,0.001222728,0.001492955,8.79218E-4,0.001209246,0.001365572,0.002296001,0.003235216,0.005632655,0.005542004,0.033367341,0.048451241,0.025696651,0.251007647,0.051370959,-0.062099454,0.287910418,0.067185037,-0.192878438,0.077438967,0.143204926,-0.142370819,-0.038299822,-0.035789179,-0.040525031,0.076765673,-0.031878638,-0.045372841,-0.006432946,0.002443933,-0.022017626,-0.184948886,-0.141746258,-0.060859794,-0.003646843,0.004121911,-0.019780253,-0.190954203,-0.159563124,-0.049973343,0.082509598,0.25001334,0.074234208,0.07475535,0.250131475,0.047551348,0.070886916,0.147571556,0.077248431,0.162607491,0.197702908,0.057611192,0.008236033,-0.03106382,-0.062466889,-0.022703786,-0.127644912,0.068088581,-0.092259612,-0.110679858,0.050008171,-0.040763444,0.040331028,-0.059743221,0.061454582,0.004639303,0.045562636,-0.040928984,-0.070307523,-0.056837556,0.65587133,0.33609144,0.466982276,0.516633853,0.403842367,0.489697305,0.477967741,0.550817294,0.379404329,0.4775774,0.608118003,0.398830654,0.58813909,0.436070879,0.470071024,0.471686649,0.724728021,0.335563968,0.381469512,0.451468676,0.562916948,0.628930008,0.679674474,0.178789345,0.373715867,0.449210319,0.566501463,0.557218353,0.690568679,0.253740836,0.306382654,0.80851385,0.278344116,0.285148771,0.818315931,0.282264263,0.36180801,0.607208031,0.471788365,0.383449629,0.576781924,0.464276187,0.325933222,0.596614018,0.506442961,0.410778288,0.681544605,0.402734626,0.41577856,0.538028963,0.497798937,0.502155061,0.659072642,0.378812798,0.416647553,0.434427082,0.553953348,0.407328657,0.516524004,0.518712998,strong,24
-0.286465916,0.668617752,2.388690615,-0.286474308,0.481775654,2.433687479,-0.325370096,0.332426861,2.323663813,-0.126428644,0.415448698,2.598140208,-0.166241358,0.213074709,2.24940149,0.055635767,0.423076102,2.6649255,-0.055480101,0.340634944,2.431547646,-0.040333534,0.583802997,2.567359813,-0.018559682,0.383155015,2.496769635,-0.080723807,0.605596764,2.522199896,-0.231141606,0.147230252,2.447911656,-0.214167436,0.081295541,2.449344333,-0.245530989,-0.009338483,2.380066521,-0.153480713,0.010200511,2.518933531,-0.312335532,-0.484860029,2.492500927,-0.184359717,-0.4759001,2.652417438,-0.336333576,-0.869102739,2.528783708,-0.198569019,-0.84963096,2.688221615,-0.288289349,-0.948357753,2.512358188,-0.145560575,-0.933003635,2.706401323,0.003460622,0.003349938,0.00726197,0.001426827,0.00305642,0.002652867,0.002979961,9.6414E-4,0.002154744,0.002711975,0.003131464,0.005280733,0.007803671,0.003406229,0.014030311,0.002749148,0.005530018,0.008668188,0.014953755,0.028542995,0.024348933,0.018011514,0.016659634,0.011408491,0.019133334,0.038220194,0.031476354,0.022510375,0.020425343,0.017895865,0.002687582,0.002400726,0.002818464,0.002999622,0.002677714,0.003070115,0.003371868,0.001851509,0.003762883,0.003583466,0.001923054,0.003398866,0.001836704,0.004231503,0.00308885,0.002471926,0.007146347,0.002356544,7.75358E-4,0.001872384,7.7351E-4,0.001938494,0.005537417,0.002329188,0.002115594,0.001237245,0.003025776,0.004712003,0.003095645,0.005492792,0.087568933,-0.111120166,-0.158019157,0.060404907,-0.209541401,0.017452633,-0.325427592,0.045269982,-0.008907842,0.008574122,0.0179525,-0.031031767,-0.020595129,0.031610165,-0.034825449,0.025876462,-0.119365208,-0.056935069,0.015354186,0.041421983,-0.026887678,-0.044000098,-0.049131054,-0.016992999,0.030751935,0.028293366,4.57047E-4,-0.017040492,-0.057881909,-0.050441216,0.141383812,0.004467641,0.137363922,0.131291546,1.7419E-4,0.142062519,0.142545609,0.001331219,0.064174927,0.191115842,0.098430602,0.07879022,0.128702548,0.031610709,0.083119147,0.063605812,0.031786277,-0.024771596,-0.102951026,0.174983702,-0.030086413,-0.037228376,0.013279278,-0.004231452,0.04041424,0.013735067,0.112464153,0.029231989,-0.036705535,0.00116552,0.557093455,0.549169898,0.391688966,0.474295564,0.461820424,0.501281733,0.49055404,0.495097239,0.44410581,0.504840748,0.476420857,0.502636291,0.485971621,0.478348464,0.510195312,0.446609839,0.680974692,0.390295199,0.552738901,0.537318923,0.442610764,0.596936411,0.610160827,0.357676608,0.562242617,0.537343463,0.437523672,0.559880879,0.576818626,0.408941405,0.231662658,0.74402932,0.402412455,0.250671941,0.760799237,0.380535437,0.315422353,0.439571046,0.57788461,0.295365323,0.578102335,0.504372829,0.325106644,0.666710167,0.451422979,0.339889048,0.853191799,0.264256885,0.301406933,0.696163279,0.430408357,0.290477944,0.824786006,0.334072873,0.458590139,0.290767755,0.577589426,0.474198094,0.400652657,0.548570676,strong,24
-0.643737755,0.528158156,2.303835244,-0.677079054,0.342238733,2.348254549,-0.704301343,0.215896382,2.230535793,-0.529039607,0.292231887,2.476609683,-0.581303171,0.074377438,2.16034439,-0.361773884,0.311501995,2.543764256,-0.487135989,0.204673248,2.292038049,-0.497860715,0.458627868,2.45164272,-0.424631449,0.265531644,2.322255451,-0.544091684,0.508703173,2.429054756,-0.61106625,0.035380557,2.366716902,-0.596549022,-0.025736702,2.372525451,-0.619172588,-0.115374477,2.302560439,-0.538876174,-0.094567439,2.44754428,-0.695319167,-0.515242285,2.374637146,-0.567806266,-0.493269729,2.550189793,-0.741734551,-0.880711629,2.420640561,-0.577326349,-0.852138472,2.605297476,-0.709574688,-0.944709326,2.389224293,-0.5061162,-0.921091715,2.640949317,0.003204403,0.001912293,0.008180851,0.00121008,6.50256E-4,0.001105488,0.001343404,5.56528E-4,4.92972E-4,0.004514124,0.009412231,0.006590555,0.00810693,0.005475308,0.006587817,0.005281223,0.008284086,0.005653133,0.015826333,0.018279163,0.022866043,0.028716591,0.013528699,0.021999831,0.015826574,0.018279044,0.022866059,0.037904268,0.017059875,0.030931994,0.001970986,0.009083852,0.001304602,0.002385766,0.011666967,0.00160169,0.003388268,0.004872973,0.003567187,0.002302149,0.006976445,0.005635457,8.30885E-4,0.002240382,0.001565512,6.57503E-4,0.001280647,0.001103014,8.41147E-4,5.47672E-4,9.41367E-4,2.62409E-4,3.73898E-4,9.29303E-4,3.76523E-4,7.38063E-4,9.97321E-4,0.003496092,0.001404037,0.006806195,0.050290206,0.044035903,0.052284006,0.109849647,0.138048766,0.080941246,-0.048106362,0.221845789,-0.045543764,-0.118729117,0.052496484,0.024690774,-0.077245932,-0.102816426,-0.026428776,-0.044049204,0.01788603,-0.063280291,-0.002024633,-0.014773308,-0.039217092,-0.131740177,0.009494509,-0.041170797,-0.002015633,-0.014765708,-0.039221423,-0.108003966,0.021823145,-0.054693686,-0.023865159,0.067831802,0.080547858,-0.036344345,0.044730969,0.056659779,-0.043855858,0.031486175,0.029934877,-0.012789523,0.026721018,0.065055514,0.016388153,-0.038144665,0.132292651,-0.011399647,0.018874118,0.01089343,-0.047886179,-0.019375259,0.036276766,-0.014291349,-0.028787675,0.225399964,0.046273806,-0.016713504,0.095886064,0.002791325,0.03241362,0.025731494,0.395397817,0.367956193,0.585604374,0.546238355,0.399200521,0.492515751,0.61552496,0.507592782,0.383905771,0.424867198,0.665154649,0.416183023,0.590371604,0.502352804,0.429302235,0.550652449,0.671017308,0.334496758,0.572034196,0.463637061,0.470177012,0.52166562,0.56454708,0.433424144,0.572033595,0.463641951,0.470174741,0.523069835,0.53448445,0.452786365,0.399850956,0.845166234,0.2180561,0.388671972,0.872612479,0.180655986,0.506310752,0.637392029,0.400168793,0.367174777,0.646620858,0.461118809,0.3419449,0.672893427,0.436327144,0.433726595,0.711397021,0.38256855,0.550679488,0.566802608,0.422951117,0.467253951,0.435094282,0.487909096,0.427704525,0.658808559,0.418108038,0.398336677,0.261235724,0.615762146,strong,24
-0.296872036,0.660845007,2.388375694,-0.290482381,0.473735306,2.439001542,-0.332137744,0.325882619,2.330034694,-0.132665565,0.411774275,2.581887167,-0.168921685,0.209708238,2.261472778,0.038108382,0.402977897,2.672147278,-0.073568871,0.301751496,2.387876181,-0.049753222,0.567088189,2.567012514,-0.030958147,0.315424596,2.423754347,-0.093655212,0.594019932,2.522944292,-0.234411456,0.143705422,2.447458722,-0.217423279,0.078699248,2.447539417,-0.24940264,-0.014712679,2.376157778,-0.155308893,0.007938102,2.516956361,-0.310599267,-0.490492301,2.496954528,-0.183259321,-0.478011085,2.656156667,-0.336171233,-0.870536307,2.530853069,-0.197521763,-0.848076449,2.685940333,-0.288821188,-0.949877692,2.512266375,-0.147472972,-0.930301235,2.705958736,0.002799316,0.001165676,0.001681329,0.001076303,6.45149E-4,4.88397E-4,0.001087606,8.83177E-4,7.51992E-4,0.003657665,0.012535353,0.005771695,0.001933848,0.002682499,0.002623972,0.007340263,0.008002477,0.013608282,0.05436336,0.019849767,0.039255583,0.018276238,0.016845907,0.013359125,0.074551172,0.036339701,0.053093011,0.023143679,0.017694676,0.01443339,0.001184616,0.004636186,9.88862E-4,0.001220546,0.005853888,0.001240899,0.001108884,0.002272138,0.001622138,0.001669413,0.004027764,0.004031992,0.001219826,0.00243139,0.002199387,0.002182525,0.006962878,0.001448292,3.123E-4,0.001292796,4.92102E-4,0.001609658,0.006099035,0.001578856,0.001942278,0.001277731,0.002670152,0.003779601,0.002997129,0.005309857,-0.096553168,-0.047792384,-0.130073539,0.120604647,-0.083138191,0.071323856,-0.134088832,-0.032260483,-0.073771914,-0.03426592,0.124449255,0.01361916,0.002300137,-0.064729136,-0.087510201,-0.019680981,-0.067783658,-0.069812218,0.007593233,-0.039849471,0.009498754,-0.01734849,-0.041640387,-0.009673217,0.013893297,0.024611226,0.021615456,-0.01628002,-0.03522947,0.00876661,0.071462723,0.042764881,0.007069692,0.039620122,0.059081756,-0.001511224,-0.074032132,0.041085506,0.120318266,0.073952081,0.139741047,-0.086485106,0.065060216,0.066746369,0.080555311,0.03523446,0.110306586,-0.04192972,-0.015274928,0.079374036,-0.062300173,-0.019614072,-0.054234751,-0.027624034,0.045930686,0.05728619,0.251522207,-0.126340423,-0.011710331,-0.016723442,0.62937996,0.479646509,0.396011767,0.544914397,0.480614551,0.461473892,0.581497173,0.487953866,0.43551763,0.308476819,0.655265071,0.471228501,0.547202666,0.586736951,0.401521144,0.533295517,0.569993861,0.42525373,0.553185345,0.585263181,0.409583121,0.623961539,0.622030774,0.322034065,0.535712872,0.568480542,0.432434667,0.661192735,0.528865453,0.36562122,0.267630435,0.882020478,0.254159898,0.278826213,0.871284453,0.268233596,0.407710415,0.675402767,0.404282271,0.283092494,0.627467297,0.48556171,0.37487733,0.589234692,0.48796187,0.326140711,0.846272626,0.270376382,0.346715203,0.649330186,0.463452712,0.336984814,0.822350164,0.309173333,0.505170679,0.320413198,0.497130406,0.471114759,0.425748744,0.531888794,strong,24
-0.117806617,0.589475927,2.200482114,-0.067230831,0.43445952,2.253840886,-0.140263711,0.301607411,2.159382471,0.09904905,0.399590794,2.3285413,0.040833686,0.227627454,2.052977914,0.31748064,0.40291739,2.288489486,0.172344337,0.345396136,2.155361929,0.312783404,0.563118067,2.167052214,0.173564006,0.386376394,2.210210114,0.306117806,0.615325614,2.135648143,-0.029656875,0.058190589,2.262129071,-0.01667162,-0.016334214,2.258717229,-0.07524178,-0.086634946,2.236471114,0.05557494,-0.06979202,2.2789772,-0.107031364,-0.498544891,2.312274114,0.08969564,-0.511451836,2.432502214,-0.119538911,-0.873319729,2.403323229,0.132583487,-0.871290233,2.498830686,-0.075024292,-0.916236036,2.3437235,0.176016264,-0.929113207,2.489152971,0.004790792,0.00237917,0.00172125,0.002155661,9.45698E-4,0.001523391,0.003779167,0.00261944,0.00184887,0.00509329,0.004614929,0.004189885,0.009274614,0.004157297,0.005190845,0.008976441,0.032243629,0.015506193,0.017738165,0.015908545,0.022620248,0.075638867,0.042578198,0.021427306,0.017738198,0.015909149,0.022622027,0.099464106,0.055295541,0.027873785,0.00320298,0.011967504,0.001439986,0.00350021,0.015404053,0.001327391,0.004899353,0.010789658,0.013381086,0.006215048,0.012871284,0.012232435,0.001817703,0.001954364,9.58008E-4,4.66077E-4,0.001615265,0.001143257,0.001851865,0.003262461,0.001204921,0.001462829,0.001927988,0.001140507,0.002201665,0.003226144,0.001392787,0.001249115,0.001895412,0.001704895,-0.059899425,-0.138131921,0.032228667,-0.041899221,0.020260036,0.017648552,-0.145258921,0.201312169,0.051283091,0.091850098,-0.104152247,0.011861013,-0.094923975,0.018366956,0.008727472,-0.014114835,-0.007631497,0.03911644,-0.091674268,-0.058769447,-0.013551476,-0.169232801,0.020815665,-0.064659067,-0.091671482,-0.058683269,-0.013449617,-0.152631705,0.020294228,-0.06647769,-0.006509738,0.085402604,-0.027655928,-0.03176952,0.073422965,-0.043665652,-0.052818858,0.05075762,0.024761645,-0.02758313,0.007109065,-0.078511685,0.076252339,-0.13947409,0.030674199,-0.018716436,0.062501116,-0.04226039,0.022649164,0.051270808,0.025614377,-0.092337076,0.005135309,0.060034908,0.053415589,0.060346862,0.006889082,-0.027981611,0.035111435,0.074531286,0.619190808,0.536845363,0.380001756,0.597307758,0.44040707,0.4647273,0.570611215,0.492974887,0.417749819,0.522988861,0.437862699,0.500208506,0.648657603,0.459985208,0.414443144,0.410214645,0.684885165,0.415209441,0.520309393,0.451363381,0.499326545,0.773873535,0.461908542,0.260086854,0.520308604,0.451388843,0.499323642,0.767805488,0.489162486,0.248680003,0.416679261,0.837481796,0.22529504,0.430921295,0.841906669,0.200805388,0.353851034,0.496519784,0.550943195,0.484386713,0.531251237,0.477136729,0.489204601,0.664708144,0.37202585,0.363791588,0.787648844,0.335283606,0.426322662,0.606691976,0.464307365,0.502092839,0.591935737,0.428388145,0.5180097,0.557388648,0.447104964,0.469518456,0.574134698,0.459408957,strong,24
-0.318807252,0.691161168,2.234896194,-0.324867348,0.512260905,2.277908403,-0.372351831,0.363509232,2.177254581,-0.164935258,0.445069498,2.433340065,-0.302906842,0.170309463,2.103835774,0.018236655,0.346167247,2.401547452,-0.111993296,0.289644603,2.256762226,-0.069289911,0.534971242,2.347407742,-0.060309667,0.319655529,2.297391226,-0.132475585,0.585040103,2.324233065,-0.278079374,0.175068242,2.310798532,-0.267640648,0.107632934,2.319779032,-0.30382146,0.036717048,2.274882065,-0.211333115,0.04037454,2.374231016,-0.335473955,-0.473974908,2.363577177,-0.215408337,-0.463221971,2.593057919,-0.341487274,-0.877612732,2.360648355,-0.238549552,-0.833218794,2.667129065,-0.282140284,-0.931296005,2.313607371,-0.168629232,-0.895288374,2.730662968,0.002032612,0.004842088,0.002823238,0.00173753,6.58555E-4,0.002655716,0.002309378,0.001746339,0.00226849,0.004065309,0.006937865,0.004499769,0.00262629,0.0022805,0.004556323,0.005639961,0.007422972,0.009267725,0.00593075,0.008236594,0.008100205,0.012949419,0.008360539,0.009228335,0.00593085,0.008236416,0.00810063,0.00719492,0.00929112,0.011105455,0.001913648,0.001395428,0.001968893,0.002081567,0.001959413,0.001909172,0.002257814,9.77631E-4,0.002177712,0.002267429,0.002287687,0.002201049,0.004267136,0.003082072,0.003981765,0.007528745,0.028328969,0.009662182,4.648E-4,0.00171727,0.001098021,0.00103121,0.004257194,0.001170196,0.018534513,0.012137268,0.009992364,0.003353079,0.004033404,0.006724643,-0.112070476,0.015014123,0.16136345,-0.067538351,0.124150328,0.396992441,-0.124828712,-0.137323774,0.234194695,-0.095567444,0.184979887,-0.010868253,0.072697674,0.04003627,0.073031722,-0.076858358,-0.043754224,0.024842994,-0.020706741,0.050646618,0.004619106,0.00931462,0.00334784,0.059749494,-0.020690719,0.050653124,0.004627714,0.033600231,-0.029860823,0.086672643,-0.138759259,0.138698637,0.231436344,-0.123240914,0.133558063,0.190919894,-0.021825782,0.015474807,0.113386942,0.008760107,0.051977291,0.069584743,0.160122764,0.026029849,0.073347928,-0.103072701,-0.198686763,0.071531831,-0.011339946,-0.146506428,-0.038736234,-0.063853048,-0.130002259,-0.048517859,-0.020179862,-0.045681726,0.014464037,-0.066375808,-0.006883713,0.018585581,0.518748435,0.683284042,0.301417229,0.452097529,0.384614366,0.381189373,0.509395615,0.673893318,0.248488698,0.527273396,0.645984127,0.349279514,0.567067677,0.566659019,0.401930003,0.492177842,0.65874587,0.386145673,0.3995442,0.565422079,0.500590932,0.576222182,0.581511767,0.391191763,0.399542592,0.565424337,0.50059022,0.500666825,0.578087762,0.436708978,0.380053004,0.723423433,0.289672778,0.375078424,0.766779531,0.271393152,0.522664879,0.558482301,0.431081899,0.355728702,0.648666875,0.460232647,0.344890023,0.606442571,0.479166116,0.260052287,0.823638983,0.296879682,0.387762403,0.667839759,0.425581976,0.48394394,0.656572216,0.382237428,0.487850135,0.524940935,0.483262667,0.381450262,0.433674962,0.567802771,strong,24
0.030475406,0.592640616,2.064195667,0.048886906,0.431923271,2.092584841,0.023267701,0.274508359,1.974647913,0.21713567,0.393610106,2.287190246,0.215499755,0.219165251,1.93145258,0.372434754,0.481850625,2.339629768,0.328416662,0.300928242,2.053643029,0.264256454,0.628952406,2.245386507,0.374786597,0.311585529,2.090193174,0.233621993,0.666767825,2.221523841,0.096247699,0.134457299,2.108954783,0.113983171,0.076535519,2.109474043,0.08502018,-0.0378252,2.027373406,0.18173822,-0.017899464,2.193743159,0.057295032,-0.497214846,2.132857232,0.199046413,-0.551371407,2.341526232,-0.041320549,-0.853455684,2.193746043,0.158003732,-0.882588775,2.412374522,-0.009246794,-0.917782109,2.193789928,0.227478613,-0.940969291,2.433676957,0.009138461,0.007879289,0.010719979,0.004646374,0.007054704,0.005227115,0.002644739,0.002430058,0.002734652,0.017483565,0.009876941,0.010979457,0.01015515,0.006103763,0.006378935,0.018699402,0.048643316,0.024389943,0.027420407,0.038062584,0.031047301,0.038953488,0.039130542,0.02124933,0.034887603,0.043098767,0.044499297,0.051763091,0.046443695,0.021908036,0.005225861,0.05724501,0.005040956,0.005786305,0.067506592,0.005620741,0.013375683,0.034502742,0.039321148,0.008582229,0.032544158,0.052718698,0.001055885,0.007318059,0.0036069,0.00333852,0.004677364,0.002199913,0.00957526,0.029412959,0.008053386,7.85331E-4,9.62457E-4,0.001309617,0.006876404,0.02366213,0.012673135,0.003303643,0.001356207,0.004604615,0.198144214,0.175895666,0.136044959,0.093236472,0.2232919,-0.079156332,0.141088604,0.136236211,-0.19774961,-0.06475167,0.053764652,0.070505033,0.099268209,0.099063817,0.04594124,-0.050680129,0.07765319,0.040160124,0.050063936,-0.03166795,-0.037116497,-0.080812209,0.126126187,-0.006511011,0.052876169,-0.001365742,-0.044784622,-0.064609714,0.115251658,-0.0034471,0.198665078,0.134650201,0.066501917,0.21467856,0.126080428,0.07579358,0.258299495,0.120294604,-0.08236182,0.111546346,0.14099533,0.042528349,0.128244961,0.302302315,-0.124692941,0.087359916,-0.001131157,-0.00651164,0.141003764,0.410950359,-0.093762729,-0.067125872,-4.33266E-4,-0.017217499,-0.038741355,0.188601847,0.003946878,-0.03910166,0.024038766,-0.022307206,0.43466849,0.465635887,0.485153093,0.489913576,0.364182842,0.519865633,0.607827257,0.457444946,0.379600002,0.682008367,0.393306307,0.417248814,0.515497807,0.527442287,0.456683939,0.419677078,0.65408221,0.429734617,0.512531162,0.493204973,0.486311695,0.632089849,0.530079663,0.375444838,0.503053491,0.476317274,0.499221366,0.644655678,0.498603196,0.389467474,0.531698959,0.612252935,0.360774215,0.502755795,0.659171521,0.334268353,0.641621345,0.457987567,0.365864538,0.66272789,0.512644563,0.351292826,0.368360521,0.557410061,0.446052384,0.393384607,0.766996922,0.342364613,0.437291696,0.502288838,0.407674115,0.383575102,0.47347955,0.551727938,0.572783433,0.364560314,0.493285263,0.567939905,0.286821987,0.53727269,strong,24
