-0.002691729,0.624925822,2.240211603,0.018585913,0.435987316,2.269612968,-0.152985305,0.336313697,2.305371333,0.164105271,0.331344,2.240892635,-0.217325814,0.105646835,2.369262238,0.287748314,0.23397489,2.056084032,-0.212188217,-0.080748779,2.391195889,0.215252849,0.342943349,1.928450873,-0.208570268,-0.152677894,2.410808905,0.190432193,0.390412284,1.896472762,0.017328327,0.059307874,2.279162238,0.012979472,-0.014984287,2.264170778,-0.064156048,-0.085954232,2.269267397,0.088217795,-0.085724914,2.253286651,-0.077069319,-0.528919222,2.403423619,0.136082303,-0.525335308,2.388445603,-0.084236182,-0.884874008,2.476653635,0.139941784,-0.881986316,2.46391719,-0.12037706,-0.948978324,2.437554778,0.163638329,-0.944985054,2.433999063,0.001298614,0.001033182,0.003049943,0.003582745,0.001904419,0.005779679,0.003161878,0.001090537,0.003263077,0.007380889,0.012054898,0.009178094,0.001601567,7.11526E-4,0.001779198,0.010487007,0.005319673,0.018548756,0.001211121,0.00548337,0.002120302,0.056763198,0.032066642,0.086731147,9.60897E-4,0.008580816,0.006565107,0.080716589,0.045648418,0.089125312,0.001528284,0.003302057,0.004152364,0.002133252,0.004738009,8.13314E-4,0.002037826,0.002309101,0.001136144,0.003548105,0.004243427,5.82921E-4,8.43406E-4,0.003074754,0.001143185,4.94482E-4,0.002890748,0.001223747,0.001200817,0.001161684,0.002776009,0.001547395,0.002190318,0.002026817,0.001196772,8.13608E-4,8.58761E-4,0.004799147,0.002304024,0.003598837,0.083407399,-0.017073927,0.085007392,0.106673709,0.010706022,-0.155041295,0.114001397,0.191933685,0.059393731,-0.116603644,-0.247533002,-0.009377936,0.039441252,0.16577196,0.031920864,0.031168548,0.077212831,-0.09010203,-0.066446273,0.041454377,0.028550907,0.042007015,-0.001350901,-0.174926904,-0.019486062,0.058454323,0.044851515,0.072556445,0.010108892,-0.16197634,-0.090377387,-0.124070583,-0.232290187,-0.086553507,-0.441494585,-0.148789867,-0.153655132,-0.091262015,-0.171279875,-0.298755558,-0.176449081,-0.10962301,-0.005068058,-0.213930558,0.016168478,1.04389E-4,0.060094473,0.032393221,0.028053216,-0.014622028,0.031328935,0.012770448,0.1168147,-0.033538867,0.014974445,-0.021129994,0.114261371,-0.091783463,-0.041699505,0.075668864,0.377868405,0.486560874,0.539580445,0.549691635,0.338590948,0.50325736,0.557195605,0.409062549,0.473425911,0.591539069,0.60942276,0.305205756,0.533678084,0.461082365,0.476910209,0.442561864,0.421840724,0.541533289,0.448570672,0.509200701,0.507681426,0.54995597,0.384958556,0.484378717,0.287120423,0.614672934,0.50777158,0.583849729,0.419076798,0.451991654,0.301324704,0.416861492,0.541156731,0.424294486,0.597892889,0.312813538,0.618386513,0.456362215,0.388026341,0.63048173,0.453799091,0.341816587,0.336588084,0.762330118,0.348116646,0.320248051,0.786498728,0.358420011,0.401034698,0.448794779,0.556153662,0.449077825,0.537268181,0.48848004,0.54054688,0.542650156,0.43011443,0.542999028,0.454954445,0.479622897,thankyou,26
-0.432090382,0.534896738,2.319119435,-0.443013739,0.343688826,2.371916174,-0.612423415,0.239359978,2.373589424,-0.286694987,0.230136877,2.345747924,-0.676412997,-0.004089961,2.388136446,-0.272335679,0.064902448,2.213475793,-0.698820048,-0.200782277,2.361673337,-0.391556493,0.152613213,2.08139988,-0.689617848,-0.279311985,2.357420489,-0.431527054,0.194745278,2.0431505,-0.440494249,0.001768146,2.382796826,-0.44164847,-0.064944636,2.363816424,-0.512982425,-0.138610089,2.358374707,-0.368864027,-0.137872411,2.361349022,-0.561298032,-0.526126672,2.440530337,-0.34751737,-0.533538721,2.488811609,-0.586299266,-0.854834213,2.488272228,-0.331246323,-0.863075325,2.530109533,-0.597977661,-0.921200677,2.453490109,-0.286883264,-0.942926557,2.506376011,0.001557706,0.001551305,0.006998606,0.009638372,0.007805342,0.014966593,0.001625923,0.002332686,0.002808591,0.002750716,0.002033483,0.009241073,0.001007305,0.002205319,0.003009795,0.002888536,0.005839265,0.008344556,0.003061699,0.001729314,0.004203088,0.02134156,0.073220488,0.069221148,0.001452167,4.66837E-4,0.005667496,0.018924302,0.084122738,0.085634016,0.002602511,0.002994604,0.009239067,0.001748288,0.003642205,0.002647239,0.001800858,0.003773688,0.002597552,0.001540996,0.003579153,0.002876089,6.05707E-4,0.001499801,0.001148586,5.19088E-4,0.001207867,0.001216335,0.001047689,0.002814388,0.001308685,8.27397E-4,0.001342475,0.001551588,0.002823051,0.012488766,0.024865252,0.001882357,0.00169249,0.001733707,0.114878897,-0.034249093,0.070867591,0.149513514,0.138549929,-0.047352425,0.098893265,-0.213658576,-0.065343502,-0.024662277,0.115296525,-0.069168404,-0.109587193,-0.122562849,-0.020101924,-0.01683279,0.010677183,-0.08233064,0.068995849,-0.018727184,-0.039324137,0.006801507,-0.028059921,-0.129977045,0.005052233,0.01542781,0.09674399,0.026823793,0.026530363,-0.144519313,-0.067109942,0.034790149,-0.070287737,0.007581235,-0.006786183,-0.020343505,0.143272322,0.013330244,-0.110451811,0.023102859,-0.020116632,0.012575562,0.034433779,0.041659535,-0.022790857,-0.051975557,0.05906801,0.063019749,0.030876852,-0.086591112,-0.01517075,-0.071417115,-0.089942009,0.11901358,-0.042460076,0.017102261,-2.13965E-4,-0.074044109,0.085720653,0.082124705,0.323317454,0.319940776,0.615398988,0.53375025,0.384602413,0.504807829,0.485795898,0.590338885,0.412214121,0.246706097,0.415625339,0.604844899,0.303660375,0.622529589,0.490465683,0.359829512,0.586070312,0.500973027,0.537393091,0.43021106,0.503410387,0.301601658,0.604560678,0.498774334,0.382225957,0.270577691,0.612581048,0.268630151,0.663722523,0.465108338,0.353930341,0.278395479,0.620674656,0.510509961,0.67173087,0.371636066,0.391496701,0.646929996,0.431058811,0.480028562,0.63540395,0.42046218,0.371235937,0.700430934,0.422248629,0.385053293,0.563756671,0.504298814,0.447271993,0.679925604,0.398528726,0.367668431,0.599830355,0.475426008,0.39609806,0.525986094,0.525993099,0.503274872,0.415001749,0.518116889,thankyou,26
0.174529353,0.637690341,2.345793868,0.193326893,0.446467843,2.387612368,0.028707219,0.341702987,2.429721882,0.333243259,0.316463441,2.354068603,-0.042082111,0.093584863,2.476205912,0.456247521,0.248135144,2.155420721,-0.079440019,-0.117567497,2.441703485,0.323284934,0.359749981,2.049344735,-0.077138902,-0.198701972,2.434175162,0.279543543,0.390287376,2.023684882,0.183168529,0.097244967,2.396552985,0.177077046,0.028249436,2.3852795,0.105208775,-0.039976292,2.394463059,0.243465097,-0.042649529,2.37080775,0.071908739,-0.495517741,2.515164368,0.298001788,-0.518799728,2.484263515,0.039234536,-0.857963154,2.61225125,0.304414535,-0.873486529,2.555943132,-0.003076502,-0.914196969,2.613114544,0.334739032,-0.930485768,2.51159275,0.00346785,8.50637E-4,0.005240015,0.002461096,0.002546369,0.008817248,0.002070172,9.36556E-4,0.003789396,0.004780211,0.016059243,0.005134878,0.003674233,0.001296802,0.005268369,0.010795769,0.017297212,0.036865818,0.004512387,0.004370972,0.014100435,0.039904236,0.052038845,0.108767544,0.004325473,0.002763602,0.016896811,0.049256915,0.05543533,0.115507149,0.002858391,0.002579383,0.006439364,0.00235492,0.003945552,0.002258648,0.002585919,0.002788154,0.003160431,0.002627062,0.004451945,0.00168373,9.0576E-4,0.00805079,0.006909625,4.10161E-4,0.002501198,0.00239832,6.3388E-4,8.32336E-4,0.00120318,9.79061E-4,0.001140311,0.00156562,0.001943031,0.001530125,0.005946517,0.002740784,0.002227569,0.004625205,0.055206333,-0.035095054,-0.059025615,-0.126038968,0.003139425,-0.070451742,0.001122298,-0.023714268,0.084166249,-0.036081356,-0.115357312,0.112247039,0.112649814,-0.019546395,0.034903021,-0.075591803,-0.157240193,-0.104868077,0.075295133,0.049172481,0.018094823,0.014068503,-0.010058704,-0.160881563,0.06429642,0.001349675,0.020468526,0.045335394,0.026338316,-0.137297604,-0.001350971,-0.046551319,-0.004601313,-0.023195068,-0.115140005,0.063073642,0.006859278,-0.045516793,0.093673553,-0.053227818,-0.111625348,0.060542206,0.014389369,-0.019333585,0.083656117,0.043199789,0.027623009,0.032883187,0.106025433,-0.014103138,0.041706005,-0.094290945,0.035604362,0.0823248,-0.033964412,0.037486157,-0.100166642,-0.002641427,0.032364774,-0.027398161,0.559206028,0.294792554,0.535744937,0.421266387,0.374750871,0.56611088,0.326905193,0.293169692,0.623421101,0.402897617,0.726724408,0.356523248,0.33741778,0.327486695,0.611652017,0.341865588,0.526916712,0.518336529,0.249405616,0.381435305,0.619881424,0.314833045,0.437117031,0.566586948,0.275249092,0.320278516,0.633121722,0.352254736,0.4709801,0.546861486,0.303840085,0.364756814,0.615412097,0.38119139,0.537369538,0.51425931,0.471623939,0.462867711,0.514021943,0.434027365,0.592856282,0.45948585,0.160141061,0.794409474,0.395946932,0.293081637,0.735361983,0.420450445,0.432287435,0.55327675,0.488336612,0.36848047,0.719442525,0.392193891,0.34506943,0.246771195,0.625356895,0.455320159,0.352566916,0.570465086,thankyou,26
-0.332944494,0.673582531,2.417478582,-0.342393966,0.471887376,2.461594418,-0.495612257,0.362865112,2.551725,-0.157803731,0.384173275,2.449751642,-0.542166133,0.100181166,2.595590328,-0.129989752,0.230957148,2.234364701,-0.573478293,-0.119322948,2.582379836,-0.248125555,0.35269183,2.092226627,-0.563868488,-0.206992727,2.537376761,-0.285868957,0.402967984,2.055585612,-0.337127382,0.124294649,2.489693806,-0.3367077,0.056132354,2.494319761,-0.411910434,-0.022684296,2.51630291,-0.257732021,-0.021676584,2.477784672,-0.435104375,-0.467119945,2.619141403,-0.226439706,-0.489296739,2.620366955,-0.436014854,-0.847934027,2.658789836,-0.230717242,-0.856641807,2.650988313,-0.464456931,-0.908655975,2.597619567,-0.210687119,-0.934447646,2.624724642,0.002120885,0.013768235,0.010746807,0.016120745,0.029957875,0.022604193,0.001301201,0.001826659,0.005992905,0.001535881,0.006386019,0.002635919,0.002269891,0.001758379,0.009623971,0.013767661,0.009750641,0.045338465,0.004697376,0.008707989,0.010266002,0.023392474,0.042176885,0.110280585,0.004990977,0.005054707,0.013105579,0.022959064,0.045446973,0.13890748,0.00251543,0.003332496,0.007674479,0.001350748,6.13241E-4,0.003315352,6.33915E-4,5.82176E-4,0.001507635,8.29173E-4,5.20539E-4,0.002330865,3.73177E-4,0.002608177,0.00197542,8.45162E-4,0.001969266,0.001551475,6.74246E-4,0.003842413,0.001892937,6.38813E-4,0.002329644,0.001278366,0.004419474,0.014722096,0.030770275,0.006081566,0.0038421,0.008125767,0.052522206,0.01137548,-0.20427525,0.050304757,0.045659191,-0.152371649,-0.051215192,-0.073763625,-0.119600429,0.005714009,-0.135069074,0.016517908,0.067753242,-0.110159717,-0.371186174,-0.153723787,-0.113832917,-0.041527849,-0.049123133,-0.180627418,-0.051310163,-0.070303529,0.104758977,0.070549891,-6.61852E-4,-0.039194535,-0.100670588,-0.09542978,0.166200106,0.182594787,-0.003379273,-0.197727279,0.158771203,-0.124382666,-0.06346504,0.043767638,-0.087004665,-0.094493646,-0.092066852,0.052013005,-0.039973743,-0.01033035,-0.003715797,-0.026664715,-0.042582048,0.033378869,-0.181313114,-0.001023992,0.037120313,-0.004552403,0.046877858,-0.01269725,-0.072628644,-0.057240888,0.037678079,0.01364745,-0.067523734,0.002974063,-0.068017979,-0.106163334,0.27748871,0.570777566,0.497196379,0.5137077,0.552244883,0.42670565,0.343051327,0.295918297,0.60924888,0.397724854,0.7343824,0.36622312,0.333000498,0.38968234,0.461190993,0.380562411,0.448667752,0.54684243,0.361400963,0.667501478,0.428814712,0.308502799,0.525477085,0.541887785,0.366255854,0.511572865,0.532382458,0.278328739,0.43867032,0.552255414,0.377337166,0.407131596,0.54121553,0.486161885,0.398656923,0.531923024,0.49678872,0.434446042,0.507615887,0.364336263,0.281468661,0.619797485,0.359361978,0.74086631,0.388849174,0.288849259,0.691222048,0.441090109,0.19655274,0.729607726,0.451667233,0.261265267,0.775424923,0.389316261,0.281798366,0.540204261,0.548967315,0.29501119,0.498146534,0.557708952,thankyou,26
-0.331686317,0.673688636,2.426020867,-0.340146396,0.469966739,2.468140907,-0.493836313,0.364060576,2.556668973,-0.158661111,0.381208291,2.4506678,-0.540684015,0.101638709,2.60779996,-0.133223105,0.234952688,2.224112147,-0.571907468,-0.125034853,2.590755213,-0.252757077,0.351809567,2.056967067,-0.566406159,-0.209334085,2.550996267,-0.281245655,0.389750316,2.022680813,-0.335402267,0.122870344,2.48990312,-0.336345739,0.053802506,2.492052907,-0.411987345,-0.024338575,2.513486667,-0.258601376,-0.023190113,2.474104173,-0.43438458,-0.470137267,2.619792267,-0.226528855,-0.490299873,2.620213907,-0.437017452,-0.849094891,2.658172933,-0.230332859,-0.857172592,2.65158048,-0.466414052,-0.906564987,2.591427147,-0.209751909,-0.935215504,2.625513293,0.002810156,0.019893392,0.009191913,0.022590459,0.040809819,0.023437234,0.001787031,0.001176484,0.004077678,0.002446952,0.005062046,0.00184295,0.001816513,8.55454E-4,0.003135677,0.016265071,0.007923891,0.039953111,0.005518578,0.018307632,0.00907154,0.01946278,0.039042447,0.111895917,0.003625344,0.007925097,0.005916948,0.023291425,0.045144694,0.125868769,0.004123492,0.004607992,0.007193649,0.001703623,6.73008E-4,0.004159592,6.36531E-4,0.001157242,0.003690341,4.52866E-4,5.74268E-4,0.004009009,3.69185E-4,0.001310546,9.77001E-4,0.001162822,0.002028535,0.002167342,6.48339E-4,0.003829025,0.002146726,4.31298E-4,0.003254766,0.002053558,0.003811339,0.013419692,0.026147065,0.001067382,0.002116053,0.004838295,0.002720762,0.151479803,0.019821003,0.090132528,0.136863118,-0.026625657,0.013244766,-0.05102816,0.164986353,0.015546059,0.018403407,0.017556533,0.11024016,-0.044998699,0.013436281,-0.116519885,0.117485633,-0.095244668,0.031813591,0.008829728,0.020771059,-0.007390346,0.035283276,0.020843328,-0.055905542,-0.008632682,0.049213673,-0.017175452,0.091744361,0.032284094,0.127494162,-0.034290141,0.11984607,0.085263834,0.036234278,0.124538637,0.15701283,0.277723328,0.229422548,0.019547275,-0.01189861,0.251857233,-0.061635062,-0.09370461,-0.013696628,0.098270071,-0.022763108,0.070992288,-0.026270159,-0.12612186,-0.036497705,-0.012670795,-0.164936569,0.031056883,-0.062213665,-0.013471605,-0.046288951,0.066434826,-0.070519008,0.017665374,0.327939268,0.635738161,0.474720568,0.469676593,0.581854634,0.44647523,0.345897763,0.416009078,0.56381918,0.427960961,0.688269464,0.405220955,0.400614741,0.535719951,0.51198786,0.414621882,0.446582024,0.533386189,0.246516697,0.73207731,0.440340484,0.258978661,0.505992912,0.57497391,0.370249063,0.580509795,0.502124422,0.222207132,0.568110192,0.54928082,0.409941314,0.463278659,0.527743789,0.53384496,0.333964166,0.524321572,0.39844104,0.4745897,0.443083031,0.438001206,0.421673112,0.493823832,0.346045552,0.769880186,0.361174313,0.405558375,0.645166397,0.438885247,0.158857408,0.715196555,0.463801361,0.276123979,0.754731914,0.394291917,0.308119142,0.600544732,0.511099345,0.278415174,0.456474532,0.587561296,thankyou,26
0.169786023,0.638318877,2.349684093,0.192790217,0.446918452,2.389791837,0.022767744,0.340053022,2.418369581,0.337560714,0.329960159,2.349394558,-0.052147581,0.097211703,2.460333314,0.455194851,0.269979371,2.153762372,-0.089907353,-0.123182728,2.421645186,0.345264314,0.373167441,2.035056081,-0.086166927,-0.201990426,2.41739964,0.298652752,0.408104544,2.010188186,0.185521553,0.101031382,2.40067807,0.177716572,0.03361522,2.377728767,0.104888605,-0.037034691,2.382848698,0.245717608,-0.03732011,2.364271581,0.067689311,-0.49773057,2.508695244,0.298806772,-0.515023242,2.481622779,0.034938456,-0.858959642,2.61038314,0.304299269,-0.873446245,2.556534942,-0.005428384,-0.91632776,2.612681779,0.335029265,-0.930982167,2.511825279,0.001794458,0.001559442,0.003747083,0.003407621,0.00319637,0.004806146,0.001837925,0.00119734,0.005450648,0.003362992,0.009982989,0.002132755,0.001160692,0.001694553,0.006083715,0.017121628,0.014841074,0.023386211,0.001195159,0.002443363,0.007920124,0.053525604,0.048957443,0.102029622,8.66193E-4,0.001766112,0.010174341,0.06120379,0.04716902,0.121655709,7.1998E-4,0.001548122,0.003441474,6.24324E-4,0.001396845,0.003433955,0.001156022,0.001465135,0.004035174,9.54765E-4,0.001471448,0.003086588,0.001546743,0.009201951,0.005041892,0.00140458,0.004903883,0.002204023,7.43874E-4,4.87864E-4,7.84088E-4,7.91457E-4,0.001950748,7.70151E-4,0.006554512,0.001885985,0.007327919,0.002589691,0.002603246,0.006432047,-0.057175455,0.085000628,0.111962687,0.127036342,0.066651505,-0.007688056,0.01226542,0.084456367,0.160610395,-0.101411954,-0.106616902,0.050117166,-0.098374856,0.086532753,-0.004078037,-0.029214579,0.100805319,0.085955833,-0.025028704,0.050818334,-0.113355936,-0.027186994,0.029342113,-0.101282178,-0.050523583,0.019789052,-0.15282329,-0.001290438,0.092405877,-0.068903632,-0.059678469,-0.007100296,-0.092451026,-0.11280234,-0.054511189,0.052563568,0.047068256,0.241209454,0.188009472,-0.166217947,0.215318638,0.121473865,0.008647473,-0.08536239,0.017350337,0.009815476,0.156208654,-0.01982067,0.102738004,0.037801369,0.004417386,-0.003356471,0.060951764,0.051780795,-0.004457935,-0.003757519,0.054531627,-0.055027181,0.061766009,0.070649038,0.495410234,0.38177516,0.529654547,0.535479259,0.319712383,0.537744765,0.413460981,0.31072719,0.574963722,0.48353644,0.69932053,0.345246121,0.302211716,0.516360279,0.553567659,0.445150046,0.456556247,0.527037795,0.215591273,0.465850379,0.589699479,0.440700537,0.467382972,0.525925396,0.21682259,0.288984453,0.635402598,0.455313368,0.448133959,0.530024936,0.226658117,0.313096459,0.639484979,0.42221883,0.555408758,0.489906268,0.524822505,0.536257916,0.382484817,0.522764646,0.593889548,0.358836751,0.129769967,0.80105996,0.401024136,0.255324956,0.793567105,0.365865451,0.491544829,0.518503511,0.482497963,0.424073575,0.680627993,0.409845471,0.436572484,0.30537186,0.590904404,0.447168084,0.403752518,0.551469106,thankyou,26
-0.427099415,0.534050943,2.316025088,-0.441043348,0.343240587,2.367306945,-0.610313086,0.23941043,2.37389133,-0.284998449,0.229620669,2.344615088,-0.673902135,-0.003591869,2.390474571,-0.274001823,0.064380211,2.212267022,-0.700273744,-0.198373534,2.365181297,-0.397589553,0.171074461,2.08529122,-0.69180196,-0.276266347,2.362034473,-0.440850812,0.209898346,2.049174978,-0.43763196,0.001812831,2.378624912,-0.438496124,-0.065212206,2.363521813,-0.509912668,-0.138787779,2.358145473,-0.36526946,-0.137992492,2.362526297,-0.559675359,-0.525601299,2.438768352,-0.345520648,-0.532024334,2.488010967,-0.585173148,-0.855948408,2.487287055,-0.330618965,-0.863540486,2.530072758,-0.596872965,-0.919535008,2.446193,-0.286651295,-0.943910685,2.50503333,0.001941237,0.00122504,0.005111485,0.01175581,0.008423825,0.015974506,0.001575131,0.003798633,0.003011988,0.00390587,0.002470318,0.011230656,0.001972586,0.002911667,0.003871519,0.003859443,0.004775046,0.010598702,0.002267528,0.002032693,0.004955329,0.01859263,0.05952742,0.07085473,0.001749933,7.80957E-4,0.005042742,0.01533696,0.068424216,0.085734146,0.003438552,0.003769218,0.009753294,0.002381317,0.004247173,0.002792776,0.002102441,0.003777617,0.003456365,0.00201335,0.004048912,0.003476055,3.54632E-4,0.001165909,0.001436783,5.77705E-4,9.97999E-4,0.00125525,5.04221E-4,0.003446865,0.001422184,9.10518E-4,0.001446635,0.001757195,0.002678396,0.014267047,0.026728654,0.001867766,0.001604147,0.001636368,0.036576931,-0.101910266,0.025179397,0.167307215,0.133794102,-0.07608854,-0.018197813,-0.320041594,0.028278575,-0.01614381,0.157466783,-0.017714329,-0.116244108,-0.236600636,0.094493099,-0.086794864,0.028298193,-0.072469645,-0.031282578,0.025864099,0.021835827,-0.042840727,0.096141127,-0.096647019,-0.105711877,0.012199046,0.083670313,-0.031358346,0.11356337,-0.088755491,-0.01029705,0.03388392,-0.006212352,0.055591404,0.016769134,-0.017745657,0.103416506,0.05935929,-0.108138623,0.09367643,0.019026944,0.018487169,0.013812266,-0.001851451,0.006204093,-0.015718256,-0.066076184,0.135335145,0.014893445,-0.092668446,0.089615409,-0.049443121,0.007380305,0.107175531,0.003190231,-0.080009195,0.005470601,-0.039464192,0.028745817,-0.001793094,0.390848246,0.385256199,0.580761685,0.59675562,0.389685679,0.459786157,0.420125912,0.635828532,0.38896563,0.302905405,0.422284176,0.588576204,0.348261734,0.64710346,0.424581418,0.380375851,0.597336707,0.483913636,0.422051562,0.459512152,0.546342333,0.309818937,0.592834859,0.505646885,0.37861895,0.287362399,0.607187277,0.261900129,0.616067747,0.505367888,0.381978563,0.305831395,0.61159721,0.544099003,0.670395863,0.345954236,0.36605707,0.642116589,0.449751668,0.441848945,0.599893091,0.460356768,0.428604909,0.681216518,0.412829611,0.396406182,0.523490634,0.507939949,0.371660811,0.712507093,0.398712508,0.360993357,0.582995875,0.496454021,0.452124551,0.540998771,0.492569386,0.532532995,0.508296332,0.471442258,thankyou,26
-0.477117567,0.539652167,2.343521657,-0.523758786,0.353958729,2.379645214,-0.63040804,0.227340991,2.273587314,-0.373967796,0.232005494,2.4419504,-0.677214547,-0.02043287,2.224879314,-0.26662826,0.092185426,2.347709943,-0.65282595,-0.21402635,2.2007127,-0.254103071,0.193783335,2.192610129,-0.645452643,-0.294164006,2.200838143,-0.248260321,0.229195133,2.159162686,-0.499938344,0.002728053,2.387752214,-0.479772574,-0.064443618,2.368820486,-0.531175226,-0.134518429,2.315324171,-0.412532409,-0.141602436,2.413954271,-0.585686024,-0.5207943,2.363531971,-0.456244783,-0.510665956,2.549508757,-0.621012727,-0.873913671,2.413064029,-0.453402067,-0.849164884,2.608091857,-0.581343694,-0.944490869,2.391619171,-0.393513696,-0.924064993,2.646487443,0.002341799,0.002191449,0.007038906,0.007460898,0.001944366,0.003589731,0.001054293,3.62929E-4,0.001596842,0.009255283,0.021990694,0.040097201,0.001174705,0.002336366,0.001426688,0.018809675,0.016331028,0.021935359,0.003745957,0.003651866,0.001965942,0.071592222,0.089826985,0.054391208,0.005739591,5.72251E-4,0.002693053,0.087242426,0.103333647,0.056280351,0.00421378,0.0043178,0.002502612,0.0016058,0.004911968,0.002608388,0.002104227,0.003816523,0.001565878,0.002042563,0.007555988,0.004718489,9.67351E-4,0.002377278,6.79583E-4,7.49467E-4,0.002477337,0.001134159,3.88391E-4,7.06473E-4,0.001100705,5.26326E-4,0.001274818,0.001100782,8.19269E-4,7.03478E-4,0.001218432,0.00550972,0.003085168,0.003532765,0.028696265,-0.052489372,0.067285998,0.181791297,0.12249873,0.006028783,-0.011089818,-0.128980877,0.021943061,-0.05447954,0.250743122,0.134795659,0.153779978,0.007958979,-0.107970019,0.127389193,0.128801352,0.0219973,-0.047196177,-0.132248029,0.067735178,0.073080709,0.029274247,-0.00153787,-0.122555503,0.05247276,0.142512766,0.075501235,0.036588326,-0.098475261,0.181826274,0.238611221,-0.026657988,0.152059733,0.262394333,-0.028924611,0.196348495,0.232774795,-0.089362991,0.202551597,0.276088117,0.027383293,0.157492306,0.071657049,0.001557119,0.086340387,0.110765835,0.016889341,0.092833522,-0.109030903,0.142760257,-0.139926655,-0.060983407,0.101779213,0.053776054,0.029831372,0.164680847,-0.102231404,-0.14506623,-0.039444671,0.469198139,0.406298429,0.541971136,0.7341622,0.304506943,0.390489716,0.565485898,0.329324025,0.519278222,0.481831731,0.565316271,0.406264817,0.425650365,0.656907883,0.40317045,0.393126165,0.503693402,0.521045496,0.554093215,0.585954473,0.391045676,0.441805272,0.592700925,0.465149744,0.683165072,0.289245469,0.433526524,0.497154893,0.610796543,0.411372609,0.496867811,0.57887547,0.394202054,0.391606038,0.698671207,0.352850603,0.443487728,0.664171889,0.344541562,0.40316226,0.664509151,0.361194202,0.435158544,0.770851567,0.292877772,0.365172001,0.734539567,0.382112503,0.405655196,0.525587537,0.491199625,0.425574917,0.496102207,0.506764963,0.409525448,0.455688465,0.525015215,0.540758771,0.333956528,0.52270998,thankyou,26
0.144502456,0.626386887,2.245433929,0.114460379,0.441263829,2.286821082,0.012862082,0.302476507,2.199220506,0.294585461,0.357503569,2.389294494,-0.07069785,0.063527328,2.145397341,0.465173431,0.270401775,2.3245526,-0.045005411,-0.159980529,2.111173941,0.437847214,0.370154133,2.164888012,-0.03155882,-0.247259993,2.114258506,0.417434788,0.407099381,2.106093012,0.137380691,0.096101672,2.294730753,0.154525773,0.029178492,2.280345259,0.097979248,-0.047415872,2.236244318,0.225754634,-0.045139673,2.3172698,0.041552339,-0.547997549,2.3545956,0.212956884,-0.537205981,2.476160847,0.004871996,-0.892472616,2.431826165,0.205928852,-0.86220334,2.512787494,0.023083487,-0.950573084,2.394860224,0.277404309,-0.9254178,2.509733153,0.0039615,0.002419122,0.003153914,0.003677312,0.002749756,0.002113265,0.005019662,0.001481841,0.002310049,0.003661235,0.005872092,0.00446109,0.004547915,0.004065439,0.006400609,0.007801378,0.013965143,0.028459255,0.007627407,9.24671E-4,0.006654408,0.103801189,0.027872408,0.045117579,0.009946251,0.001895335,0.009083918,0.135849118,0.045630716,0.051901108,0.00236962,0.003810484,0.00213427,0.003242093,0.003953635,0.002214482,0.003579719,0.003348435,0.002481875,0.003430397,0.004180203,0.003114389,0.006505733,0.003276406,0.003597911,0.002110258,0.003609145,0.001490734,3.41411E-4,0.001113645,9.30906E-4,9.73165E-4,0.001284437,5.69541E-4,0.001474501,0.001245865,0.001494835,0.001384372,0.001047635,0.001184498,0.176320408,0.115315721,0.119939002,0.127564985,0.246965414,0.105231188,0.138919699,0.100245148,0.172541817,0.003904048,0.253394701,-0.015025434,0.037711855,0.173732028,0.198030862,-0.052769424,-0.076788137,0.029973043,0.086620372,0.034907979,0.14346936,0.009382638,0.02160258,-0.07107249,0.042554425,-0.001370655,0.089331347,9.31E-5,0.047238388,-0.080005231,0.107304173,0.26754759,0.054379786,0.042824007,0.278063261,0.101253225,0.09807288,0.270602185,0.089755142,-0.023039263,0.271254984,0.099419948,-0.207718859,0.069720448,-0.104450858,-0.146454757,0.112163146,0.111424199,-0.010135612,0.083885103,0.146750964,0.004690398,-0.048515415,0.014506547,-0.146519066,0.056026664,0.045990024,-0.083472331,-0.05116699,-0.127799639,0.664645551,0.280747074,0.443561923,0.62037231,0.407303528,0.410330263,0.748432243,0.190817763,0.388320527,0.265791191,0.50513405,0.546280277,0.461431512,0.631376698,0.364137506,0.385393641,0.492758514,0.541365632,0.627079107,0.282319291,0.482016788,0.690642309,0.378802693,0.422393645,0.614628445,0.344559654,0.486631913,0.698501801,0.366916982,0.418539297,0.454061468,0.632824037,0.381698372,0.479606447,0.663844546,0.329043622,0.5409838,0.572067758,0.366084961,0.375237237,0.651838952,0.404599743,0.45359375,0.568538776,0.440710956,0.337847326,0.734384116,0.37085941,0.398971323,0.538745239,0.493893615,0.423601602,0.610803201,0.465159356,0.468196209,0.421081165,0.53028196,0.480194828,0.525661335,0.468206231,thankyou,26
0.076164283,0.619786862,2.16213554,0.051746822,0.436003597,2.175878336,-0.07552021,0.29928072,2.102698204,0.237119929,0.330038228,2.251049195,-0.165873858,0.060455793,2.091255469,0.396635057,0.248382053,2.182410947,-0.155562022,-0.127861281,2.091484354,0.356454137,0.3917029,2.058228354,-0.15225087,-0.206379239,2.102812779,0.340558919,0.453980448,2.008616619,0.074827224,0.059882399,2.184768027,0.085340609,-0.014554439,2.177031124,0.01483038,-0.095112074,2.133236265,0.167669684,-0.093451448,2.216547133,-0.013628627,-0.497172147,2.236200398,0.168884364,-0.514037072,2.375255265,-0.020000324,-0.845715777,2.307618097,0.19766911,-0.868377903,2.442604788,0.014259596,-0.889734841,2.241295664,0.254817055,-0.927546554,2.457809841,0.007259378,0.002158167,0.00768505,0.00653316,0.001546734,0.006038513,0.006056438,0.001072315,0.007694749,0.003768053,0.004966663,0.010262987,0.003494426,0.001893621,0.007924251,0.011000527,0.034015559,0.023072773,0.005579364,0.002019575,0.007981823,0.112787987,0.02089137,0.040326452,0.007675097,0.008547927,0.006242375,0.150448438,0.030175963,0.043509096,0.004071657,0.002432048,0.005540815,0.002757223,0.002266211,0.002169165,0.003036107,0.002006411,0.004298232,0.002826523,0.002324819,0.004312131,0.00240743,0.003195989,0.002881028,0.002929672,0.003060408,0.002855079,0.00276674,0.004952529,0.003330137,0.008566865,0.004395291,0.002646674,0.002784122,0.00493659,0.003144694,0.030452947,0.00798441,0.029720197,0.154728102,-0.014831748,-0.072897351,0.213721499,0.063436674,-0.04764358,0.11347931,0.00846385,-0.046595036,0.07358166,-0.106680174,-0.02097164,-0.020862797,0.085202345,0.011740547,-0.077074988,-0.175168011,-0.019648215,-0.130212029,0.09530808,0.042730434,-7.41235E-4,-0.016595677,0.007198289,-0.155401193,-0.013733317,0.076002916,0.002947826,0.012484764,-0.014852118,0.12828578,0.147209769,-0.019110273,0.074483531,0.151649437,0.133697969,0.010664806,0.169758569,0.024651752,0.026648248,0.091217894,0.241569979,-0.069792061,0.066170391,0.077288859,-0.030897534,-0.002664588,0.060474329,0.054103044,-0.083103738,0.008774041,-0.006189064,-0.011226763,0.052596057,0.055345647,-0.073424335,0.011896189,0.043258433,-0.015021496,0.040165726,0.602379664,0.419942228,0.45648618,0.701915778,0.34890882,0.401200136,0.694867412,0.245124596,0.464057576,0.490827264,0.573883568,0.448879342,0.528930798,0.31583706,0.549321878,0.355624057,0.616183128,0.472858818,0.540433208,0.329041013,0.529518513,0.712689226,0.395240582,0.4040714,0.596858053,0.437198018,0.451374738,0.747685818,0.414152058,0.360488752,0.609956342,0.356179746,0.475896714,0.663226169,0.405225251,0.401326092,0.606812041,0.359132233,0.481382549,0.52889814,0.522257328,0.394790971,0.536985,0.504328147,0.462052927,0.43625091,0.713447487,0.37643015,0.452098579,0.626430397,0.438284582,0.410100377,0.754971659,0.351538762,0.479211215,0.626063659,0.42465104,0.536152332,0.432811684,0.505428092,thankyou,26
-0.269335715,0.68711528,2.458747508,-0.304895869,0.493260897,2.467963559,-0.401172707,0.341673529,2.397062797,-0.154548922,0.368071563,2.611849085,-0.477523119,0.104721094,2.382313542,-3.51306E-4,0.242375846,2.534891644,-0.457694878,-0.114689548,2.351759678,0.048057386,0.365452878,2.376377441,-0.433648836,-0.20988861,2.349603475,0.069098355,0.430379164,2.321766966,-0.26325848,0.125326044,2.477643983,-0.254186744,0.051811112,2.481891763,-0.301329697,-0.021833224,2.429487712,-0.189919086,-0.025274962,2.534611593,-0.373782519,-0.486367893,2.516685034,-0.258610914,-0.505460768,2.680614186,-0.394373375,-0.863873625,2.569594695,-0.291424112,-0.863020363,2.718802051,-0.343735663,-0.938990215,2.551852136,-0.215319447,-0.932024158,2.748777695,0.009948886,0.001540722,0.003109313,0.004802955,0.001238588,0.002265107,0.004610211,0.001266773,0.00271218,0.001273816,0.003142866,0.002845534,0.002121641,0.00719952,0.003931102,0.005039465,0.009105895,0.015840385,0.003473267,0.016066439,0.002262367,0.088919745,0.048039976,0.047318849,0.002856226,0.011306564,0.001404902,0.128458439,0.052625757,0.055901565,0.00384551,9.08145E-4,0.001266047,0.00319455,0.001005573,0.002062475,0.004002935,8.65679E-4,0.002043692,0.002330042,6.41629E-4,0.003217117,0.001488504,0.002399507,0.001347845,7.62914E-4,0.001645124,8.73985E-4,7.31126E-4,0.001461676,9.81714E-4,0.001207619,5.48491E-4,0.003027298,3.00245E-4,4.01107E-4,8.34395E-4,0.007424987,0.003016581,0.008128445,-0.034712709,-0.001586349,-0.025729688,0.174423123,-0.097257469,0.00441075,0.171134927,0.004722021,0.03256819,0.102402948,0.206323706,0.081776895,0.155544674,0.049599428,0.061605455,-0.066499111,-0.0645303,0.095353039,0.08702705,0.04113982,-0.060985982,-0.065757658,0.112591331,-0.041756489,0.037914884,0.022055646,-0.025863317,-0.112523007,0.184532183,-0.047108321,0.008959748,0.071875713,-0.162234651,-0.013743383,0.082054128,-0.201193529,-0.048815336,0.072225296,-0.225337525,-0.135596889,0.067317102,-0.16953856,0.144962661,-0.045704629,-0.00775759,0.061646679,0.089664039,-3.05242E-4,0.098485401,-0.191226359,0.051991809,-0.025608226,0.02880603,-0.011285353,-0.047584905,-0.00943685,-0.026649569,-0.00161965,-0.034064717,-0.012102438,0.702524453,0.402958796,0.402658076,0.695396435,0.309687322,0.425832439,0.758550473,0.312990317,0.372440677,0.392577605,0.488028453,0.511318668,0.370318265,0.70304916,0.397812608,0.343557017,0.517688351,0.533616767,0.32227694,0.89126863,0.183771104,0.605408921,0.458508423,0.438843569,0.331116293,0.88659097,0.204644842,0.659131251,0.475649205,0.367442905,0.757865889,0.399177384,0.308359147,0.666881551,0.438746176,0.35786507,0.677157815,0.380227673,0.366474723,0.585249772,0.433484332,0.430430956,0.378319107,0.6793415,0.42101339,0.319062848,0.745632159,0.395566634,0.432278065,0.537828523,0.476482249,0.392846673,0.348242139,0.593880136,0.456179635,0.449911178,0.533104048,0.555728501,0.305177926,0.538195977,thankyou,26
0.083405124,0.614590694,2.148020241,0.060066079,0.431655928,2.165061506,-0.071769181,0.29888551,2.098194557,0.250024173,0.325047665,2.241343443,-0.15975912,0.059077298,2.085735987,0.414798334,0.249152567,2.166175038,-0.143106452,-0.129138137,2.079038367,0.411035844,0.384084913,2.03861343,-0.140337749,-0.200808865,2.087570886,0.41026893,0.439233939,1.989211177,0.080430006,0.057002401,2.174776823,0.091156156,-0.016990922,2.164766861,0.01912029,-0.097998604,2.122934709,0.174318489,-0.09776753,2.201943063,-0.01146374,-0.498737658,2.228832519,0.17098079,-0.51633128,2.366448291,-0.020400012,-0.845574514,2.306640177,0.200228066,-0.868140906,2.44121038,0.012150383,-0.889983291,2.24051138,0.255506132,-0.929882292,2.457358203,0.005493897,0.001907104,0.004739527,0.004639234,8.53251E-4,0.001737746,0.004293862,8.67525E-4,0.001493775,0.002597683,0.001335878,0.003896133,0.001500665,0.001721286,0.002199491,0.00383382,0.011357102,0.017644223,0.002432306,0.001686687,0.004018141,0.104385178,0.024523881,0.03022975,0.00187745,0.00709965,0.00572619,0.136724495,0.02670168,0.037335867,0.002555885,8.38815E-4,0.001681472,0.002301716,0.001076477,0.001623347,0.002386641,0.001281762,0.002171113,0.001657345,0.001331646,0.001987127,0.001530719,0.001428392,0.002372012,5.66535E-4,0.003010642,0.001768377,0.002190268,0.005361632,0.003410649,0.002251177,0.005364578,0.001319148,0.002277609,0.006049523,0.010121503,0.028075997,0.008462883,0.027483695,-0.070381635,0.029151281,0.093876992,-0.106654174,0.12138924,0.099149683,0.127960636,0.078792498,-0.009379062,-0.017049144,0.090366415,-0.124266295,0.087922634,0.160432898,-0.117189996,0.027402696,0.149049713,-0.124067318,-0.039700313,0.137264692,0.039257642,0.272578381,0.001265914,-0.027050535,-0.059907264,0.179653494,-0.034089249,0.251934174,0.050738638,-0.035231364,-0.048251553,0.146334975,0.024741748,-0.004846657,0.229257553,-0.072668152,0.026926718,0.195082529,-0.152948636,-0.013718407,0.161954779,-0.06773212,-0.005790981,0.083146775,0.019325214,0.032979369,-0.113450467,0.006570249,-0.054573877,0.018286747,-0.021270454,0.074050523,-0.176988811,0.009629299,-0.061195793,0.011656623,-0.02174847,0.006826481,-0.036394231,0.006391274,0.607344324,0.461581312,0.436763968,0.720631123,0.379070299,0.372704563,0.721300916,0.357319876,0.397603506,0.493151272,0.345040128,0.540871178,0.490205259,0.602698159,0.401195646,0.313343704,0.522872356,0.529697299,0.529147915,0.453582814,0.488693812,0.704008489,0.347636025,0.383383199,0.378290908,0.62147465,0.457802757,0.741433661,0.391462117,0.327724525,0.579349965,0.422173239,0.47329501,0.525899933,0.550025694,0.414805442,0.449992098,0.51031494,0.467760308,0.4738789,0.576699896,0.443839138,0.546891971,0.48625441,0.47109066,0.296150109,0.811265451,0.336970267,0.483905895,0.626760841,0.421849364,0.384202352,0.800575953,0.283881962,0.474131585,0.626370266,0.427288159,0.54059449,0.379706415,0.524065196,thankyou,26
-0.378769504,0.702899806,2.247218333,-0.400372222,0.523834981,2.285644913,-0.487610735,0.373571539,2.180807014,-0.226628386,0.42375887,2.415204812,-0.535280449,0.134739658,2.147519217,-0.040265041,0.311139464,2.341299884,-0.469764678,-0.072452055,2.16818313,0.004038084,0.429566996,2.15706087,-0.445952509,-0.140354362,2.180628246,0.012986402,0.481631396,2.102995638,-0.347256806,0.167832759,2.31585558,-0.336665249,0.096516997,2.325175435,-0.38800122,0.010456491,2.270287435,-0.261780693,0.022869125,2.389497391,-0.439778325,-0.496033341,2.407837101,-0.303960258,-0.462579252,2.559080667,-0.466295884,-0.882008267,2.386637246,-0.271039699,-0.872559572,2.644425072,-0.435751806,-0.954140319,2.35038213,-0.188601725,-0.924108787,2.708607464,0.007066547,0.004665894,0.006956253,0.002106682,0.002170866,0.003226989,0.005547121,0.002377999,0.002414114,0.003002604,0.009508164,0.006012245,0.003763186,0.005614965,0.00455631,0.01576251,0.020417928,0.01563135,0.010067173,0.016599216,0.004971994,0.108183888,0.051084963,0.039127671,0.012599967,0.023092106,0.006673709,0.144496215,0.048716438,0.056892166,0.003729596,0.004978355,0.001380961,0.004238808,0.005964154,0.001211961,0.005268403,0.004933657,0.001327491,0.00489532,0.008094966,0.002027052,7.86791E-4,0.002103352,0.002438124,0.003192742,0.005183457,0.003545334,6.89678E-4,7.43205E-4,9.17155E-4,0.001200411,0.003007448,0.002529455,0.017251074,0.012119672,0.01557482,0.002726654,0.002024625,0.005676053,0.04168015,0.070963007,0.12272844,0.106571934,0.201052377,0.108038814,0.138338479,0.152885262,0.084046411,0.169422171,-0.018091848,0.066653317,0.068055697,0.209094065,0.028299312,0.109906075,0.150700609,-0.07481931,-0.064489801,0.094298691,0.041115585,0.053440184,0.118802662,-0.066001513,-0.06599033,0.053881012,0.063996857,0.076874406,0.12913353,-0.04443856,0.211829994,0.139039667,0.109057847,0.209843895,0.099015329,0.091814202,0.183430047,0.153631422,-0.003359485,0.204468356,0.009843321,0.071522205,0.136301275,0.186786784,0.030531335,-0.110865016,-0.130358393,0.047535872,-0.055638526,-0.042591659,0.10253704,-0.006976463,-0.002744431,0.113413919,0.007837349,-0.016366669,0.110101263,0.040843758,-0.060726406,0.045418251,0.521149633,0.650659373,0.355597683,0.517048067,0.401851721,0.490021138,0.759454377,0.253756997,0.378588556,0.31658003,0.643903688,0.464750003,0.476165937,0.564640137,0.441051819,0.512432672,0.560422988,0.425423794,0.562488229,0.539945682,0.424668082,0.614368219,0.44250316,0.439304426,0.544581507,0.555166164,0.427106167,0.692679293,0.467377935,0.360640022,0.623320452,0.579696485,0.292773398,0.609497556,0.606572175,0.295075562,0.604351483,0.549256424,0.360733131,0.552559665,0.662600867,0.306618885,0.329663707,0.506583756,0.530963035,0.447690957,0.622640119,0.425960922,0.467583386,0.590178217,0.442736236,0.354081323,0.636167957,0.463168482,0.500229058,0.514122998,0.472126732,0.455109639,0.434791702,0.538286416,thankyou,26
-0.483602137,0.542307865,2.350149464,-0.523707011,0.357411374,2.380096393,-0.630994029,0.22676537,2.275233905,-0.37450178,0.241264844,2.429268714,-0.678651023,-0.020048421,2.228351774,-0.268861085,0.102128473,2.339675881,-0.654082188,-0.212767792,2.20301325,-0.283755014,0.240178231,2.199463381,-0.648721644,-0.294500102,2.201637536,-0.290524511,0.279465367,2.175928905,-0.499030918,0.005854609,2.38834419,-0.479808832,-0.061589998,2.369050179,-0.531518633,-0.132115017,2.315707333,-0.412524311,-0.137241364,2.413762202,-0.583995417,-0.519907268,2.36383425,-0.455863015,-0.509600255,2.549673607,-0.621034448,-0.873280411,2.41193319,-0.453511549,-0.84927978,2.609038929,-0.5809627,-0.944280452,2.389730464,-0.390175077,-0.922684444,2.645178,0.004454873,0.003006989,0.007335738,0.007575455,0.002284031,0.002357016,0.001619616,6.9895E-4,0.001337028,0.013394764,0.023536717,0.04561544,0.001788802,0.002728483,0.002316074,0.016390774,0.013148851,0.029095786,0.00389554,0.004874072,0.002838475,0.073199996,0.080594405,0.067595972,0.00631699,0.001183671,0.002815268,0.083336209,0.091734197,0.058586699,0.004465992,0.005641856,0.001670665,0.002493056,0.006411923,0.002600524,0.003288077,0.004817727,0.001999079,0.003059727,0.008910064,0.004867201,0.00127831,0.002604743,9.8648E-4,0.001057034,0.002926151,0.001076091,4.49916E-4,7.65807E-4,8.35556E-4,5.73041E-4,7.71507E-4,0.001099334,3.24535E-4,5.10806E-4,0.001038918,0.003568017,0.001718671,0.003260023,-0.083570989,0.002049832,0.104759727,-0.051574206,0.129513464,0.031221376,-0.194384745,-0.067365902,-0.035508561,-0.106932172,0.030754716,-0.035879464,0.011041011,-0.19086722,-0.062745615,0.057301633,0.0919992,-0.082983513,-0.016995976,-0.121635127,0.053947723,0.037974878,0.006466771,-0.072000928,-0.136266811,-0.024744878,0.08877267,0.055405287,0.005475167,-0.076656031,0.039432581,0.143262025,0.027664891,0.01575562,0.122842008,0.04666062,0.094991695,0.090444835,-0.050757731,0.036361477,0.091199558,0.069768996,0.073115038,-0.017085959,0.117239525,-0.037612634,-0.086651861,0.063485576,0.006758031,-0.019229289,0.12056845,-0.039649982,-0.051832009,0.199197406,0.085279133,-0.047917821,0.193854109,-0.010725649,-0.075661007,-0.126163126,0.428268085,0.421450431,0.546640481,0.705818288,0.403948894,0.390484845,0.551044019,0.438923287,0.472367987,0.487268368,0.596314881,0.435772138,0.360381827,0.668840085,0.42764951,0.437647148,0.604063321,0.450387034,0.54963013,0.5559269,0.421691395,0.432755177,0.593925236,0.466868612,0.766171929,0.285397442,0.376906862,0.48873343,0.591114905,0.438545125,0.476143199,0.692845635,0.358685311,0.359025261,0.777280479,0.342751833,0.53191604,0.640780706,0.368640395,0.400808477,0.668098004,0.425053557,0.506479639,0.674448532,0.348584478,0.369911211,0.771316614,0.345687333,0.368096054,0.577441643,0.49455739,0.511396919,0.467162876,0.460194801,0.352082999,0.460509015,0.532058514,0.52239237,0.338315479,0.530317291,thankyou,26
0.080358733,0.612911842,2.144034769,0.059462179,0.430110931,2.166108692,-0.075148664,0.298511835,2.101699815,0.250494866,0.330816272,2.245364215,-0.160939326,0.058006505,2.090427123,0.419549968,0.261011308,2.173653831,-0.146198388,-0.130367777,2.082721508,0.407748057,0.393912877,2.037839769,-0.141715911,-0.202747885,2.091026492,0.402662962,0.444782511,1.984853646,0.080463065,0.059584897,2.175492508,0.090645687,-0.01372205,2.166823692,0.017646463,-0.095713954,2.125617354,0.174929785,-0.094588092,2.203419769,-0.011863272,-0.496828434,2.230869615,0.172603554,-0.516365837,2.368033138,-0.019718558,-0.843822822,2.307800708,0.201012566,-0.868483574,2.442313446,0.012577858,-0.888023917,2.240451246,0.245451966,-0.930947228,2.451721108,0.003304407,0.00168591,0.00326289,0.002689461,7.56071E-4,0.002517366,0.00243173,3.34503E-4,0.001559965,0.002279351,0.002097453,0.005259169,0.001712803,6.03156E-4,0.001968661,0.002794165,0.009865348,0.014748004,0.00308173,5.69295E-4,0.003458123,0.108251738,0.020198499,0.030190993,0.002949816,0.00499883,0.004571101,0.142880897,0.024924876,0.035702747,0.002283746,0.001002987,0.00215637,0.002051555,0.001261107,0.001781872,0.00204724,0.001263027,0.002067709,0.002355212,0.001683381,0.002227607,0.002385935,0.002090396,0.002134118,0.001598103,0.00595708,0.00246906,0.00279368,0.004052843,0.002729357,0.002851035,0.004884349,0.001229513,0.002800933,0.004071048,0.002784173,0.034251236,0.007973842,0.028325908,-0.114496467,0.044062492,0.132397371,-0.032540213,0.133313565,0.130949284,-0.03198545,0.052795846,0.102611883,-0.17491645,7.65394E-4,-0.161210047,-0.204179189,0.062246595,0.24860289,-0.051097092,0.041669008,-0.085764461,-0.178660459,0.073221784,0.125084833,0.050450619,0.068638293,-0.005847231,-0.184122972,-0.01055737,0.229843195,0.08451021,0.0691783,-0.055565415,-0.089810908,0.174721617,0.14455962,-0.080104227,0.248738174,0.097645742,-0.186075902,0.310044947,-0.005227599,-0.069403431,0.189619796,0.147390137,-0.166069544,0.158838007,0.055554162,-0.011608345,0.002346396,0.040518258,-0.100715056,0.092552988,-0.043417477,0.005013362,-0.075037174,0.0308103,-0.100859468,0.091568036,-0.027913086,0.060967544,0.017625006,0.025873814,0.652165491,0.451219138,0.390233543,0.657871011,0.378535846,0.420912365,0.686585686,0.27409974,0.454195434,0.423381895,0.509667647,0.480363267,0.495988236,0.364553381,0.465648815,0.288797749,0.632062124,0.490974664,0.487239275,0.287082638,0.545395072,0.796726149,0.37187036,0.31927697,0.418284402,0.497924198,0.458057756,0.823986299,0.329374633,0.298787912,0.569344858,0.468700794,0.423613217,0.562093574,0.557513743,0.36666234,0.478733191,0.574418069,0.382349835,0.475389555,0.600162752,0.395378485,0.429133757,0.538073537,0.474759608,0.299371915,0.829004759,0.319394233,0.437201261,0.627194087,0.434181215,0.342361627,0.779333979,0.355056172,0.481292093,0.599793876,0.431596051,0.617855878,0.377814295,0.476673383,thankyou,26
