-0.470022704,0.532460933,2.413631269,-0.526823846,0.35215009,2.492721343,-0.669203939,0.246716625,2.435774806,-0.357052921,0.246544816,2.541031672,-0.732151375,-0.006630982,2.437155821,-0.258758961,0.077419176,2.522661,-0.74674394,-0.199860464,2.415837881,-0.21007887,2.4333E-4,2.362063925,-0.740284187,-0.28330989,2.417308582,-0.197964372,-0.013038536,2.294447672,-0.513615607,0.01536915,2.50198497,-0.504300416,-0.050691588,2.487334448,-0.56998584,-0.126480543,2.458098343,-0.430218836,-0.124427725,2.509922358,-0.627837316,-0.518880042,2.559175896,-0.421872978,-0.507335901,2.608114746,-0.642663739,-0.856061464,2.610268881,-0.412805646,-0.8525945,2.642775313,-0.671716172,-0.93532643,2.587929821,-0.371162936,-0.930280461,2.623867761,0.002868663,0.001563658,0.007002861,0.001849751,0.001220444,0.00637076,0.001628564,8.35626E-4,0.004591297,0.00124594,0.003064995,0.00509082,7.87293E-4,8.94357E-4,0.003036307,0.027261899,0.015275216,0.028038518,0.001551829,8.85491E-4,0.004689914,0.093681888,0.0682915,0.028920349,0.001559476,9.77744E-4,0.00298465,0.127206567,0.093765012,0.030759666,8.94747E-4,3.876E-4,0.006225373,7.56996E-4,4.11517E-4,0.003222043,0.001186617,5.60895E-4,0.003013134,5.63573E-4,6.58095E-4,0.002744502,7.71408E-4,0.002746203,0.001448484,2.64296E-4,3.88923E-4,0.002034557,3.03779E-4,7.91967E-4,5.69528E-4,6.46024E-4,0.001471294,7.31048E-4,0.007514579,0.004517612,0.007125468,8.37976E-4,5.69369E-4,4.81325E-4,-0.012965541,0.017665434,-0.171160881,-0.15729793,-0.043384112,-0.219906528,-0.180193647,0.01001566,-0.283306278,0.002748733,0.00381093,-0.250521362,-0.017869222,-0.033784071,-0.288629763,0.042409096,0.012715662,-0.066950626,-0.036004862,0.053667397,-0.073880297,-0.003112708,0.012420563,0.023861518,0.004598793,-0.025127095,-0.09628518,0.020305184,-0.023495648,-0.013703974,-0.093560412,0.008906855,-0.291127097,-0.204693093,0.048972036,-0.135127045,-0.206239124,-0.030123929,-0.145986047,-0.108439194,-0.0628751,-0.061737114,0.022205582,-0.338929814,0.069305368,-0.076805881,-0.137405164,-0.195366749,0.019469929,-0.018741883,0.00301865,-0.00525496,0.044155347,-0.002944601,0.145813859,0.096462802,-0.106178027,-0.080876625,0.006490016,7.81E-5,0.626404898,0.438648427,0.412362489,0.567724149,0.241366872,0.489422312,0.600718593,0.371310454,0.380850078,0.314632591,0.572218326,0.464206226,0.544256246,0.43720407,0.40426766,0.567029481,0.442539195,0.477700006,0.478220461,0.307252634,0.568518986,0.732713594,0.467467147,0.337736065,0.577119934,0.365820795,0.499235015,0.707985668,0.550624354,0.29921343,0.367374429,0.216518814,0.557655403,0.505000503,0.346227572,0.513764926,0.538066176,0.323592067,0.501623136,0.353190581,0.453687531,0.561508539,0.470845243,0.61028877,0.363204044,0.442256873,0.600306139,0.403882515,0.244492625,0.651491989,0.499935059,0.387067129,0.640052836,0.460073373,0.480980439,0.491027513,0.478789735,0.513419976,0.396808025,0.527782577,welcome,27
-0.117284734,0.702542184,2.420945391,-0.126743565,0.518234009,2.453047728,-0.310768827,0.395165421,2.462701609,0.049075685,0.406744032,2.433403467,-0.353161939,0.126361174,2.48748725,0.170569315,0.23656911,2.378247054,-0.35011305,-0.079650379,2.454257174,0.116803396,0.147258891,2.159339609,-0.340243602,-0.176991725,2.430735565,0.075448668,0.143839821,2.073878011,-0.118973613,0.152133311,2.467055293,-0.12078517,0.08190779,2.43322887,-0.200543886,-0.001198897,2.428297022,-0.038803623,0.003444827,2.425806924,-0.218913505,-0.458072768,2.55568212,0.007144352,-0.462957833,2.558340217,-0.220806173,-0.822211459,2.632671696,0.026168613,-0.839045255,2.63893987,-0.272407377,-0.905579829,2.63313612,0.073307483,-0.908285854,2.614146815,0.003730599,0.001750189,0.004721198,0.001216892,0.001382901,0.004161189,0.001057976,0.001148303,0.005566767,0.00339425,0.001997449,0.00370485,0.001144134,0.001050175,0.003011998,0.005962844,0.013498034,0.038778765,0.001908568,0.001055925,0.003253739,0.052434774,0.04062853,0.088399322,0.001039026,0.001105785,0.002774193,0.068769693,0.037505234,0.109904902,0.001068555,8.81526E-4,0.003589501,6.77136E-4,9.53046E-4,0.001967656,7.73818E-4,7.04944E-4,0.002864724,7.56478E-4,8.95665E-4,0.001657486,0.001033071,0.001340708,3.76692E-4,9.54987E-4,7.85702E-4,6.72117E-4,4.88048E-4,0.004022749,0.003019463,9.92947E-4,0.002267673,0.002864364,0.001366482,0.002002251,0.002711689,0.001445662,0.001287033,0.00271027,0.024401174,0.047606113,0.110037851,-0.059983843,0.059953454,0.073299259,-0.129842775,0.031503671,-0.037726033,-0.083166443,-0.003026864,-0.034371518,-0.072346735,0.068155502,-0.100831539,-0.013491477,0.027201096,-0.129683349,-0.096911426,0.105871883,-0.059987519,-0.013248569,-0.002610807,-8.9827E-4,-0.067694857,0.057918951,-0.129885941,0.013739968,0.008821688,-0.026971929,-0.036345374,0.010006121,0.054038556,-0.088405469,0.006232778,0.002756807,-0.051779464,0.039387989,0.002952726,-0.136187337,-0.035744028,-0.002219674,-0.034440276,-0.132795691,0.001956148,-0.138527486,0.06844234,-0.014324582,0.034815327,-0.021954507,0.041015698,-0.034559491,-0.046395407,0.124242437,-0.07808718,-0.022295203,0.001059716,-0.031813004,0.020085738,0.077610354,0.422054292,0.256957494,0.598948256,0.409757771,0.360575257,0.58006891,0.365187267,0.265151004,0.618230785,0.55955766,0.345154055,0.523155903,0.333569284,0.407205954,0.583686816,0.321168809,0.396364969,0.588990315,0.33812952,0.450987953,0.56709176,0.527670716,0.420987267,0.516313059,0.325809568,0.439404556,0.569054847,0.471027128,0.418833359,0.543130994,0.372927684,0.433988171,0.571947971,0.364508073,0.498915693,0.54739014,0.375014407,0.430210887,0.574019647,0.477187884,0.415825587,0.533075675,0.492534972,0.676551174,0.367194371,0.436555479,0.636688646,0.429247249,0.203669593,0.67536529,0.493100973,0.388542871,0.490514748,0.53049289,0.331390914,0.486931063,0.563657594,0.464265188,0.382662982,0.55381752,welcome,27
-0.140344904,0.699246499,2.408970516,-0.123587347,0.515682195,2.443720824,-0.312363899,0.394116143,2.459588978,0.047971869,0.407838075,2.425516846,-0.35098353,0.129405345,2.481882,0.185620384,0.246541131,2.379834527,-0.346260158,-0.07622219,2.445338055,0.119497155,0.149324714,2.161977132,-0.336572518,-0.173445933,2.421460429,0.071142304,0.144654569,2.079671253,-0.117962144,0.151990504,2.455987736,-0.120164596,0.081843277,2.427260681,-0.200802933,-0.002305326,2.425019154,-0.038213782,0.003957726,2.418580022,-0.217901714,-0.45991386,2.549733374,0.008906903,-0.461405642,2.555774791,-0.221451286,-0.823293259,2.631341879,0.025608533,-0.840311681,2.641195253,-0.273052156,-0.906965502,2.630265824,0.073293628,-0.908507881,2.617707769,0.007896343,0.002451112,0.010942533,0.002564992,0.002871018,0.007094687,0.001883434,0.001351069,0.003927563,0.003595074,0.00154573,0.00974389,0.001247887,0.001349513,0.003439965,0.01175251,0.012172949,0.035827497,0.003348248,0.00145739,0.00550809,0.048806903,0.039923646,0.069794829,0.00326268,0.001741068,0.005890308,0.059858524,0.040883204,0.101964981,8.70737E-4,9.64377E-4,0.007246576,0.001294337,0.001084061,0.003095145,0.001771122,0.001047603,0.002543131,0.001975004,8.93863E-4,0.003206825,0.001746113,0.001674144,0.001763612,0.00130333,5.47627E-4,0.001715999,5.62976E-4,0.005244274,0.002796747,0.001064202,0.002220767,0.003488584,0.002006308,0.002919755,0.003449759,0.00197205,0.001697829,0.004775214,0.060544156,0.068627446,0.020580924,0.016053468,0.079221662,-0.032294661,0.069396188,0.077444869,-0.027245048,-0.071267133,0.045655699,-0.195647168,0.03869601,-0.00729724,0.023089925,0.06630022,0.035617571,-0.109750743,-0.032759473,-0.013219711,0.03054667,0.009466715,-0.01004689,0.027647986,-0.017694117,-0.001847811,-0.015966505,-0.016194019,0.026316638,-0.035931378,0.145416068,-0.102423439,-0.114792644,0.013531002,-0.066433737,-0.073174378,-0.030000853,0.001131563,0.003614424,0.077073707,-0.042640128,-0.069367403,-0.079586397,-0.056035187,-0.086435703,0.032748041,-0.008944948,0.004913069,0.056343177,0.073820477,0.051718347,-0.035477597,-0.053981362,0.109470438,-0.071211095,-0.02387797,-0.113024851,0.002201884,0.004860912,0.122251097,0.434485915,0.2935966,0.593543163,0.353822612,0.44096366,0.574688633,0.344184347,0.338968395,0.609545602,0.615278664,0.255715616,0.479729763,0.47428135,0.419914043,0.540819882,0.377488857,0.368941315,0.583175774,0.475086926,0.340824049,0.567393834,0.499275479,0.357613481,0.552262165,0.448692487,0.363421547,0.57212463,0.463499157,0.261177838,0.592565321,0.36881849,0.359494507,0.576623824,0.402315856,0.509563085,0.525309781,0.501192901,0.443430008,0.519676163,0.477878027,0.395621806,0.541493084,0.388259524,0.647852193,0.443702309,0.469192832,0.508940449,0.504238302,0.21730828,0.714891007,0.456326635,0.356815954,0.478428408,0.549647456,0.346110801,0.488900899,0.547053536,0.363627787,0.291422693,0.608886263,welcome,27
0.048824778,0.611343173,2.214470063,0.05088325,0.420152339,2.273909953,-0.121449998,0.311276655,2.273937938,0.220601713,0.330466595,2.266290719,-0.208006094,0.062832304,2.29117725,0.344672627,0.181976491,2.167411672,-0.231796798,-0.151676302,2.260830469,0.285478889,0.076086973,2.014081891,-0.221810705,-0.236744191,2.257521734,0.237020352,0.069945098,1.958362656,0.053521937,0.071897584,2.286820375,0.053269196,0.004153673,2.261490703,-0.022603658,-0.07459879,2.250061016,0.130074513,-0.071430934,2.263350688,-0.07852307,-0.5541127,2.384555391,0.171929427,-0.525185194,2.392342703,-0.112438514,-0.89069935,2.450841125,0.171877009,-0.888699106,2.472813438,-0.159597052,-0.949545406,2.409156266,0.229950417,-0.951027934,2.42957375,0.002650934,0.002843513,0.008055152,8.68694E-4,0.001688828,0.002776521,9.02563E-4,6.43184E-4,0.002163146,0.001560285,0.002311053,0.002862812,0.001469062,4.67759E-4,0.001384296,0.012021814,0.007684205,0.032812025,0.002163898,0.00200626,0.0040302,0.070177538,0.016788232,0.072759567,0.002615668,0.002335859,0.004704506,0.085289777,0.016597535,0.09936529,3.90896E-4,6.23056E-4,0.002525271,2.93867E-4,7.44463E-4,0.002285661,4.85254E-4,6.0452E-4,0.002156386,7.26327E-4,6.74152E-4,0.002772461,4.32665E-4,0.002848554,0.001593022,4.04903E-4,7.36804E-4,0.001457992,3.7208E-4,5.22388E-4,0.001091024,7.12309E-4,0.001294269,0.001124015,0.00122874,0.001104098,0.001762726,0.001071873,7.21046E-4,0.00148428,-0.138085415,-0.001665879,0.142311638,-0.042020736,0.05954246,0.213978516,-0.139963995,-0.105028426,0.163973056,-0.174349752,-0.113267616,0.009815632,-0.254737445,-0.139510921,0.180994749,-0.098660679,0.0711122,-0.2145624,-0.169060475,0.049002428,0.129507764,0.054253729,0.098384694,-0.136970278,-0.071326046,0.026547382,0.167484712,0.089995476,0.056654034,-0.145493972,-0.010244578,-0.043517474,0.22303812,-0.018001541,-0.05366874,0.185337703,-0.041043779,-0.041860294,0.16716879,0.041825836,-0.007641058,0.174450876,-0.011688527,0.481845554,-0.155868194,-0.04582624,0.011892327,0.056119641,-0.015130426,0.017220669,0.069360168,-0.069580785,-0.080580852,0.023917702,-0.098743081,-0.062796504,-0.030933878,-0.056683566,0.088836906,-0.079481988,0.339457483,0.264620206,0.607597952,0.335133765,0.427783159,0.543319153,0.332515839,0.266481463,0.598670614,0.360875799,0.553076947,0.501942348,0.348229387,0.32809522,0.549074317,0.418378339,0.254850215,0.563727207,0.3257757,0.470793797,0.543506639,0.500094622,0.35788093,0.526788817,0.349932294,0.531832802,0.507913067,0.491821253,0.401151536,0.513234306,0.294222772,0.297521437,0.594112467,0.215420869,0.394381551,0.595457037,0.347746961,0.299847316,0.597085098,0.309007119,0.359228373,0.589884621,0.26657667,0.645487615,0.324845579,0.413951173,0.499256817,0.526705886,0.469628131,0.429448186,0.533311563,0.451434685,0.611427353,0.443741677,0.411290498,0.582472757,0.479498412,0.578213404,0.338556917,0.505499179,welcome,27
-0.429152174,0.627921896,2.188629283,-0.410045711,0.465928698,2.314003113,-0.58956603,0.377515043,2.352497736,-0.250380132,0.386978932,2.333855,-0.640032858,0.144933004,2.467615377,-0.142343815,0.176156283,2.337776774,-0.667346011,-0.08768975,2.494019453,-0.243431099,0.070275801,2.19843034,-0.668852174,-0.176247628,2.493839038,-0.300569262,0.053317018,2.13964983,-0.398508032,0.143062855,2.404040113,-0.396214966,0.078514483,2.425397208,-0.469799087,0.002964209,2.446757151,-0.317242347,0.007328301,2.441964321,-0.482705891,-0.454598889,2.584068415,-0.275584643,-0.490388387,2.604139528,-0.522444353,-0.850518408,2.630589019,-0.19116506,-0.857257983,2.612171981,-0.577667913,-0.917507591,2.603898264,-0.158849011,-0.934059009,2.57229117,0.00864156,0.055541402,0.070936603,0.008439848,0.042670632,0.044200487,0.004817033,0.008903184,0.011557433,0.004202569,0.030448267,0.044218559,0.00417826,0.018295611,0.030763422,0.025022468,0.045781018,0.013725878,0.0176895,0.030452903,0.074218062,0.125476096,0.098651184,0.094913978,0.031409915,0.030849741,0.086376196,0.16384266,0.126819477,0.130748085,0.003106905,0.01981949,0.003707635,0.004812722,0.0153498,0.005450864,0.006492569,0.008480856,0.021047162,0.007865704,0.015095114,0.006437551,0.00733836,0.002190641,0.017985842,0.017105513,0.01047732,0.012709975,0.002006198,0.0028516,0.001350503,9.62229E-4,0.003283551,0.002554733,0.001361942,0.001995885,0.002862358,0.028092518,0.009540827,0.020702248,0.06466598,-0.079641442,-0.011318781,0.018856376,-0.073740181,0.003802555,-0.014658407,-0.128995233,0.004313345,0.052207268,0.029471561,0.018506749,0.061659938,0.004641557,0.075336232,0.004939192,-0.008103142,0.017399953,-0.006729809,-0.057317779,0.042285401,-0.006148555,-0.024805825,-0.016684908,0.033643089,-0.087010448,0.042107805,-0.080661612,-0.049428028,-0.020626291,0.064744782,-0.046906215,-0.042684279,0.049555299,-0.08782779,-0.05039569,0.096640684,0.087163269,0.068749017,0.030344845,-0.026034482,0.015662645,0.003452312,0.164743339,-0.045570599,0.043842212,0.026678225,-0.04436879,0.031660554,0.212435984,-0.062197847,0.036486145,-0.017563818,0.030046511,0.042832168,0.155336539,0.122984631,0.091351169,0.055533117,0.167543554,0.216170502,0.514474316,0.573745468,0.224571898,0.53116496,0.566686165,0.43482055,0.436064176,0.540523664,0.191988503,0.495232251,0.58919148,0.241215823,0.417526957,0.605305291,0.41438582,0.730242252,0.370871222,0.208944402,0.352038911,0.634878147,0.588301594,0.412393803,0.481335976,0.312511979,0.347909633,0.612200954,0.578893037,0.524232727,0.424760726,0.267264719,0.766699599,0.39451334,0.381897349,0.721708127,0.386341091,0.327398092,0.365732287,0.59704372,0.518734054,0.646224281,0.382066075,0.397009167,0.372765853,0.571091452,0.483417877,0.716171941,0.337251186,0.53319367,0.576385051,0.393287107,0.413776532,0.650417574,0.4376092,0.450195358,0.569746669,0.445076725,0.522878817,0.313201674,0.519808427,welcome,27
-0.417500166,0.622943128,2.185082563,-0.404702993,0.459430775,2.310113803,-0.585893721,0.383424497,2.359470437,-0.249119083,0.379504601,2.330941831,-0.645092475,0.164039342,2.489537662,-0.13373779,0.167470285,2.328252986,-0.680197008,-0.054168608,2.534445761,-0.246774076,0.061667587,2.198383944,-0.690348524,-0.141784733,2.529074718,-0.30809511,0.045466982,2.15308693,-0.398884134,0.141872594,2.410396901,-0.397563796,0.078009775,2.433200479,-0.471979104,0.005327373,2.458051465,-0.320426963,0.005448285,2.449743549,-0.485444096,-0.458965434,2.590128437,-0.278206907,-0.489671817,2.611443761,-0.525336293,-0.853146249,2.632468887,-0.19068819,-0.858704349,2.613089014,-0.579094692,-0.918786341,2.600922901,-0.144949104,-0.939222717,2.578262352,0.00827102,0.055502006,0.074277831,0.008579265,0.044130277,0.0487134,0.00571206,0.009401757,0.016420281,0.008216928,0.033601363,0.048699514,0.00423445,0.023187446,0.028642947,0.034148193,0.046404418,0.015799359,0.017960595,0.047565624,0.082965166,0.105643447,0.106414202,0.099802219,0.029289886,0.049847951,0.090301463,0.134525575,0.123108583,0.117540635,0.004163484,0.021624561,0.008842726,0.005574501,0.016929571,0.003636864,0.006041383,0.009135586,0.015077645,0.008656641,0.016093099,0.003724827,0.008646698,0.002457724,0.009623983,0.013290647,0.012041811,0.008268714,0.001707881,0.001735566,0.001688693,0.001246061,0.00299425,0.00233162,0.002264984,0.002214663,0.003782108,0.015196175,0.004308841,0.010297348,-0.028806916,0.093647081,0.132907525,-0.027662088,0.117353487,0.128474583,-0.12649023,-0.036029158,0.106419234,0.00314311,0.11928584,0.143099999,-0.074186294,-0.094135207,-0.055309751,0.09169779,0.170992275,0.09261854,-0.012761637,-0.105086765,-0.164417895,0.093414937,0.072812226,-0.079146996,-0.022830659,-0.176489438,-0.152548785,0.068128846,0.002628595,-0.092063165,0.050845778,0.197347392,0.02831899,0.088333066,0.165679934,-0.071038182,0.07144673,0.061209504,-0.102914207,0.122933581,0.163758424,-0.08086782,0.098685457,0.059526564,-0.219886951,0.164468979,0.007498045,-0.097319848,0.12405143,0.020346756,0.029607139,0.049588749,-0.04991028,0.025593282,0.012977501,0.033836719,0.01009437,-0.027082265,0.093932,0.097670124,0.161195072,0.515355797,0.569459642,0.184243078,0.524513744,0.560547221,0.278122498,0.437686788,0.581495386,0.184522288,0.475485413,0.578617634,0.235028258,0.475814475,0.584508592,0.47083214,0.660954167,0.368500229,0.265447431,0.365403442,0.598133442,0.58633656,0.457757107,0.450247883,0.315354305,0.425583206,0.559381598,0.593412123,0.470943709,0.441520153,0.231093504,0.729296281,0.422306511,0.331466162,0.762320165,0.352646584,0.312353878,0.492730926,0.554482918,0.436744869,0.711487692,0.341290884,0.50207271,0.361375099,0.495727425,0.599662705,0.675574061,0.248004239,0.45734093,0.533509928,0.486884999,0.344223481,0.666285723,0.456584206,0.458620447,0.503997656,0.509818168,0.446242902,0.359691011,0.560428086,welcome,27
-0.017291629,0.596034477,2.220782066,0.018985731,0.414944885,2.284786264,-0.162215012,0.337222736,2.355896736,0.146656398,0.309363337,2.219142121,-0.238219214,0.081391953,2.416316538,0.223370874,0.15220818,2.05087733,-0.243978257,-0.137243854,2.427347758,0.09895425,0.094348699,1.892688451,-0.244137845,-0.204584724,2.421293648,0.061103375,0.101739573,1.854905462,-0.025344796,0.074583442,2.296899473,-0.034322938,0.006648668,2.302337176,-0.113265424,-0.060386103,2.324784989,0.026005405,-0.070558131,2.281789418,-0.125816071,-0.504958985,2.453483725,0.07840503,-0.508700925,2.384868714,-0.121543041,-0.858255511,2.521503857,0.079042087,-0.883299232,2.477858143,-0.150348878,-0.898419611,2.462329758,0.083948662,-0.94478553,2.436883308,0.005592126,0.003396953,0.00609308,0.001707948,0.00158123,0.005802296,9.64268E-4,0.00149367,0.002983079,0.007553422,0.004075521,0.00602834,0.001662488,0.001392552,0.003749954,0.016991525,0.025293065,0.037244953,0.002056384,0.001609212,0.002459308,0.057532361,0.0346115,0.092466107,0.003919968,0.001582582,0.003459897,0.085552324,0.034463773,0.116149719,7.22193E-4,0.001507105,0.002778527,5.93556E-4,0.002074588,0.001839457,5.95862E-4,0.001102306,0.001235393,0.001064575,8.97617E-4,0.002464602,0.001221295,0.004160519,0.00249733,0.002414632,0.007634705,0.004957331,0.002469657,0.002810436,0.002275987,0.002880032,0.002656187,0.001240439,0.002770312,0.004070036,0.006886334,0.009530434,0.004268404,0.007711762,-0.181538929,0.006913055,-0.039689598,5.74898E-4,0.177068855,-0.078745996,-0.137529767,0.027951352,0.024224945,-0.149767061,0.185365942,-0.207704028,0.102038304,0.108437196,0.0151767,-0.130642307,0.131910552,-0.180186774,0.083711601,0.04384785,0.108875909,0.048018631,0.033120127,-0.136636372,-0.084221138,0.053937162,0.136238124,0.093728051,0.049336303,-0.153453067,-0.123952777,-0.100612298,-0.161425215,-0.126736546,-0.026967334,-0.191803585,-0.089887695,0.026094397,-0.064112123,-0.121443197,0.107754823,-0.156908139,-0.054278615,0.161515775,-0.111915381,0.025538599,0.039378247,-0.057049776,-0.034964747,-0.004678099,0.011108121,0.068711893,0.00310338,0.023609997,-0.040675842,-0.013109546,0.023714582,-0.022118596,0.029044946,0.059470827,0.441426039,0.518798468,0.494127347,0.48977104,0.391520462,0.525111035,0.462004659,0.384853903,0.550557337,0.653874565,0.444085363,0.331257305,0.318652062,0.527953946,0.54117087,0.375687638,0.502641461,0.497288862,0.579556038,0.52043875,0.417819552,0.44383135,0.405657434,0.541364135,0.587546109,0.436613527,0.450221843,0.465123605,0.315249982,0.55416772,0.268021613,0.66132265,0.44790628,0.32632011,0.730364462,0.358887959,0.464623712,0.521331161,0.491964119,0.473874871,0.540762219,0.444672823,0.432872951,0.688351916,0.369457027,0.411043836,0.665326059,0.429222591,0.435781339,0.656499292,0.428068,0.538779046,0.587416651,0.416915419,0.462000936,0.634884628,0.429756673,0.513544652,0.449855959,0.507094957,welcome,27
-0.335441569,0.668982792,2.421580265,-0.323454337,0.482009327,2.500766837,-0.493264302,0.364275884,2.53964502,-0.161022633,0.371112951,2.489370939,-0.534438908,0.10824712,2.562352347,-0.010065035,0.232496727,2.393003388,-0.504284586,-0.084972993,2.478102449,-0.069110518,0.136473855,2.213450327,-0.462610427,-0.162677853,2.458561,-0.130196371,0.126510646,2.123257347,-0.325428327,0.13254792,2.51616802,-0.325695982,0.06272329,2.522572408,-0.400501947,-0.014087945,2.529366673,-0.251560484,-0.010234137,2.518509898,-0.434678127,-0.471581649,2.636302143,-0.221058439,-0.487576463,2.641321878,-0.437858057,-0.8540296,2.651272449,-0.213062722,-0.847520043,2.672066816,-0.477765984,-0.936333049,2.637557939,-0.193677529,-0.92140868,2.632829082,0.004767018,0.001975955,0.005927621,0.002555119,0.001267345,0.003144659,0.003687407,0.001293492,0.003355243,0.003246095,0.001397887,0.005402841,0.002096796,6.06885E-4,0.001344676,0.027454694,0.008565127,0.039065565,0.004205776,0.008782156,0.004243423,0.034172882,0.035528857,0.0824649,0.009125752,0.014276494,0.005053458,0.060844009,0.059190127,0.120594562,0.001875952,0.001463043,0.003018054,0.001855991,0.002032784,0.003136592,0.00188277,9.23732E-4,0.002645349,0.001685201,0.001612606,0.004309319,4.95351E-4,0.002265311,0.002146504,5.20618E-4,0.001087939,0.00320626,4.30561E-4,0.001754573,8.46895E-4,4.4106E-4,0.001167709,0.001571099,0.004817123,0.005501379,0.010982061,0.001157562,0.002345351,0.003709626,0.00996428,-0.031632289,-0.019377462,-0.038005161,0.041290906,-0.065898006,-0.080455284,0.091119096,-0.054893408,-0.289212678,0.00409414,-0.237371138,-0.258892406,-0.017059215,-0.091076828,-0.120719937,-0.056894657,-0.192863449,-0.100443078,0.056316144,-0.243872765,0.063316855,0.002490781,-0.211142512,0.034033694,0.135729189,-0.159847999,0.072248244,0.013367657,-0.140423442,-0.137533145,-0.138060048,-0.035209906,-0.112379129,-0.188193488,-0.068979306,-0.11553693,-0.126800174,-0.019997243,-0.082790507,-0.085514461,-0.21002189,0.027643475,0.122150384,-0.127780587,0.034714559,0.002573728,-0.108981148,0.021706244,0.08270597,0.062915856,0.001653491,0.020564621,-0.048048627,-0.061981231,-0.02115878,0.047475013,0.11342682,-0.214415117,-0.016023379,0.558112731,0.287365638,0.540003896,0.433450013,0.37835252,0.563939779,0.43036795,0.326970305,0.576976957,0.477758748,0.319673122,0.473434709,0.470081105,0.516863211,0.450215795,0.415444093,0.333137925,0.548392275,0.461002804,0.474073428,0.451073696,0.325433312,0.311411122,0.583594119,0.632185879,0.451353843,0.389635308,0.403885533,0.355538072,0.567391289,0.343264631,0.410107432,0.57089829,0.352248617,0.488852591,0.527896469,0.47686961,0.284027173,0.565788845,0.324197441,0.341222531,0.57145055,0.285119544,0.70442888,0.419705691,0.259393769,0.575284006,0.526993468,0.267492829,0.723574906,0.429248241,0.275201165,0.717168101,0.43815115,0.416192455,0.406942341,0.561857653,0.468862183,0.556657672,0.440952182,welcome,27
0.044007858,0.611877997,2.210646106,0.048677064,0.420846421,2.263866242,-0.120711924,0.308361433,2.257734273,0.219540238,0.328115502,2.267035879,-0.201954482,0.061084573,2.272424591,0.346902838,0.177447624,2.195094045,-0.22440112,-0.154930945,2.240671333,0.290630786,0.083122731,2.024780833,-0.2145726,-0.242670068,2.236990212,0.253086283,0.073807558,1.96886097,0.052733818,0.069249657,2.276650076,0.054314286,8.75629E-4,2.251056712,-0.020625373,-0.078333863,2.239020924,0.13143365,-0.073714153,2.253438561,-0.077407708,-0.552252706,2.377062273,0.172105517,-0.523333242,2.384807485,-0.111593845,-0.891205618,2.44901047,0.170901798,-0.888207582,2.471420758,-0.160308802,-0.950016898,2.410142818,0.230789271,-0.951162026,2.432144318,0.003017264,8.72531E-4,0.004170059,8.67607E-4,0.001520217,0.001794132,0.001192275,5.11479E-4,0.002522822,0.001770259,0.004207901,0.002562612,0.001116997,0.001572119,0.003824817,0.013158656,0.008539662,0.028004728,9.99179E-4,0.001447376,0.004830538,0.064510876,0.018047397,0.070328087,8.6451E-4,0.001002652,0.003835563,0.08480456,0.021083736,0.090162971,3.30639E-4,0.001162554,0.001678234,5.3208E-4,0.00135099,0.001118667,7.7035E-4,0.001290234,0.001337813,5.46306E-4,0.001139038,0.00114001,8.43541E-4,0.00339717,0.001754932,5.54565E-4,5.45435E-4,0.001806765,4.12445E-4,6.20509E-4,7.25449E-4,3.9024E-4,8.99345E-4,7.79243E-4,6.67564E-4,8.83982E-4,0.001760808,7.89293E-4,4.39562E-4,0.002219522,-0.182378219,0.073951141,0.240055703,0.0999672,0.249297168,0.146097697,-0.052206594,0.102005206,0.048605277,-0.092200998,-0.059152444,-0.129907231,-0.097320165,0.072209727,0.214486165,-0.060601572,0.041448767,-0.101768719,-0.125473747,-0.012750583,0.175976663,0.0417991,-0.008747217,-0.120881395,-0.142992431,-0.026152868,0.160426311,0.05650961,-0.002594487,-0.130542318,0.054962125,0.120377437,0.258795073,-0.063819995,0.035003696,0.204008523,-0.089946235,0.102133125,0.215628386,-0.026610936,-0.040895798,0.146519118,0.006186804,0.33188298,-0.029079981,0.005264735,-0.012944336,0.037621307,-0.006023562,-0.005839336,-0.021380848,0.031896918,0.121916025,-0.094073362,-0.035870557,-0.036325737,0.036551703,-0.144946342,0.067867236,-0.017884089,0.513395443,0.240092903,0.503509111,0.410851282,0.282475937,0.556518518,0.386357152,0.325075292,0.596464313,0.366862926,0.614352053,0.461596602,0.33351204,0.510686681,0.502119847,0.430591696,0.325217756,0.577465881,0.366354923,0.532831092,0.493685682,0.506189689,0.343525669,0.537983053,0.390688853,0.532899994,0.48696725,0.46561385,0.269782303,0.573227876,0.208651446,0.568425788,0.481757494,0.315525823,0.66690701,0.418565743,0.449580066,0.540828922,0.434032801,0.341754066,0.654673607,0.443400792,0.22008583,0.804171049,0.296554792,0.517991979,0.448708769,0.505908877,0.508462046,0.473185772,0.500588227,0.346594379,0.56002919,0.508309885,0.377334603,0.493146386,0.544830757,0.494954765,0.347429165,0.544182475,welcome,27
-0.016643476,0.591265374,2.212086377,0.012712504,0.412017161,2.28063071,-0.166883622,0.33539133,2.342034203,0.152692543,0.308565432,2.224735594,-0.240655283,0.079579024,2.394279029,0.236116622,0.14471449,2.074182246,-0.247338287,-0.138164709,2.406479043,0.09606944,0.076624247,1.924602913,-0.243479949,-0.171928391,2.399936304,0.043803925,0.07461224,1.900888812,-0.025008066,0.073545591,2.292810145,-0.032533459,0.00590756,2.298562116,-0.112428158,-0.06266176,2.315833145,0.03116622,-0.072242888,2.283035145,-0.124932409,-0.503702551,2.449639449,0.082842748,-0.505798116,2.385037725,-0.122785213,-0.858103248,2.520891087,0.079376621,-0.883947593,2.476599928,-0.147286678,-0.89831771,2.459490072,0.081272427,-0.945733788,2.437916406,0.001979632,0.002129528,0.007460975,0.001701863,0.001559742,0.005198163,0.001765997,5.40584E-4,0.005241487,0.003356619,0.001360265,0.003349001,0.001986883,6.52905E-4,0.003684426,0.007492652,0.014680228,0.025980345,0.001843227,6.74308E-4,0.003528516,0.048374098,0.024502461,0.080615988,0.005669277,0.021860163,0.007519681,0.074384151,0.036369177,0.095880077,5.19648E-4,0.001200724,0.002663959,4.06247E-4,0.001457282,0.002326469,5.79133E-4,8.21958E-4,0.002444682,3.45429E-4,0.001007856,0.001434264,0.001426193,0.004039743,0.002571145,0.003048587,0.011969104,0.007213759,0.002263487,0.00385772,0.001586666,0.001392629,0.001992924,0.001229065,0.002677144,0.00386152,0.001630025,0.011197797,0.006324423,0.011087621,0.042255635,-0.088954855,-0.370146467,-0.06837948,-0.092549583,-0.207602398,-0.124377617,0.096367413,-0.151568542,-0.160802756,0.00289645,-0.292836221,-0.082156246,-0.018548724,0.00383074,-0.025199801,0.11554582,-0.100936881,-0.090002349,0.001097091,-0.028302055,0.0595263,0.052604296,-0.09351773,-0.168873833,-0.010379826,0.007691604,0.072903786,0.129966492,-0.090052483,-0.041248664,-0.274051595,-0.259794799,-0.030370435,-0.262876202,-0.228401237,-0.083897043,-0.213510884,-0.231345275,0.065528777,-0.284321132,-0.175852525,0.009668811,0.026852996,-0.053339919,-0.085194918,-0.013399012,0.005386881,0.057125231,-0.065529435,0.022987043,0.03756258,0.037177945,-0.00427294,0.049444852,-0.068959839,0.026115986,-0.037321487,-0.03063682,0.039794459,0.432508877,0.53502655,0.33473062,0.382264986,0.329129274,0.561222102,0.487502489,0.350048537,0.526003424,0.680579999,0.374874937,0.301080731,0.391950853,0.420313954,0.569112038,0.292081785,0.475304734,0.565331785,0.470463279,0.428422918,0.534118846,0.399587931,0.409633412,0.562882013,0.452825252,0.615823527,0.431183051,0.455372861,0.371763644,0.548056221,0.254370091,0.509023108,0.472534894,0.307604809,0.610534828,0.412914026,0.416162263,0.468710145,0.46389598,0.470817188,0.535609007,0.404725867,0.387428556,0.717088704,0.396469734,0.40380162,0.656682285,0.437836025,0.406280808,0.725454273,0.377627616,0.540820931,0.624772156,0.387037023,0.401234669,0.727193616,0.378684575,0.508453359,0.426016378,0.519470777,welcome,27
0.009100347,0.580088701,2.098584133,-0.034109556,0.391519693,2.15300384,-0.180447451,0.282730281,2.089850773,0.150762435,0.295835751,2.249093213,-0.269906237,0.043494994,2.075748253,0.301659673,0.146491865,2.203852573,-0.257392956,-0.170878807,2.08803612,0.322641797,0.113388108,2.014269867,-0.263124237,-0.228096575,2.093905173,0.319982303,0.106380253,1.983892053,-0.026522133,0.061142046,2.162665973,-0.025045043,-0.004843146,2.167863707,-0.09836201,-0.087554313,2.122950907,0.05226422,-0.094783745,2.21360272,-0.137055365,-0.486465236,2.20920828,0.047899212,-0.505119421,2.345624987,-0.149243019,-0.802961236,2.263834227,0.103646387,-0.856245221,2.417006413,-0.117630942,-0.845770009,2.2084776,0.160660388,-0.916823121,2.437966773,0.002440762,0.001213514,9.63837E-4,3.86457E-4,5.69218E-4,7.0612E-4,0.001390732,2.95699E-4,7.2132E-4,0.001715291,0.003337804,0.005636895,7.42543E-4,0.001861244,0.001008134,0.014735402,0.016756341,0.033427334,0.001650213,0.0017659,0.001691988,0.119308469,0.041094629,0.020362823,0.001188983,0.017624487,0.002776837,0.138624042,0.04783026,0.027665243,7.83592E-4,8.07356E-4,2.39776E-4,9.20196E-4,0.00109464,2.40266E-4,0.001043679,5.69658E-4,3.47103E-4,0.001160015,8.04309E-4,8.47966E-4,0.002290032,0.006020204,0.003210039,8.08243E-4,0.008050107,0.003392169,0.010941799,0.010456675,0.003906014,0.004565164,0.009801425,0.002412336,0.010670868,0.011142999,0.017394749,0.006309674,0.008995041,0.010360509,0.145354621,-0.14188312,0.099810527,0.054347986,0.13647962,-0.01686066,0.261892002,0.049412471,-0.00640332,-0.036447595,-1.06936E-4,-0.191621107,0.012429896,-0.220667971,-0.053804934,0.036847134,0.02820148,-0.131434649,-0.073763032,-0.127213618,-0.11436637,0.128498572,0.06076856,0.043958943,-0.009487589,0.300387359,-0.120943131,0.156788062,0.108962436,-0.020999529,0.084063523,-0.18659392,-0.072775069,0.068921254,-0.185235794,-0.060183468,0.056668783,-0.086716176,0.025238375,0.087047818,-0.007582566,-0.166352983,-0.03343993,-0.105266153,0.017393026,0.04189251,0.128615823,-0.016111792,-0.026715512,0.05746083,-0.003845431,-0.077849443,0.081472191,-0.002509708,-0.016453618,0.041100377,0.003967568,-0.05893798,0.012897358,0.012258327,0.549864464,0.577396367,0.37995995,0.479913261,0.431407621,0.523263293,0.462548048,0.466812877,0.491197287,0.277506989,0.562172266,0.508754664,0.332828401,0.660834118,0.437968521,0.467169479,0.480568821,0.500046805,0.585315455,0.488852102,0.42218869,0.656171855,0.48258987,0.386417687,0.288515516,0.684233826,0.396154255,0.69014477,0.29580434,0.43865969,0.517434918,0.614439352,0.379490676,0.501126881,0.646569446,0.367677837,0.623183983,0.45614122,0.43468159,0.46806981,0.577326277,0.430266755,0.399317096,0.72656043,0.378262493,0.367958999,0.790329,0.322026605,0.580998128,0.665963252,0.317270315,0.46208524,0.778842569,0.277024684,0.529623828,0.645097499,0.379352044,0.52864042,0.531186717,0.458733394,welcome,27
-0.293814643,0.664966123,2.374786113,-0.301631974,0.474439253,2.429107453,-0.411975455,0.333451158,2.352763811,-0.14209873,0.390446798,2.573752075,-0.458670198,0.096846908,2.330850434,0.03402025,0.322634057,2.640498302,-0.40288814,-0.164220343,2.30066066,0.113323094,0.240140734,2.462771396,-0.379099479,-0.238622406,2.301921792,0.127565629,0.22164256,2.374767623,-0.263198151,0.133026709,2.437786755,-0.253002228,0.065193369,2.439918358,-0.305771194,-0.013059791,2.392864094,-0.182367819,-0.00864721,2.486165226,-0.371857074,-0.488705349,2.480146434,-0.240322372,-0.483258309,2.646523132,-0.393951538,-0.874012617,2.525148491,-0.261713006,-0.852698277,2.701722075,-0.353352147,-0.9512536,2.504548302,-0.20677127,-0.930241732,2.702386698,0.009692066,0.002003962,0.004099326,0.004175584,0.001829802,0.002843685,0.003372834,0.001524283,0.005856872,0.006236926,0.004576996,0.004749445,0.002919461,0.00561417,0.007404051,0.030814302,0.017874445,0.039935601,0.003549203,0.002167256,0.005891198,0.082727945,0.065434087,0.039558022,0.007826959,0.004283181,0.005314465,0.11235181,0.093007739,0.040243807,0.002362818,0.00127658,0.00282973,0.001604052,0.001511795,0.00405195,0.002816707,7.37048E-4,0.003565658,0.001147114,0.001370033,0.005720525,0.001367252,0.001996554,0.00234068,0.003402043,0.001817889,0.002531724,4.05042E-4,0.001946533,9.46903E-4,9.88215E-4,0.002641905,0.001845042,0.001579376,0.001316054,0.001183763,0.008856755,0.004096043,0.005214419,-0.048806839,0.156300152,0.076848592,-0.157085367,0.249882905,-0.058998594,0.128964517,0.124935069,-0.338080007,0.036940173,0.047213358,-0.00866593,0.038523237,-0.19113009,-0.269860988,0.011811909,0.104194085,-0.124934322,0.093627265,-0.025371752,-0.248120947,0.019125886,6.35826E-4,-0.043556231,-0.033410833,0.018902022,-0.045532714,0.027878162,0.032722771,0.051286715,-0.029020478,-0.050105024,-0.118671995,0.057400949,-0.090735253,-0.035284368,0.233470267,0.018643518,-0.003104827,-0.12680917,-0.031259687,-0.020820756,-0.07658168,-0.194547923,0.036337226,-0.042966978,-0.098831613,0.030737484,0.050032149,0.060767541,-0.037403903,0.103551992,0.066973745,-0.099093979,-0.047950984,0.001098608,-0.030564303,-0.050275395,-0.02495813,0.015118424,0.701202433,0.307819552,0.42128701,0.584415625,0.307268466,0.47377502,0.488899851,0.395643944,0.399599264,0.52735152,0.538011764,0.452436225,0.38665044,0.606971282,0.371254536,0.486126559,0.469148011,0.490573876,0.516299831,0.540990049,0.378448728,0.552019718,0.529668173,0.442297741,0.598105855,0.575773522,0.378018098,0.629410551,0.546631398,0.373202608,0.513425663,0.424131427,0.502568868,0.391769318,0.432769479,0.559334117,0.570325364,0.312695537,0.500893797,0.34579975,0.276354568,0.619092266,0.431207117,0.501549045,0.498012219,0.556138274,0.549367541,0.4218481,0.280396861,0.662960913,0.476163146,0.301848889,0.639524164,0.471777195,0.476200565,0.443977044,0.525660352,0.674091582,0.362499478,0.442315986,welcome,27
0.07704884,0.593200158,2.098788,0.045172951,0.405612987,2.149008768,-0.044087474,0.271808281,2.058084797,0.207633743,0.321532348,2.289222623,-0.119721329,0.020299442,1.990926333,0.313728609,0.169962235,2.338234884,-0.07937603,-0.195662093,1.96763813,0.431106172,0.111769725,2.17880258,-0.063608806,-0.276703229,1.976796145,0.458642484,0.101597618,2.112544058,0.085059999,0.049421125,2.15555342,0.104029551,-0.019825101,2.147754754,0.053474969,-0.096325307,2.099366638,0.174393029,-0.086466738,2.191200406,-0.011494575,-0.554142835,2.220019377,0.152710823,-0.574782378,2.378846942,-0.068371091,-0.882137199,2.294072667,0.139449519,-0.882747474,2.428475681,-0.041809685,-0.948498268,2.284179507,0.219778584,-0.938200197,2.432965971,0.004825824,0.002309524,0.004980816,0.003236558,0.002494832,0.002828717,0.00166503,9.01327E-4,0.001573263,0.003545702,0.002514871,0.004082759,0.001292625,0.001356314,0.002630218,0.03197081,0.003603257,0.01875536,0.002291303,4.88311E-4,0.002949147,0.07768363,0.028101874,0.022220702,0.002921427,5.92202E-4,0.003886141,0.110118152,0.040581532,0.024089805,0.001822486,8.69137E-4,0.002496185,0.001506533,9.24591E-4,8.28423E-4,0.001893282,7.13879E-4,6.77338E-4,9.77604E-4,7.26807E-4,9.7219E-4,0.002922997,0.001603723,0.002467467,4.1672E-4,6.60924E-4,5.61924E-4,3.64527E-4,0.001495087,0.001709436,5.85098E-4,6.27118E-4,8.78912E-4,0.001569144,8.049E-4,0.002937595,0.001082684,0.001285063,0.003445018,-0.24497864,-0.145473628,-0.229718146,-0.273721681,-0.137881446,-0.122931704,-0.12817255,-0.073999651,-0.127979263,-0.072121288,-3.45691E-4,0.004340265,-0.041436676,-0.04546371,-0.114581896,0.261178086,0.042314434,-0.053262193,0.002894704,-0.028424297,-0.028617587,-0.034026755,0.059450834,0.009359938,0.016147322,-0.048138471,0.044990744,-0.035354078,0.04385296,0.024827034,-0.016586255,0.071815096,-0.15966073,-0.114386946,0.018154935,-0.024701733,-0.135171109,-0.043138455,0.008265173,-0.024949427,0.062609083,-0.034501482,0.152651449,0.03403014,0.137026797,0.002681716,0.206407189,-0.097724674,0.007470722,-0.132877441,0.120483845,-0.04733707,-0.0473189,0.093629244,-0.013177872,-0.107468664,-0.076338495,-0.01036828,-0.002815859,-0.077590612,0.635834451,0.317826268,0.381137321,0.62223233,0.429684897,0.379148259,0.547179981,0.420934018,0.476044829,0.589754439,0.384510376,0.492097179,0.48863935,0.377645844,0.535455674,0.675944206,0.437203182,0.360871019,0.591022819,0.352702251,0.504527959,0.730595929,0.372100232,0.392508665,0.56631734,0.337405383,0.521542216,0.76280283,0.371433335,0.361242779,0.547790341,0.550157407,0.403299787,0.549110846,0.62620692,0.372012602,0.700512507,0.390247381,0.401071362,0.558073039,0.461425797,0.476397916,0.564827463,0.430146668,0.457336166,0.472092027,0.630124605,0.389067703,0.341892864,0.478528844,0.544050167,0.397452861,0.514140866,0.51992694,0.41889394,0.378943269,0.566790033,0.291340332,0.388619631,0.607064621,welcome,27
0.008497162,0.579983833,2.103009648,-0.034338619,0.39376288,2.154494216,-0.178872081,0.282354624,2.092142739,0.150175806,0.296354217,2.249581125,-0.271166069,0.042518121,2.080358898,0.29948215,0.145194356,2.201394455,-0.25887091,-0.173552923,2.090617864,0.342106292,0.126818734,2.009311977,-0.264667895,-0.217697473,2.096218852,0.351159591,0.123444327,1.97256783,-0.027404865,0.060098333,2.165966875,-0.025950536,-0.006677441,2.171427625,-0.098898461,-0.088591666,2.127874193,0.050687321,-0.095346445,2.216743216,-0.137217408,-0.489853141,2.213900091,0.046206254,-0.509373209,2.349497443,-0.147808988,-0.809412417,2.265018205,0.105319784,-0.858436272,2.417173932,-0.116813673,-0.850017266,2.205976523,0.161563205,-0.91859049,2.439143977,0.006052974,0.003076417,0.00816854,0.002122511,0.002553835,0.006908685,0.002034352,8.82152E-4,0.006583935,0.004530908,0.00418551,0.011069483,0.002882127,0.002747911,0.008288388,0.016014316,0.020255626,0.042402068,0.002411006,0.003107822,0.005986098,0.120655691,0.036851006,0.022235521,0.002306672,0.007648081,0.006041949,0.140607539,0.039147266,0.031497598,0.002183565,0.001512396,0.006348123,0.002156885,0.001609252,0.006314208,0.00197422,9.868E-4,0.006405233,0.002385636,0.001577347,0.006518572,0.002143632,0.006059647,0.007533961,0.001057051,0.007430053,0.005184303,0.009555262,0.014135542,0.004945794,0.005231643,0.009462957,0.00224377,0.010101283,0.014082276,0.005140901,0.006076758,0.00650686,0.003630864,-0.208537448,-0.059378226,0.111098165,-0.216580951,0.113616361,0.314270188,-0.146325471,-0.03673274,0.266351911,-0.116878552,0.062647651,9.78561E-4,-0.157314438,-0.045913893,0.248305573,-0.092629849,-0.028801303,0.064636706,-0.173233564,-0.14599904,0.10138827,-0.047229776,0.031305052,0.021134858,-0.091446899,0.032046651,0.068092006,-0.056380291,0.083392748,-0.024951781,-0.23498187,0.048333419,0.284824015,-0.22813579,0.026728246,0.266609807,-0.195126374,0.029526145,0.254383882,-0.291543363,0.055403567,0.288187385,-0.021427477,0.023191603,0.014479055,-0.118663589,-0.102783409,0.140489995,-0.025124377,-0.060856993,0.038055995,-0.011607286,0.027003374,0.037935576,-0.003641898,-0.054071822,0.04185143,-0.009533132,8.41974E-4,0.036415327,0.418998077,0.499386732,0.495497667,0.320422062,0.305028129,0.515988268,0.26740492,0.239933141,0.588596988,0.258013679,0.40555327,0.608141366,0.190402486,0.418903117,0.558963114,0.387593751,0.432680661,0.562625303,0.427088765,0.484607541,0.499272197,0.68566353,0.451568269,0.393894766,0.19241572,0.755036857,0.425748872,0.717326988,0.325933703,0.422022455,0.267836405,0.449344391,0.49625121,0.283732074,0.503975901,0.477937104,0.325546577,0.305272553,0.556340794,0.363442094,0.415051164,0.462090679,0.330128361,0.752701239,0.394670308,0.307605496,0.792234994,0.317325504,0.654641589,0.610476818,0.299961454,0.488589558,0.756536437,0.294663766,0.649698442,0.608779058,0.307629327,0.583993426,0.562014254,0.40547634,welcome,27
-0.249163404,0.658225073,2.371313039,-0.301072159,0.471920316,2.442045804,-0.416800104,0.338360365,2.368593824,-0.140432294,0.379580343,2.595992392,-0.47197451,0.098440864,2.344319529,0.022840646,0.293232488,2.656156157,-0.423652506,-0.173036904,2.318514804,0.090651389,0.223189129,2.474079588,-0.402576973,-0.244401312,2.314138392,0.112360812,0.210530897,2.390600196,-0.265649627,0.132899235,2.451535706,-0.258405727,0.065144324,2.456468118,-0.311432827,-0.012406978,2.407249039,-0.188801902,-0.015097793,2.505560588,-0.382677029,-0.493521929,2.487142608,-0.251786441,-0.486827873,2.650666745,-0.395225255,-0.871936171,2.526601451,-0.262027853,-0.852236288,2.705893922,-0.355298767,-0.948323051,2.503981529,-0.202230016,-0.929960918,2.700065157,0.006812559,0.003441851,0.00273259,0.001425453,0.001080038,0.002677745,0.001763527,4.63251E-4,0.003309872,0.003204879,0.002886399,0.002935571,0.001088472,0.002985783,0.005878499,0.022949674,0.012236783,0.039456253,0.002590372,0.001333603,0.005271991,0.077794757,0.069245034,0.030934934,0.004202982,0.002441594,0.006454602,0.10583173,0.103151849,0.036545785,4.37964E-4,0.001396474,0.003197542,6.52112E-4,0.00165837,0.00347438,9.10344E-4,4.87718E-4,0.003907523,0.001865387,0.001563666,0.004049574,8.44901E-4,9.85413E-4,0.002205052,0.002130323,0.002897683,0.001823932,3.86299E-4,7.30164E-4,0.001181356,0.001077823,0.003066093,0.002395718,0.001538018,0.001007635,0.001457514,0.009295274,0.003733963,0.006512213,0.228217036,-0.135685286,0.040363618,0.099062459,-0.063052609,0.258540958,-0.022690795,0.081361456,0.408993224,0.202096328,-0.112758785,-0.050347719,-0.031927403,-0.120754625,0.315623756,0.221356866,0.196075623,-0.058403376,-0.299477733,-0.104630267,0.307932422,0.07509659,0.067267978,-3.89715E-4,-0.083956692,-0.015569916,0.258986599,0.037068326,0.056250935,0.030043732,0.018249547,-0.067438079,0.401352355,0.014490514,-0.050797399,0.371226931,-0.079085211,0.027334739,0.36990933,0.031404805,0.045689108,0.244519125,-0.094276185,0.059752901,0.244858072,-0.210122155,-0.047310526,0.254648501,-0.061192125,-0.141076285,0.065601083,0.043512359,0.066764415,-0.065123903,-0.11488771,0.009329751,0.13782165,-0.025591362,0.022724223,0.052571949,0.64041231,0.381405257,0.417836756,0.496878931,0.352520996,0.47875615,0.596234418,0.243518049,0.329153684,0.551966325,0.466539515,0.446023686,0.156540381,0.611213734,0.425898096,0.423856572,0.496809382,0.47821245,0.456252763,0.523534779,0.317537407,0.564650252,0.586483472,0.39168811,0.392497647,0.527053725,0.449383977,0.595078246,0.61984715,0.342929323,0.343576808,0.501494223,0.372067996,0.354887952,0.534312452,0.377218333,0.393059506,0.324011714,0.465961265,0.404470524,0.378268021,0.523550799,0.378239354,0.584506579,0.424423317,0.444308204,0.627374036,0.323565363,0.399354989,0.509587513,0.513778688,0.28159395,0.6319498,0.493059113,0.483854327,0.425980399,0.506025854,0.673603511,0.304932643,0.461758317,welcome,27
-0.558304214,0.531980074,2.362383948,-0.623081503,0.359460914,2.370377103,-0.673332384,0.219641729,2.252714017,-0.512408247,0.241343117,2.527814862,-0.709474145,-0.022614631,2.199444431,-0.441503043,0.09532514,2.617114103,-0.66539745,-0.231527924,2.185580276,-0.286479912,0.057125489,2.536180207,-0.656908388,-0.309793297,2.185640293,-0.229157714,0.062135507,2.509727345,-0.56757094,3.21928E-4,2.387577086,-0.551473102,-0.070657535,2.391325914,-0.57608441,-0.137560848,2.335079845,-0.504188107,-0.136513284,2.44997119,-0.654967107,-0.519623248,2.378312603,-0.558291076,-0.51278739,2.580180328,-0.696766453,-0.8793835,2.409331086,-0.559752812,-0.863725893,2.636478448,-0.650052483,-0.949596457,2.400779931,-0.48862609,-0.929439329,2.679134172,0.002844981,0.003610182,0.003921913,0.002873637,0.001561072,9.93652E-4,0.002357845,5.8196E-4,7.51761E-4,0.003422022,0.00216099,0.006570283,0.002624353,0.002540532,0.002778481,0.034115016,0.030115431,0.013366313,0.005029725,0.004086749,0.00468367,0.085706631,0.109518523,0.053507636,0.007759675,0.001277853,0.00409821,0.093369614,0.132219215,0.071384373,0.00147204,0.00255032,0.0018277,0.001541756,0.002971996,0.002293117,0.001749684,0.002040164,0.003356181,0.002082476,0.001977331,0.002856038,0.001012156,9.16259E-4,0.002925195,0.00153347,0.002127024,7.60924E-4,6.65649E-4,0.00118085,0.001311009,7.80433E-4,0.001167553,8.56145E-4,0.001720429,0.001309438,0.001859793,0.002393968,0.001602974,0.001818066,-0.092862153,-0.077068491,-0.272078409,0.103661555,-0.154509336,0.009478943,-0.234947872,0.079285596,0.19998414,-0.072328358,-0.153895068,-0.013442997,-0.125836754,-0.172175762,0.027420711,0.01852571,-0.037757031,-0.068040602,-0.170065781,-0.012738522,0.094962351,-0.066749078,-0.026938258,-0.033593289,-0.179824037,-0.049786368,0.063336459,-0.074485351,-0.050096763,-0.038229769,-0.140172214,-0.085261857,0.115836336,-0.159394802,-0.039702621,0.098585441,-0.144269584,-0.019171531,0.081167891,-0.076608919,-0.093140218,0.072875447,-0.074321602,-0.137294945,0.176449371,-0.102248289,0.033021999,0.042580426,-0.142217938,-0.044235689,0.04680032,-0.108358481,0.045983431,0.173338983,-0.272360483,0.157640933,0.118795049,-0.158716456,-0.126214229,-0.071702613,0.472948314,0.52620056,0.397756102,0.704431858,0.360946321,0.40033773,0.647945336,0.502306482,0.288405235,0.432901696,0.298527694,0.58143931,0.366595068,0.541101375,0.503719197,0.567845158,0.59015966,0.387619839,0.382471989,0.620229132,0.449188231,0.456942137,0.670418106,0.397888783,0.611643609,0.342752652,0.472905341,0.428984856,0.669382244,0.411814349,0.413223832,0.558859147,0.471530306,0.361174437,0.585217215,0.480777699,0.398608974,0.481074129,0.527813522,0.444076281,0.319416099,0.57341894,0.266017488,0.42208304,0.568055604,0.483377431,0.672275881,0.375106668,0.453095633,0.557854572,0.468470631,0.451750296,0.517302801,0.466652671,0.620817861,0.440296442,0.369927284,0.537236483,0.458958302,0.464157887,welcome,27
-0.088351755,0.705636638,2.424138977,-0.117957391,0.51415629,2.456000471,-0.239138609,0.379953759,2.373747736,0.059828123,0.417128289,2.582507908,-0.285075378,0.144697487,2.3069532466315796,0.09908785615789474,0.1870208329473684,2.624509494,-0.22022022,-0.12752702,2.336263034,0.288336661,0.187901524,2.45092023,-0.192948247,-0.196103721,2.327747207,0.317025463,0.192512664,2.356860425,-0.08266271,0.158271641,2.465085977,-0.063785639,0.089294119,2.45282308,-0.122567632,0.006642989,2.402017667,0.01562725,0.010243668,2.497332471,-0.188152952,-0.499490316,2.510778149,-0.018307964,-0.451110629,2.671831437,-0.204620239,-0.868545828,2.561218,-0.051828645,-0.801941866,2.767844034,-0.188873074,-0.930461145,2.495711368,-0.006718836,-0.869350414,2.787454609,0.008274437,0.002105091,0.002868488,0.002477234,0.001376426,0.002523834,0.001690585,0.001596032,0.001889187,0.001220286,0.002126831,0.002684529,0.001903127,0.001234535,0.001636042,0.039951867,0.01119776,0.037929643,0.001276131,0.001277892,9.08894E-4,0.069045131,0.038248688,0.051153139,0.003443728,0.001709623,0.002349506,0.107885129,0.045228437,0.040998193,0.002407808,9.38975E-4,0.00209554,0.001353922,9.6112E-4,0.001921725,0.002081747,0.001080954,0.002365253,7.58817E-4,8.17376E-4,0.003224021,7.6298E-4,8.49222E-4,9.56568E-4,9.47304E-4,0.001354232,0.001034833,4.1768E-4,0.001264125,7.15269E-4,0.001705883,0.00183575,0.002213688,9.19125E-4,8.24189E-4,0.001540176,0.008522398,0.002997362,0.010229644,-0.128865824,0.057273746,0.055325354,-0.004542755,0.014847666,-0.014183586,-0.089862255,-0.06699073,0.016458017,-0.028570255,-0.098066571,-0.158298173,-0.082569123,-0.01287014,0.002272268,0.10426627,0.031231658,-0.065302724,0.070671654,-0.0052349,-0.081519725,0.013435916,-0.101309324,-0.09013892,0.015718715,-0.02461616,0.018430425,0.034962677,-0.007938754,0.022637091,-0.180871252,-0.021831953,0.110054162,-0.057851586,0.055837172,-0.075433711,-0.072304544,0.037584275,-0.101508225,-0.034241943,0.049035273,-0.018921516,-0.052446208,0.033155942,0.059940315,-0.112242957,0.00989334,0.003137413,0.043912453,-0.057984175,0.017396992,-0.089914773,-0.096995582,0.114554514,0.055440008,-0.160729848,-0.076501081,0.005494135,-0.014335136,0.064798921,0.742138148,0.301745322,0.400151176,0.768883547,0.304287044,0.389838851,0.728210925,0.413068919,0.370268764,0.307874463,0.547637708,0.51595753,0.559903945,0.481078399,0.467101858,0.634737566,0.408290655,0.446187386,0.4528594,0.601972127,0.448550029,0.641174031,0.474963535,0.402910067,0.560224071,0.410681633,0.502151106,0.76789541,0.373835653,0.358202794,0.598460221,0.387664344,0.459266435,0.574863668,0.420175222,0.481302427,0.58343206,0.330178439,0.505665956,0.417103106,0.339951054,0.589273891,0.36227527,0.630367642,0.473603966,0.455909876,0.58991165,0.458071292,0.348374999,0.630221225,0.481593099,0.499869989,0.51331272,0.464093348,0.424793869,0.462115824,0.525968858,0.533326019,0.299952896,0.550104462,welcome,27
0.09244042,0.606576957,2.128080954,0.046724597,0.41681544,2.156182831,-0.040440069,0.275972878,2.063171015,0.211654337,0.325011231,2.296551354,-0.12397806,0.028343094,1.999917246,0.316066442,0.173631531,2.350337138,-0.08613511,-0.187696885,1.978614,0.445016662,0.135610398,2.187638831,-0.072370336,-0.272396325,1.990853462,0.47027354,0.124364376,2.121675431,0.083908137,0.055209667,2.163029677,0.105580605,-0.014486794,2.151721662,0.055212751,-0.090291301,2.100671646,0.175426014,-0.084263843,2.197230415,-0.012256651,-0.550672874,2.223304785,0.151275074,-0.571463285,2.378049877,-0.067536926,-0.87943778,2.293796031,0.140379903,-0.883912889,2.428005262,-0.04334377,-0.946233712,2.280709646,0.221310163,-0.938344086,2.434038338,0.003102339,0.001003121,0.002227057,0.001334392,0.00103048,0.00151556,0.001079205,4.21985E-4,8.87907E-4,0.004461897,0.001701855,0.002510702,0.001392809,0.001089117,0.001811124,0.033119926,0.006356605,0.013577597,0.003111221,0.004548089,0.002778897,0.07965218,0.026401531,0.026291773,0.004019315,0.002687699,0.002766584,0.11933967,0.038739942,0.038663472,0.001724746,0.00150491,0.001619872,0.001459946,0.001977249,0.002068408,0.002796844,0.001287044,0.002219838,9.9823E-4,0.001741988,0.003057534,0.002955858,0.001200099,0.002077166,3.99476E-4,2.71994E-4,0.001086868,2.95446E-4,8.54026E-4,9.49129E-4,4.68459E-4,0.001188264,5.96249E-4,7.47423E-4,6.82343E-4,0.001566175,9.42228E-4,0.001211718,0.003157718,-0.164387981,-0.066392553,-0.084356089,-0.158373973,0.043224485,-0.008495621,-0.210776712,-0.081710497,-0.124070988,0.182677923,-0.073631118,0.01229013,-0.154600287,0.060389964,-0.036781509,0.161635097,0.029454302,0.007146109,-0.095838313,0.29082906,-0.009017387,-2.60658E-4,-0.004656027,0.016627686,-0.225686583,0.177213227,0.015080732,0.039326536,0.045651642,0.024162219,-0.034491655,0.177980644,-0.135134029,-9.06E-5,0.163877512,-0.194646798,-0.076616873,0.106257938,-0.189635026,-0.018021084,0.116088403,-0.076251351,0.028968612,0.059667448,-0.041974993,-0.016247746,-0.0280164,-0.235827752,0.02031193,-0.086629643,0.104850002,-0.017109485,-0.132937423,0.088705913,0.013290624,-0.084375066,-0.013698507,0.029957657,0.011577913,0.018888068,0.728777148,0.278851447,0.405662404,0.608668724,0.390821683,0.465637957,0.597172719,0.214228435,0.49934744,0.638074769,0.361629332,0.450973446,0.457557964,0.459428313,0.516340325,0.800814336,0.372702054,0.297191534,0.438644896,0.442643709,0.500317603,0.743672568,0.469241734,0.324464652,0.437284754,0.304603211,0.555106501,0.814916804,0.317246214,0.327694365,0.436337512,0.60316837,0.424086719,0.37592575,0.664253401,0.385738284,0.520348625,0.446732961,0.460199009,0.378036088,0.521108221,0.521575873,0.595493787,0.370467322,0.492173307,0.483828086,0.581348542,0.386190718,0.357694122,0.487131051,0.542568744,0.453658825,0.564323019,0.461453696,0.447460113,0.337781398,0.575442101,0.312083422,0.360899408,0.614393303,welcome,27
-0.074648229,0.705745109,2.426409153,-0.109457901,0.516082861,2.462740318,-0.225484338,0.382039544,2.375423976,0.068168365,0.418207201,2.596340471,-0.272240266,0.149883126,2.348368059,0.15650095,0.245904705,2.648559918,-0.210459939,-0.123185812,2.334023471,0.248560781,0.191674639,2.429947353,-0.177875031,-0.189223424,2.325038129,0.279854669,0.188226405,2.350543941,-0.073740998,0.1622587,2.470029918,-0.053614717,0.094026922,2.457012306,-0.111279996,0.011242215,2.402284424,0.025419711,0.012968054,2.5043046,-0.183389492,-0.502242942,2.511443765,-0.011943188,-0.451493242,2.675924553,-0.204877375,-0.871363827,2.561255694,-0.049874601,-0.803897646,2.770544165,-0.189714636,-0.93072644,2.496776871,-0.004664691,-0.869887979,2.788686365,0.007919185,0.001502446,0.005532468,0.006104379,9.13873E-4,0.006798715,0.007056174,6.22601E-4,0.004917823,0.007770034,0.003530263,0.003340085,0.005811561,0.001760458,0.004693582,0.038205983,0.010716176,0.033063421,0.004415352,0.001728608,0.003608475,0.076448183,0.025528027,0.03892868,0.007796892,0.003603636,0.005660763,0.101652325,0.035904199,0.034238209,0.006933933,0.001371207,0.005833029,0.005807851,0.001476684,0.003450183,0.005922837,0.001563276,0.004887739,0.005885568,9.59246E-4,0.002475058,0.00300198,0.001886909,0.002319299,0.003729931,0.001591139,0.001859062,9.98396E-4,0.001340229,9.51891E-4,0.001116368,0.001422927,0.001647286,9.57586E-4,9.9967E-4,0.001460392,0.004985917,0.002721555,0.008642571,0.193213855,0.01387974,-0.097677758,0.05412372,0.024270386,-0.281221393,0.337288826,-0.045811097,-0.299982815,0.2457663,-0.032687445,-0.103260682,0.321083023,-0.011863307,-0.212804554,0.168429396,0.070749865,0.004057938,0.311562414,-0.046833327,-0.176556687,0.074102024,0.015558394,0.030181611,0.097689143,-0.069855838,0.014322303,0.012562835,0.022838191,0.02017712,0.289646081,0.12219163,-0.150581488,0.220164961,0.101187886,-0.13441985,0.192770729,0.017013279,-0.151776725,0.315888943,0.001679093,-0.080203728,0.304269919,-0.186660019,-0.117900708,0.349763674,-0.225856426,0.041605368,0.041537019,-0.070266142,0.010545761,0.019878903,-0.105730207,0.033280384,0.068961722,-0.133250218,-0.048600421,0.031183194,-0.021875424,0.051299446,0.592580362,0.325579608,0.486652679,0.539242051,0.279749076,0.477199883,0.427471029,0.310051152,0.452696547,0.407543519,0.616410584,0.42323798,0.304127543,0.478211842,0.485181042,0.598366217,0.313509337,0.49897914,0.411747685,0.563686164,0.410660473,0.670771638,0.372393675,0.442627735,0.560969604,0.534912545,0.431431954,0.707770796,0.290302074,0.447978248,0.4519864,0.363907663,0.502734104,0.481100942,0.398166461,0.501060099,0.463517202,0.370535567,0.525087501,0.38855298,0.430951438,0.518366492,0.312461085,0.609861699,0.425123994,0.354302441,0.607629613,0.396508922,0.357875983,0.683407855,0.439321452,0.411865317,0.551466722,0.500196602,0.448831774,0.417556234,0.540709024,0.442034437,0.25656527,0.600033721,welcome,27
-0.175166287,0.631652683,2.112945362,-0.256388872,0.460258212,2.205969391,-0.384004542,0.359286694,2.138722826,-0.110866941,0.369928625,2.353983058,-0.506884917,0.131701959,2.161950638,-0.082473469,0.168019952,2.401970478,-0.510302738,-0.117103484,2.184645681,-0.071205752,0.068767632,2.245138812,-0.500362686,-0.197810957,2.188817812,-0.06935528,0.054277666,2.179946246,-0.266115172,0.144173868,2.281753261,-0.268280778,0.08068243,2.300243536,-0.337044391,0.008557139,2.268635899,-0.204195987,0.003403183,2.363782478,-0.38144867,-0.492162286,2.359314406,-0.2365194,-0.467897865,2.552660435,-0.396167823,-0.873862175,2.359757014,-0.237199287,-0.855505583,2.640098478,-0.34630413,-0.930502159,2.298174,-0.160942157,-0.927252155,2.683330391,0.057798114,0.056354291,0.053712852,0.032862108,0.038468504,0.02524551,0.013163901,0.004947864,0.006520329,0.026455786,0.046355345,0.054275495,0.055307315,0.026346104,0.038713114,0.013243646,0.060051253,0.060539756,0.118302415,0.031982316,0.057219325,0.114059794,0.125058824,0.048405718,0.136433514,0.038352741,0.062681432,0.148400648,0.153900524,0.043676283,0.015471615,0.024824423,0.005832714,0.0238929,0.022621843,0.006747751,0.04302512,0.009368803,0.02272402,0.026433547,0.026063792,0.006887579,0.02135476,0.004098931,0.015355012,0.019586002,0.002421798,0.005395951,0.003358478,0.006622173,0.001710351,0.001678342,0.003091878,0.003573085,0.018665042,0.002352045,0.005637216,0.002142146,0.00254729,0.007339015,0.038566528,0.024938792,0.104144436,0.046817578,0.016920113,0.032941172,0.139938148,0.048015397,-0.118980426,0.014597991,0.023156665,0.120847107,0.048959467,-0.048538066,-0.166648111,-0.01823302,0.049735558,0.096595682,0.048248955,-0.041570736,-0.143231958,0.056078065,0.067415726,0.054459808,0.048425693,-0.049112038,-0.139357865,0.082921674,0.090423372,0.049200693,0.144307329,0.046153516,-0.015244373,0.130409118,0.015898339,-0.033450876,0.118959618,-0.003275492,-0.070823931,0.09141974,0.075473208,5.97643E-4,0.105549627,-0.008299913,0.002164015,0.117942946,-0.112284945,-0.017772319,0.092789624,-0.106683251,-0.06480555,-0.002665553,-0.183849828,-0.007716409,0.169275989,-0.022992759,0.033416544,0.058294281,-0.089243968,-0.046221933,0.446398161,0.577230493,0.462966677,0.444796859,0.676286387,0.403342174,0.58250748,0.486976972,0.423020973,0.346916823,0.458866814,0.558563405,0.60322949,0.409949712,0.442812978,0.413365639,0.532831868,0.504346085,0.73427014,0.291398951,0.397163828,0.524524771,0.626622688,0.389673071,0.753657371,0.268733662,0.387838552,0.55481196,0.632431317,0.358693513,0.495518861,0.737291092,0.293592475,0.607386256,0.617655154,0.327943763,0.715842861,0.301175345,0.422851364,0.595014665,0.659725761,0.301456808,0.670066382,0.349335832,0.448823838,0.829766296,0.345715207,0.27359969,0.470017928,0.701828453,0.34857268,0.512028793,0.638360338,0.374960555,0.793974534,0.323372678,0.330492288,0.334911295,0.399238955,0.59070772,welcome,27
