0.051887957,0.646871347,2.409750213,0.060117096,0.451911689,2.449198277,-0.106647326,0.344324036,2.461467553,0.18385207,0.332071747,2.433076872,-0.171449785,0.089979947,2.475493936,0.295677234,0.203840072,2.270401298,-0.199813857,-0.121871223,2.448377511,0.215485336,0.344741511,2.148112894,-0.19462314,-0.210392949,2.442084745,0.206828136,0.385182485,2.142481213,0.053400797,0.081107404,2.463636319,0.047453321,0.011699378,2.421405298,-0.022386589,-0.054024191,2.415783979,0.113375885,-0.053025448,2.415441723,-0.071878577,-0.494349004,2.549366851,0.181378438,-0.486130072,2.536758213,-0.106362153,-0.863220668,2.629509915,0.182314734,-0.847851106,2.627828511,-0.158854634,-0.922109921,2.624428723,0.241612757,-0.918361549,2.602482809,0.002457458,0.001588631,0.004003828,0.001340487,0.002368093,0.003430722,6.88982E-4,2.62241E-4,0.001849679,0.002760767,0.003287879,0.004061203,6.67012E-4,4.02674E-4,0.00287856,0.001845584,0.004613703,0.009890735,0.001184133,0.002360972,0.003053019,0.005048169,0.010306503,0.024657543,0.001551695,0.001922335,0.00411244,0.008676531,0.020163049,0.039198953,8.97233E-4,0.001043268,0.003257364,7.57671E-4,9.48379E-4,0.003039453,6.49317E-4,0.001089057,0.003603897,0.001140441,0.001360801,0.002766005,0.001227657,0.001262173,0.001377623,7.72434E-4,0.002858185,0.001085193,0.001096651,0.002271609,0.001010685,0.00141679,0.002343495,0.003808742,0.005364228,0.003782257,0.009956934,0.003380723,0.002181834,0.007368348,0.179708076,-0.137320056,-0.224643697,0.050419359,-0.333931456,-0.227652749,0.107899868,-0.051989058,-0.434800793,0.261286665,-0.055283447,-0.032688076,0.004908446,0.004704038,-0.456839341,0.044357752,0.003696254,-0.124624805,-0.00822457,0.15172909,-0.122903465,0.072456973,-0.106817335,-0.156542065,-0.008381258,0.107898047,-0.183769648,0.063275267,-0.064953261,-0.181638731,-0.089656861,-0.209530489,-0.409750707,0.026226145,-0.140907821,-0.481973943,-0.04817412,-0.154437957,-0.536788873,0.074299328,-0.321005905,-0.319380525,0.115005158,-0.147632263,-0.170266536,0.016420716,-0.333845229,0.027855856,-0.054822989,-0.130085664,0.051201126,0.033390145,-0.077348727,0.007213748,0.034881251,0.022269821,-0.027175451,-0.043545717,0.043593029,0.031937246,0.529830876,0.287510889,0.479317281,0.55456995,0.369421507,0.394844412,0.4691948,0.239509963,0.387151063,0.491639266,0.491873302,0.458012725,0.400624154,0.366244889,0.358538867,0.230208394,0.354327627,0.618851595,0.329184563,0.653736607,0.440493056,0.218256179,0.334012493,0.613173037,0.286872689,0.541729504,0.510644858,0.189163503,0.392787239,0.596814487,0.50831558,0.280628843,0.349972827,0.362444474,0.364076441,0.33064792,0.345826651,0.315486701,0.267936227,0.450302463,0.412622671,0.378062829,0.503192451,0.547061806,0.406667523,0.294819189,0.762708633,0.311353015,0.435190306,0.585278794,0.458585245,0.365385411,0.428723262,0.571660901,0.431776197,0.279627278,0.595978092,0.389501276,0.241848913,0.617290568,you,30
-0.335827363,0.677100117,2.433746456,-0.324655482,0.48835734,2.490818622,-0.485413301,0.360477979,2.553312744,-0.167249444,0.357179134,2.444823178,-0.536788019,0.095014591,2.597240767,-0.146044698,0.191551561,2.264667922,-0.571259783,-0.14426537,2.584354911,-0.234100114,0.278933794,2.075443767,-0.557982894,-0.226646652,2.536737422,-0.257820594,0.325296182,2.028973933,-0.329701359,0.119879138,2.502598656,-0.336002824,0.046669972,2.4926774,-0.410216089,-0.028518192,2.509058556,-0.265510768,-0.025602806,2.472088633,-0.433165166,-0.473749562,2.615802133,-0.206960944,-0.490485171,2.600646278,-0.442872718,-0.853368847,2.6431577,-0.199877636,-0.853581648,2.636496244,-0.483467076,-0.938328378,2.631628267,-0.180188164,-0.933813154,2.601368578,0.009483311,0.001990303,0.00532216,0.011665061,0.003964275,0.011730705,0.009632561,0.001866243,0.002064506,0.010298901,0.002850891,0.004275484,0.006213704,0.002185478,0.003276947,0.009936528,0.013041266,0.023007463,0.012145398,0.011322426,0.010739218,0.015264259,0.044365914,0.047637856,0.011550647,0.009193642,0.007104557,0.013329733,0.054533591,0.079911291,0.005584006,9.29185E-4,0.00786417,0.005770927,4.73348E-4,0.003748683,0.006485229,9.97595E-4,0.002458382,0.00582445,0.001367774,0.004512516,0.004773378,0.003906387,0.003517335,0.003558058,0.002628625,0.001796753,0.001575689,0.002720034,0.001057743,7.2698E-4,0.001782435,0.001339247,0.003231541,0.007552412,0.015653111,0.001829892,0.001714031,0.004098487,-0.04094221,0.006441065,0.056135939,-0.178336726,0.024708322,-4.12122E-4,-0.21364856,0.008359404,0.115616128,-0.11007304,-0.026188423,0.134959463,-0.156987728,0.016948054,0.078238908,-0.065409546,0.037537916,0.05355809,-0.017741488,0.051897361,0.062492916,-0.025136048,0.028100217,0.005233596,-0.105235327,0.059263686,0.088472217,-0.01452208,0.04977764,0.004942777,-0.144998822,0.035132335,0.064183228,-0.129496295,0.055887402,0.098275399,-0.057671319,0.022450678,0.074540247,-0.150056378,0.05134759,0.125612196,-0.131679209,0.126870665,0.018097992,-0.07064749,0.026118637,0.050674904,0.004496694,-0.018282903,0.050904263,0.007577,0.006771012,0.049440418,-0.051816483,-0.0157559,0.026934144,-0.003648476,0.110005042,0.061804932,0.434508166,0.338820053,0.581832156,0.445184419,0.362663431,0.559585147,0.57466339,0.519655656,0.397001401,0.729101315,0.477822969,0.299230147,0.354183863,0.488004429,0.5420225,0.334857139,0.437704633,0.580300176,0.297971086,0.569562008,0.531336057,0.22569211,0.540781685,0.567401743,0.366182151,0.597896573,0.483018245,0.145362147,0.485592482,0.603765479,0.42642423,0.196616068,0.60721823,0.60674234,0.437175179,0.441506677,0.719936005,0.439655927,0.361972689,0.57462863,0.519335581,0.407129588,0.374699925,0.738861328,0.36604252,0.37995083,0.764504257,0.352848451,0.341469128,0.806504059,0.328720928,0.320627033,0.67882117,0.45832091,0.270835403,0.371917092,0.621553117,0.396136157,0.43841558,0.556621906,you,30
-0.086173595,0.70412779,2.404067706,-0.079490099,0.522015159,2.430974794,-0.264394384,0.398567962,2.455694985,0.099919591,0.397544804,2.394812588,-0.305894482,0.133305004,2.476883353,0.143545501,0.203304504,2.274732265,-0.308053296,-0.073345178,2.437046985,0.013077108,0.286535413,2.1026565,-0.300061316,-0.171313931,2.416566324,-0.028021485,0.343820144,2.064034191,-0.075074453,0.14901914,2.445554015,-0.082103643,0.078929825,2.404198441,-0.165449444,-0.004926201,2.407124059,1.82453E-4,-0.001803921,2.386402691,-0.175047028,-0.463454896,2.533238015,0.045695868,-0.473867165,2.518119735,-0.175247509,-0.837052653,2.603777456,0.071750529,-0.843376363,2.595386088,-0.229168387,-0.915709197,2.614395853,0.111218293,-0.910951254,2.568701691,0.002771738,9.22087E-4,0.004379435,0.001857277,0.001699111,0.001668777,0.001016898,6.02777E-4,0.00174212,0.002001222,0.001355908,0.001229949,3.04967E-4,4.43556E-4,0.001612996,0.00249103,0.002827846,0.009661102,3.94297E-4,9.65821E-4,0.002832671,0.011592798,0.035907198,0.0421847,0.001084371,9.68596E-4,0.003271719,0.009519648,0.034133912,0.063273552,5.60366E-4,5.02317E-4,0.001095096,4.11457E-4,3.32209E-4,0.001504916,0.00100942,5.00112E-4,0.00187402,7.40916E-4,9.11972E-4,0.002351887,3.00072E-4,6.93338E-4,4.33738E-4,6.42778E-4,0.003827802,0.001691383,2.87265E-4,0.001409832,8.16322E-4,7.71599E-4,0.001869692,0.001086982,0.004799227,0.00314266,0.007047182,0.001173165,0.001454531,0.002262275,-0.001771782,-0.08235963,-0.013494882,-0.022709675,-0.040710173,0.047645841,0.168975426,0.080534329,-0.040912085,0.060399565,0.122637479,0.121986594,0.09729898,0.025645935,-0.041557979,0.01681994,0.016827527,-0.189287938,0.001980272,0.015868852,0.113912223,-0.009856774,0.032825864,-0.002946616,0.01229454,0.014207075,0.076468445,-0.033976176,0.0234188,-0.122171174,0.035849056,-0.064376553,0.056389149,0.058540819,-0.023132577,0.027048336,0.0439303,-0.01610114,0.096602508,0.060783845,0.03939131,-0.009836758,3.48868E-4,-0.123996284,0.038210204,0.124774713,-0.286877545,0.168902722,0.037939433,0.079231627,-0.05412253,-0.113746007,1.89393E-4,0.023198453,-0.023448497,-0.015386023,0.036864712,0.028824262,-0.023336441,-0.00420243,0.419817005,0.415016336,0.560951225,0.543141307,0.511944065,0.458896461,0.536754284,0.460262649,0.472318094,0.515853669,0.612411578,0.383893888,0.393637551,0.445523426,0.555810838,0.354445459,0.347645905,0.576750139,0.247608234,0.479488051,0.577605881,0.277836734,0.567344113,0.540736619,0.359774886,0.445218805,0.567974125,0.235145681,0.460637998,0.585477752,0.437237276,0.329708515,0.580183404,0.516024143,0.372539486,0.53595788,0.593763561,0.332090539,0.500535156,0.332605366,0.455494041,0.575087997,0.426392146,0.648243279,0.426893847,0.409611676,0.609354603,0.379963065,0.285375921,0.582505142,0.524664084,0.378364408,0.725857349,0.387828836,0.546629764,0.386486002,0.51640208,0.339699967,0.482680291,0.563589607,you,30
-0.012400348,0.633305054,2.281969611,0.007576367,0.449018876,2.316017708,-0.169247617,0.342491864,2.352923389,0.112912522,0.29674059,2.268947014,-0.257198401,0.104884243,2.377095597,0.21994954,0.205433392,2.114432542,-0.319294225,-0.07565214,2.362617125,0.125689928,0.364422328,1.999869542,-0.329555651,-0.153552761,2.339302528,0.111161981,0.394680838,1.974214639,-1.82304E-4,0.071631215,2.3274575,-0.010009003,-0.00188563,2.304091444,-0.080467756,-0.066541313,2.312030833,0.055535963,-0.068398808,2.28867475,-0.107989813,-0.517612018,2.453024389,0.109335282,-0.512880754,2.434729556,-0.108686974,-0.873845607,2.525381139,0.112870379,-0.875974674,2.520916889,-0.148954607,-0.937468357,2.490984708,0.135634321,-0.935781074,2.487900597,0.002046717,0.002787667,0.003034716,0.004320885,0.00394818,0.002100239,0.00117788,4.46903E-4,0.001320486,0.009458414,0.004697565,0.004082341,4.49641E-4,8.48214E-4,0.001632308,0.002797076,0.008253225,0.007617709,0.001458978,9.16765E-4,0.002724625,0.011616136,0.044287301,0.028281809,0.002214275,0.002910896,0.001121535,0.012153274,0.043364371,0.030938832,0.001144479,0.002748905,0.00156481,0.00131029,0.003122082,0.001025941,0.002279403,0.001951987,9.41284E-4,0.001083991,0.001735366,0.001643277,9.42131E-4,0.001972239,0.001168108,6.86714E-4,0.001588705,8.44903E-4,0.001002627,0.002691816,0.002460098,8.46513E-4,0.001920186,0.001765437,0.001689214,0.001038298,0.001446097,0.005672597,0.002911276,0.004963183,0.012961087,-0.115226427,-0.026965552,-0.157370585,0.028713264,0.047670893,-0.119443673,0.006055937,0.129685726,-0.070215224,-0.083490589,0.025252716,0.040044732,-0.076353251,0.100487041,-0.046917237,-0.149898142,0.021022217,0.010312264,-0.072477874,0.124168966,0.061859499,-0.051534472,-0.092503545,0.069104198,0.014884275,0.046148293,-0.005368369,-0.02701097,-0.110014611,-0.110655777,-0.034025707,0.061775265,-0.092454364,-0.014372824,0.047189476,-0.15723081,-0.088071534,0.037692946,0.030168862,-0.186122522,-0.025050704,-0.097226961,-0.083979147,-0.063353048,-0.053952158,0.006687789,-0.085244942,-0.029478364,0.007857747,-0.025381483,0.037858277,0.147313014,-0.016166999,0.041784762,-0.019472088,0.019559549,-0.004572533,0.088246223,0.047904453,0.419545166,0.612797652,0.457857583,0.711825021,0.494146503,0.319750253,0.560926795,0.382290815,0.488116226,0.490826424,0.741980312,0.300922161,0.420464096,0.698788073,0.382624384,0.387775083,0.587157225,0.482119228,0.489234842,0.570406331,0.438461138,0.249992218,0.60700699,0.5152831,0.606799371,0.481895452,0.433647413,0.179354404,0.603134808,0.531347078,0.423866043,0.594437756,0.46452435,0.422866151,0.691852726,0.396891299,0.396345669,0.653781671,0.42753832,0.451278094,0.720240852,0.336297082,0.422613847,0.696195141,0.385841305,0.52919447,0.620909376,0.388976199,0.382561661,0.556756309,0.513485184,0.311056453,0.659269554,0.463968057,0.617921929,0.404636981,0.467667568,0.476608653,0.447156317,0.522608035,you,30
-0.391017127,0.540886378,2.400803543,-0.411611625,0.362116344,2.460516432,-0.578902399,0.261488296,2.456156691,-0.258724911,0.233687085,2.432645951,-0.647268962,0.016418086,2.485608506,-0.238077367,0.054566707,2.316954111,-0.68137631,-0.181792659,2.468659346,-0.331486919,0.131314136,2.154554765,-0.672644123,-0.264964451,2.461335395,-0.35000273,0.190506246,2.108525469,-0.416448662,0.015685861,2.474203852,-0.420178215,-0.04991062,2.43736084,-0.492201747,-0.12049924,2.433435889,-0.351040968,-0.12406122,2.42852284,-0.535859916,-0.519556604,2.526320395,-0.32930969,-0.524213899,2.556996975,-0.562671328,-0.847269022,2.570162519,-0.320232417,-0.863655391,2.593467531,-0.580887784,-0.910716978,2.519831531,-0.280641527,-0.939621144,2.560285049,0.001082537,0.001346653,0.003439858,0.002619198,0.002257993,0.004732526,0.001950823,0.001432143,0.001866404,0.001153057,0.001651258,0.003886645,9.04592E-4,0.001350144,0.001560572,0.003781646,0.010545647,0.007737442,0.001144787,0.002745436,0.00540709,0.01053995,0.046111397,0.044899258,0.001518898,0.00232883,0.004557652,0.013811096,0.063139523,0.062702845,0.001293296,0.001496384,0.002024545,0.001535421,0.002750076,8.37495E-4,0.003810328,0.003922894,0.004273581,8.75241E-4,0.004806322,0.003548837,0.002019968,0.004417305,0.001857303,0.001585563,0.003194862,0.002569931,8.62528E-4,0.001384394,4.81126E-4,5.41984E-4,0.001019553,0.001113901,0.012976912,0.018757349,0.032572573,6.95691E-4,0.001125298,0.002255396,-0.005235216,0.009505716,-0.053692854,-0.016969616,0.11123377,-0.048877822,0.010916298,0.006535314,-0.061890704,0.013678852,0.086101326,-0.201820977,0.062681101,-0.017060216,-0.125954912,0.016612099,-0.088286273,0.032064804,-0.039754117,0.035584906,-0.033087473,0.040175166,-0.047814327,-0.030636321,0.047027565,0.009639767,-0.033285077,-3.67782E-4,0.016888504,-0.076592515,-0.014118597,-0.108712871,-0.143962889,-0.046347559,-0.277737981,0.031564722,-0.092626328,-0.172244358,0.200115293,0.036992696,-0.235366545,-0.138813334,0.042050599,-0.020973122,-0.006683003,0.008742896,0.056272961,0.015129421,0.017483317,-0.104445811,0.043631385,0.036255415,-0.040113651,-0.098531661,0.04418049,-4.37978E-4,0.0346396,-0.039519873,-0.122293121,-0.043878619,0.334984447,0.447897408,0.578237052,0.329519479,0.350305231,0.607678438,0.596127185,0.583344012,0.376776833,0.23273737,0.376951619,0.592057232,0.456682034,0.494484571,0.499012982,0.417864363,0.631503682,0.449354625,0.359351985,0.334460448,0.608852679,0.277493875,0.635304803,0.50051739,0.352740619,0.373238401,0.599662546,0.305281754,0.632681881,0.490840237,0.276141732,0.453453072,0.570740418,0.431708664,0.741874467,0.290219546,0.514519469,0.459198147,0.442768287,0.187449601,0.629450059,0.479405786,0.379225224,0.802864939,0.313663794,0.34083455,0.707353922,0.428506181,0.466349596,0.736911722,0.325399296,0.373586084,0.604774728,0.479354343,0.454120718,0.56497599,0.478367115,0.399888953,0.520173011,0.517873618,you,30
-0.086947001,0.702038547,2.395678903,-0.079519461,0.521331663,2.42573979,-0.265375113,0.396849434,2.45180971,0.098288189,0.396191785,2.386478677,-0.305647108,0.130275619,2.473698323,0.142160852,0.204468153,2.266345339,-0.308002571,-0.074856935,2.432041145,0.010983447,0.275398965,2.095146403,-0.299757323,-0.172845652,2.413399823,-0.035094218,0.340937803,2.053328919,-0.074625543,0.148399844,2.440165694,-0.081999834,0.07789367,2.400073242,-0.164553952,-0.005875169,2.403422161,-4.34501E-4,-0.002722071,2.382262484,-0.174756874,-0.4643142,2.529990355,0.045185118,-0.472839426,2.515240081,-0.175993094,-0.837569939,2.603865968,0.072147234,-0.842627019,2.595055726,-0.231582211,-0.917735844,2.616578,0.112038768,-0.911010829,2.568155903,0.00214062,9.17044E-4,0.002409691,0.002090441,0.001752693,0.001532141,9.37258E-4,3.96843E-4,8.17379E-4,0.00136853,9.73944E-4,9.27167E-4,2.43706E-4,5.92088E-4,7.26545E-4,0.002429642,0.00497637,0.009726918,4.68548E-4,8.28761E-4,0.00196367,0.00970124,0.026537021,0.039053169,0.001080758,0.002974701,0.002646538,0.007267049,0.033500307,0.067532755,6.1922E-4,2.92866E-4,8.47006E-4,5.49713E-4,2.68758E-4,8.01487E-4,8.03711E-4,5.1391E-4,0.001370979,8.43755E-4,5.93413E-4,9.85986E-4,1.77963E-4,3.46412E-4,4.28733E-4,0.001042837,0.002700617,0.001460992,7.03997E-4,0.002128771,0.001171015,6.25884E-4,0.001726446,9.26694E-4,0.004947754,0.003106283,0.010583335,7.20987E-4,9.27651E-4,0.001248937,0.119259947,0.063414081,0.038972277,0.162246656,-0.019910839,-0.017637632,0.281593064,0.072725252,-0.109966632,0.096568436,0.056528907,0.113448408,0.007950373,-0.085926489,-0.054429782,-0.015806256,0.024245496,-0.095389426,0.01530106,-0.042219686,0.039261923,-0.090390339,0.077851546,-0.043063153,-0.007146035,-0.008582224,0.099310977,-0.021129236,0.031643675,-0.050960303,0.086136892,-0.017610818,-0.049698892,0.183298959,-0.038245428,-0.10325906,0.05232887,-0.007067063,-0.152189053,0.202325122,0.061827862,-0.039768793,0.007034389,-0.109397616,-0.096438348,0.141306697,-0.209856535,0.006276828,0.013808307,-0.042574444,0.031139282,-0.03532394,-0.137811081,0.028848315,-0.012969442,0.021311958,0.021080376,0.072999259,-0.06828172,0.033143502,0.51505149,0.359213846,0.532758431,0.530622484,0.528954704,0.44410721,0.593002033,0.39282557,0.428422212,0.460247648,0.650712349,0.393359116,0.31649378,0.489859772,0.561197232,0.291860122,0.427975366,0.589878496,0.332218388,0.417493339,0.588962473,0.277735788,0.539528382,0.546417545,0.446057511,0.420301837,0.542130127,0.240806374,0.42745858,0.606690802,0.333005076,0.354118739,0.60598545,0.563355094,0.386087668,0.479511969,0.645140603,0.399624653,0.422956217,0.416930964,0.528440401,0.490825338,0.407853644,0.603252352,0.45947176,0.382440869,0.651243437,0.41718748,0.291783853,0.611557867,0.51012671,0.290340951,0.719590174,0.423813321,0.438126712,0.343383589,0.579742748,0.426848103,0.478102589,0.529356729,you,30
-0.015229996,0.633114355,2.280249099,0.003397926,0.449502931,2.310564014,-0.171662879,0.342682694,2.352850479,0.103800473,0.291344528,2.264659634,-0.256168879,0.104024999,2.377957113,0.209085355,0.210987699,2.099569296,-0.316535617,-0.077279451,2.361310085,0.117690393,0.351891066,1.984005606,-0.32587473,-0.154580724,2.341222197,0.09655121,0.389483049,1.953341732,-0.002595175,0.068129395,2.321173676,-0.010885187,-0.006587731,2.303369986,-0.079465986,-0.070264863,2.313120155,0.053799855,-0.072200976,2.287333352,-0.108776083,-0.519489254,2.452534901,0.108773283,-0.514207741,2.435055944,-0.108716354,-0.874018452,2.525232113,0.112679131,-0.877348754,2.520312549,-0.148654132,-0.937799511,2.492139014,0.136196503,-0.93741272,2.488339746,0.001211765,0.002714002,0.002595552,0.00251634,0.003326941,0.002416637,0.001151253,4.67653E-4,9.97134E-4,0.011138955,0.003725972,0.003794774,6.17845E-4,3.5652E-4,0.001092281,0.004842377,0.010894655,0.013701864,0.001369131,4.92933E-4,0.002700882,0.004757396,0.021696802,0.038961858,0.001049453,7.72911E-4,0.001977296,0.008993092,0.035285413,0.033635783,5.13975E-4,0.002060523,0.001180223,3.98204E-4,0.002573419,0.001420504,0.001235247,0.001256419,0.001651517,0.001262678,0.001342686,0.001414293,7.93202E-4,8.13072E-4,9.20084E-4,5.02742E-4,0.001353292,9.33793E-4,6.69823E-4,0.001753633,0.002256933,8.43351E-4,0.001797685,0.001270121,0.001685914,0.001257326,0.001658985,0.001664265,0.00198674,0.002338342,0.04304659,-0.007666781,-0.02113615,-0.069749073,-0.098647509,0.126828978,-0.103272566,0.120356806,0.116237889,0.087941296,-0.082544708,-0.053640619,0.042842746,0.145417711,0.114742277,0.081527246,0.014775824,-0.046543168,-0.049702332,0.061882634,0.156518326,0.033540141,-0.050524158,-0.132872346,0.033061017,-5.38119E-4,0.120471492,4.45201E-4,-0.029267626,-0.110360841,-0.060145711,0.039468522,0.137126135,0.025847267,0.229625753,0.184677639,-0.096141342,0.026199663,0.120788046,0.174543745,-0.009429977,0.092945343,0.001855561,0.047480145,0.022336512,-0.013343752,0.016780496,0.007958942,-0.050387104,0.103204727,0.014024555,-0.004536232,0.103269512,-0.033092341,0.01553903,0.020404239,0.001411258,-0.041909926,0.122594264,-0.059144693,0.367254017,0.631678396,0.473801561,0.476438883,0.569092375,0.440124184,0.573512231,0.37456131,0.481447307,0.510466575,0.747694937,0.269720672,0.453690834,0.541203184,0.467418526,0.432508876,0.515901134,0.510460019,0.366141342,0.369386862,0.574074235,0.15315829,0.427867529,0.608128885,0.46216037,0.472563735,0.509045787,0.220407298,0.554045162,0.549814886,0.243327394,0.54305731,0.542310438,0.300367797,0.627782142,0.434763196,0.432804149,0.551883278,0.476524876,0.43613674,0.667975257,0.387809653,0.506178443,0.574345465,0.445153232,0.483295081,0.650535886,0.405184221,0.339402938,0.49252243,0.554149838,0.313217992,0.653178739,0.473237256,0.511297,0.38466834,0.536492638,0.439131689,0.526893048,0.495550014,you,30
-0.026650816,0.636974793,2.283579736,0.003948351,0.452481221,2.315309209,-0.174404322,0.342465403,2.357120747,0.10438255,0.301407112,2.267453516,-0.258794699,0.104455018,2.385235736,0.210590887,0.221932157,2.097007407,-0.319581416,-0.076483677,2.369290396,0.119839382,0.356938608,1.985587758,-0.332386454,-0.157176181,2.345960462,0.102127383,0.392268275,1.95774989,-0.003280208,0.072665442,2.327116571,-0.014176968,-0.001095148,2.302279637,-0.083285728,-0.065317259,2.312837165,0.049710057,-0.065707863,2.284100527,-0.108106099,-0.516470348,2.453449615,0.107956834,-0.51262838,2.432050681,-0.108968651,-0.87447569,2.525788747,0.113445296,-0.8761271,2.519605747,-0.149129486,-0.938155002,2.49257989,0.135547667,-0.936270219,2.486640066,0.00191863,0.002472873,0.002578638,0.002547399,0.002750378,0.002682553,0.001431628,5.28735E-4,0.002058503,0.002743424,0.002732443,0.003021476,0.001540689,7.06739E-4,0.001784461,0.005140154,0.012356828,0.016271284,0.003923513,0.001400379,0.002418474,0.007412729,0.023467496,0.043848931,0.00690513,0.001889448,0.002509324,0.010456688,0.0370168,0.039321744,5.60078E-4,0.002157582,0.002446623,6.20979E-4,0.002360577,0.002317822,0.0010567,0.001917448,0.002374598,8.11957E-4,0.002226049,0.002708657,6.55012E-4,0.002119025,0.001737245,6.46621E-4,0.001809571,0.002088288,8.30196E-4,0.001519177,0.00195455,7.36117E-4,0.002658216,0.001194226,0.001358893,9.97288E-4,0.001659163,0.001825861,0.001918678,0.002208677,0.038941785,-0.127199455,0.038166375,-0.01984706,-0.03414298,0.134151464,-0.153777377,0.009616134,0.05188489,0.117597166,-0.053685719,-0.048710851,-0.159074138,0.023127562,0.004503863,5.24315E-4,0.07533456,-0.062752608,-0.197420667,-0.005750676,-0.052155359,0.036535138,-0.04013394,-0.118310696,-0.232683205,-0.017087159,-0.052485304,0.009997168,-0.053007122,-0.124066435,0.038781085,0.006082215,0.032445343,-0.009622101,0.047749262,0.009557172,-0.041559914,0.050799382,-0.02920407,-0.046264833,-0.009655117,-0.033059279,0.07142951,0.008751948,-0.052517905,0.060398766,-0.042265432,-0.068358116,0.004910819,0.074258886,-0.010810921,0.009400232,0.150341409,0.033188583,-0.006243568,-0.022130109,-0.09068854,0.066109886,0.089238266,0.007448087,0.455518066,0.53912112,0.484717493,0.539487443,0.466184012,0.470395855,0.54113918,0.403794053,0.501776845,0.534733857,0.651861049,0.358001824,0.35279296,0.620423952,0.476094815,0.332587264,0.513108578,0.548312077,0.429901863,0.498991495,0.50504383,0.223197124,0.415395731,0.606314335,0.462244862,0.492135704,0.486010357,0.25383551,0.519465998,0.557019953,0.346867559,0.456539604,0.572912076,0.456355234,0.575368319,0.472755983,0.41325769,0.523070736,0.518856242,0.55095363,0.606241738,0.395816466,0.432877811,0.652331677,0.427291005,0.453722064,0.663186526,0.405132413,0.417308994,0.470842908,0.541854529,0.283977832,0.692723116,0.449004286,0.511744237,0.437088434,0.509310436,0.475867551,0.499425505,0.500214912,you,30
-0.415914525,0.730970406,2.400453985,-0.396341054,0.550443554,2.451039662,-0.575798381,0.418624162,2.452998338,-0.21081254,0.423358928,2.438041706,-0.620873857,0.165966691,2.478617309,-0.15938344,0.245037544,2.289631279,-0.601520626,-0.046673765,2.441182691,-0.236387606,0.407580359,2.121959162,-0.58047965,-0.139216687,2.420339147,-0.246249641,0.451014143,2.082796265,-0.386025901,0.186599394,2.461814662,-0.384233637,0.114065097,2.457864662,-0.464846435,0.02899892,2.460312074,-0.29880225,0.035150241,2.453223588,-0.467768203,-0.462052382,2.571282426,-0.257309471,-0.47899411,2.593159368,-0.502753241,-0.85306704,2.650185647,-0.213145447,-0.850907629,2.618957647,-0.562135385,-0.928814769,2.646343824,-0.159124541,-0.937322529,2.594837691,0.004232637,0.003843923,0.004776932,0.00379795,0.004965683,0.004992258,0.002103944,6.59433E-4,0.004522901,0.004833861,0.004069501,0.00656339,0.001545001,0.001729867,0.006590562,0.004806623,0.010653216,0.011442696,0.001981081,0.00361105,0.007571641,0.015425933,0.06586592,0.046862277,0.002431739,0.003520562,0.007155528,0.017049892,0.055032024,0.065612427,5.2758E-4,0.001744292,0.002821705,4.09656E-4,0.001400679,0.003539286,8.75298E-4,0.001537192,0.004865988,0.001175464,0.002206925,0.003229732,0.001047654,0.001986114,0.002883338,7.67273E-4,0.004790851,0.002787246,5.23399E-4,0.001763556,0.001177017,0.001139948,0.001448298,0.001141436,0.00138966,0.001236031,0.003581331,0.001505611,0.001183693,0.002993251,0.0157458,-0.13469732,0.06484695,-0.042668334,-0.017485655,0.051042092,-0.200193442,-0.129451227,-0.29483291,-0.049916747,-0.033143644,-0.178666869,-0.116033288,-0.159646835,-0.410108009,0.008495623,0.144940228,-0.12272073,0.042280243,-0.087389928,-0.345761481,0.026639607,-0.062784195,-0.110887748,0.01005575,-0.096854661,-0.280185769,0.016526842,0.00859757,-0.098296918,0.0473684,-0.078092807,0.047693091,0.043051553,-0.216418647,-0.249364507,0.011309049,-0.094207948,-0.380906781,0.106056949,-0.145406679,-0.160531703,0.00768846,-0.160314104,-0.29162217,0.064758162,-0.353467957,-0.110084162,-0.026177458,-0.065176302,-0.05348317,0.103310438,-0.163380569,-0.033822577,0.065943759,-0.005701599,0.111299428,-0.030507839,-0.014078914,-0.001258808,0.350370423,0.635351025,0.464458121,0.454264857,0.575685787,0.468965622,0.472059538,0.386660975,0.435084292,0.474775331,0.53019898,0.452830925,0.298460686,0.597341424,0.281290921,0.334979622,0.549350007,0.509466908,0.343325221,0.60805102,0.350171674,0.231379444,0.602306092,0.519175003,0.384536866,0.602246949,0.390851403,0.234490689,0.568904163,0.541512497,0.234440087,0.466535811,0.591342914,0.328176634,0.648678779,0.374801188,0.30465939,0.657855725,0.279136819,0.358146662,0.66622616,0.404823139,0.357441318,0.708324581,0.280015027,0.226257912,0.739106419,0.340546851,0.273229559,0.722975699,0.434115911,0.403802424,0.641565235,0.430212874,0.308154051,0.444781586,0.575627339,0.456203634,0.45008707,0.535362256,you,30
-0.011594616,0.698518142,2.382365658,-0.04331277,0.508896108,2.417856918,-0.170539864,0.375112834,2.329188411,0.134602433,0.401534507,2.521380384,-0.21410081,0.118481959,2.302874,0.233532489,0.227748208,2.435919548,-0.17683983,-0.090088261,2.274220644,0.265566436,0.331173751,2.248347712,-0.15046009,-0.186244232,2.271238425,0.261274605,0.374711353,2.216535411,-0.012882383,0.146757752,2.427326288,0.008783431,0.077563117,2.407640055,-0.052738559,-0.00249757,2.358714219,0.089987934,-0.00176899,2.44800974,-0.121171334,-0.504324942,2.452744082,0.046369508,-0.475262573,2.620645959,-0.137316421,-0.876237336,2.494055918,0.013887263,-0.829737053,2.705743014,-0.107556936,-0.942918078,2.428183301,0.080061975,-0.897030825,2.737206589,0.002390286,0.001648573,0.004181099,0.003152604,9.58084E-4,0.001053788,0.002385145,7.29317E-4,0.001127262,0.001733315,0.003847137,0.001305289,0.003183875,6.23709E-4,0.002120925,0.01012928,0.009726108,0.02376448,0.004984988,0.011298597,0.002357761,0.032034717,0.033691555,0.029951578,0.00505487,0.007057012,0.001697705,0.038045681,0.034012226,0.040790664,0.003157308,9.58603E-4,0.001975231,0.002340099,0.001154096,0.002908908,0.002916611,0.001070846,0.004631676,0.002161679,0.001359089,0.002708208,0.001019473,0.002323096,0.001241739,0.001631797,0.004746481,0.00211935,6.80885E-4,8.77126E-4,0.001187622,0.001938009,0.002684674,0.002213905,0.00131536,9.76734E-4,0.001505005,0.008293839,0.006128402,0.013539232,0.106325365,-0.061360374,-0.131269859,-0.082505265,-0.103542306,-0.012925862,-0.19378656,0.061477578,-0.137304218,0.011969667,-0.004144191,-0.067773501,-0.119535337,0.137076797,-0.072119612,-0.029260146,-0.109628627,0.00191169,-0.166048635,0.025688575,0.009994864,0.066546034,-0.14078785,0.0135004,-0.106896661,0.022495466,-0.002160803,0.117398946,-0.060242614,-0.161396933,-0.108614037,-0.003731606,-0.024564702,-0.088709002,-0.0094753,-0.096802517,-0.094022329,0.01765191,-0.100219289,0.044998478,0.014423469,-0.1176742,-0.078997527,-9.74263E-4,-0.013050911,-0.04895354,-0.177185335,0.087540943,-0.025209404,-0.041710627,0.06934593,-0.066039316,-0.088021138,-0.03601185,0.103289255,-0.071214716,0.046563275,-0.042721335,-0.063813397,-0.024463992,0.555385495,0.354709206,0.500808218,0.717429134,0.351647657,0.405980358,0.549648025,0.413215136,0.465357952,0.405946051,0.754647248,0.348101771,0.601549241,0.43744256,0.440912973,0.462155802,0.420213731,0.539853096,0.476797605,0.69873846,0.347644204,0.523195609,0.57781569,0.420446499,0.561038886,0.701581202,0.28898283,0.456672311,0.475809967,0.490250624,0.53662852,0.418017054,0.505076281,0.478348044,0.440866556,0.517619347,0.442407422,0.366813035,0.559548602,0.505168634,0.437446335,0.504585709,0.301071127,0.662562637,0.474238553,0.303346352,0.757571033,0.367680645,0.331580214,0.571622173,0.518292479,0.417017788,0.597676185,0.46908615,0.554875981,0.470520608,0.467160996,0.444714743,0.356357553,0.571907526,you,30
-0.291522092,0.721286072,2.251883433,-0.325657883,0.53108119,2.267205433,-0.401749225,0.373383815,2.153471083,-0.161693637,0.39820259,2.398743183,-0.452408847,0.140570335,2.1140646,-0.048809339,0.228459288,2.343525417,-0.378018055,-0.061177386,2.12598525,0.012686134,0.408460228,2.2022658,-0.340720263,-0.134431896,2.135506383,0.035893882,0.4560914,2.151436917,-0.261605548,0.172112593,2.2756232,-0.248428265,0.100235412,2.280462367,-0.293536353,0.01504532,2.218003467,-0.175115668,0.030610289,2.342857167,-0.345172563,-0.494257592,2.312953583,-0.224923068,-0.458529628,2.522186367,-0.377831342,-0.873746188,2.338001317,-0.25905463,-0.858471658,2.6065033,-0.349728785,-0.948870897,2.315633417,-0.18312633,-0.915816563,2.669064217,0.004931916,0.003439339,0.003290011,0.004922151,5.94784E-4,0.001598033,0.009468106,0.001875066,0.002582828,0.004994157,0.003474766,0.003258852,0.011956188,0.004897181,0.004161949,0.006432765,0.006189548,0.010817275,0.019580221,0.02045892,0.004608781,0.049554753,0.053301912,0.028770835,0.029391422,0.01742449,0.002582442,0.072431214,0.05287101,0.041383503,0.00832793,0.003937892,0.001452253,0.009341561,0.004866345,0.001966836,0.011368796,8.72837E-4,0.004300874,0.008807911,0.007972665,0.001764413,0.007225317,0.00434324,0.004854367,0.005113505,0.001902775,0.001655068,5.95874E-4,0.001710716,0.001882239,8.63951E-4,0.002445117,0.003026053,0.014958933,0.01030016,0.014594019,0.001696499,0.002072167,0.002205765,-0.042141454,0.024736743,0.020024488,-0.352349273,-0.018582225,0.075106611,-0.544035766,0.056569924,0.081676683,-0.107332269,0.024001709,-0.181619954,-0.417765763,0.272794165,0.080564255,0.044781979,0.097469145,-0.101395178,-0.206212834,0.056860058,0.069519455,0.087792246,-0.004510635,-0.082976738,-0.199299537,0.097480524,0.077392403,0.168437408,-0.043987212,-0.12051617,-0.452318987,0.129683141,0.018707711,-0.445015828,0.125235961,0.03240294,-0.47807714,0.077942324,0.034550498,-0.344181852,0.117583768,-0.003955625,-0.218562686,-0.038018286,0.195203675,-0.367664271,-0.097097588,-0.058360248,-0.125492453,0.141446138,0.177077625,-0.084951236,0.013808483,0.102799159,-0.067477359,0.122709326,-0.056786248,0.076547107,-0.040262506,-0.078152179,0.574802745,0.602119864,0.378721857,0.55755189,0.456070903,0.40379911,0.513942148,0.465713015,0.303489349,0.520222901,0.573780637,0.389745855,0.390637377,0.596689195,0.322528897,0.553346135,0.437008844,0.476062511,0.596207584,0.640010021,0.284264367,0.511764225,0.632673372,0.386658863,0.620621296,0.579027351,0.316518668,0.672486614,0.483901485,0.343723449,0.500867818,0.460932428,0.383307223,0.491838276,0.472841158,0.38606097,0.556757938,0.266868468,0.424744125,0.481410673,0.559269082,0.38984076,0.363046771,0.711275696,0.329988603,0.475820063,0.547804518,0.388955746,0.364091291,0.633171584,0.417998106,0.523363553,0.468394823,0.479958973,0.524441587,0.425265063,0.500329726,0.407033036,0.385131992,0.569657097,you,30
-0.277613362,0.675025999,2.421727453,-0.313076438,0.483198866,2.477180988,-0.430664137,0.341612392,2.404281709,-0.146326635,0.359410301,2.557799733,-0.48520891,0.096233851,2.39205693,0.011631049,0.257215764,2.438151233,-0.471486395,-0.111547226,2.352350721,0.084927399,0.406443486,2.296366756,-0.448735566,-0.207536206,2.345961453,0.105458341,0.46423138,2.260314849,-0.293275935,0.117801177,2.486239395,-0.276112131,0.04726065,2.466703244,-0.334409917,-0.022775983,2.424639267,-0.205222694,-0.029326938,2.500773081,-0.385643208,-0.496619026,2.51162707,-0.259500623,-0.49411965,2.652567698,-0.40091718,-0.868627856,2.551156186,-0.26844503,-0.852301198,2.702944895,-0.356942869,-0.94674632,2.527797047,-0.196193819,-0.931699522,2.711719407,0.005793471,0.001790448,0.003863836,0.003638324,8.78227E-4,0.002544662,0.003715946,4.13487E-4,0.002882445,0.002465251,9.03337E-4,0.00146948,0.003439313,0.004877809,0.004896345,0.0046296,0.007969952,0.008993976,0.005154425,0.00652009,0.004860481,0.061942359,0.040547231,0.037006789,0.005985059,0.006584969,0.004259135,0.097970136,0.052068501,0.057136337,0.002693683,7.23437E-4,0.002008597,0.002783725,9.02092E-4,0.002053728,0.003330331,4.92143E-4,0.002127298,0.002650549,9.59953E-4,0.002510432,0.001841539,0.002053392,0.001765926,0.001658891,0.001692524,0.001110035,0.001479294,0.001554707,0.002827251,0.001156743,0.003573293,0.003043136,0.001372376,0.00130846,0.002966065,0.004756923,0.002171696,0.00407302,0.188246665,0.005825652,-0.106329408,0.023153217,-0.068948503,0.017806693,-0.074216404,0.025533148,0.155265326,0.071383245,0.023140599,-0.03364741,-0.023472028,0.094270011,0.011412778,0.004507808,0.087031852,-0.102606084,-0.027772709,0.088264873,0.075041776,0.068066473,0.060833766,-0.05871418,0.005319977,0.084271347,0.064998986,0.104039251,0.049189436,-0.081411781,0.010635833,-0.0739514,-0.08091851,-0.030559344,-0.122780156,0.095358229,-0.035964474,-0.009341585,0.137684911,0.013618504,-0.102129167,0.076227191,0.138318782,0.125833421,0.072633467,0.03890375,-0.053457078,0.051629304,0.032498398,0.035174449,0.075710521,0.038615654,-0.117433568,-0.022816323,0.06560406,-0.054796833,0.064687404,-0.068688029,-0.073732464,0.034498387,0.581482566,0.472725315,0.428881184,0.616685784,0.356940752,0.487100307,0.677475134,0.248710763,0.454087729,0.552220117,0.547155368,0.433544117,0.342744003,0.778815302,0.356648424,0.386435687,0.64601277,0.443047573,0.336079055,0.819451508,0.303090426,0.559485054,0.562635236,0.414273882,0.422567857,0.788577237,0.293304153,0.648495359,0.491864482,0.386618102,0.568898656,0.398199191,0.493522917,0.570238653,0.48534296,0.44323124,0.621799936,0.318133355,0.47991355,0.535714955,0.43136705,0.496320782,0.399270819,0.688057646,0.393282283,0.455217901,0.703943748,0.371253741,0.351251868,0.551540118,0.522848692,0.303337012,0.575955727,0.523441465,0.402671534,0.503834078,0.527438256,0.600992418,0.3356102,0.500862723,you,30
-0.285719708,0.723915121,2.251232461,-0.326693739,0.535242501,2.267537224,-0.401274093,0.376353013,2.154874697,-0.161678801,0.405055103,2.407676553,-0.4546877,0.145321439,2.117491789,-0.033226773,0.246048372,2.359571395,-0.386827263,-0.052303973,2.133861658,0.002062106,0.42590568,2.210634921,-0.362148578,-0.118213209,2.140292368,0.012861183,0.486045529,2.161878368,-0.265991429,0.1741349,2.283859842,-0.253713129,0.101937145,2.290248355,-0.299141442,0.018811351,2.227995697,-0.182268371,0.028998195,2.355805539,-0.349288512,-0.488605,2.326055,-0.234055504,-0.459208432,2.533574447,-0.378222947,-0.876165807,2.340237382,-0.259261638,-0.858600157,2.607932671,-0.351265799,-0.951853034,2.316533895,-0.183360828,-0.915078689,2.671027526,0.012932497,0.004563284,0.010528518,0.010936249,0.002520465,0.004801147,0.011710163,0.0011175,0.006242493,0.009145313,0.004507995,0.003593774,0.010632066,0.001935371,0.005172764,0.011765025,0.008160179,0.015020887,0.011582695,0.0163488,0.005747962,0.059382537,0.044251375,0.039166184,0.013052636,0.021154568,0.007227077,0.082030567,0.045583127,0.049245322,0.011496095,0.001745754,0.003783471,0.011642877,0.002196532,0.003867031,0.012073782,7.84972E-4,0.003939366,0.011176616,0.004423899,0.004353192,0.008413172,0.00588918,0.006457183,0.007814103,0.004647428,0.002104586,0.00102093,0.002434818,0.001724925,0.001077684,0.001421861,3.18597E-4,0.010715069,0.00761811,0.009298786,0.002476742,0.002176449,0.004257377,0.050313615,-0.047203052,-0.048108149,0.179177829,-0.0456615,-0.163095799,0.151108755,0.014690295,-0.268143393,0.271759488,0.203694492,-0.127923641,0.221797932,-0.038935832,-0.147675093,0.042050587,0.110915497,-0.100903054,0.033439417,-0.027621966,-0.064073013,0.06210847,0.006814085,-0.034538075,0.034470592,0.044816404,5.91289E-4,0.090106586,0.04241025,-0.08654932,0.323553477,-0.052640006,-0.050944976,0.292047776,-0.049551444,-0.009160891,0.336118355,-0.022507688,-0.047813782,0.16649328,0.038216983,0.011568646,0.139278925,0.00822816,-0.054823862,0.232408211,-0.268486436,0.079685087,0.013176195,-0.177074859,-0.133415249,0.020182408,-0.058217503,0.032584778,0.074158415,-0.072790524,-0.0903833,-0.044028594,-0.054937905,0.002935342,0.549706227,0.553539904,0.429284143,0.572962774,0.397355587,0.453835607,0.57569771,0.436360584,0.384546584,0.480802987,0.560801546,0.38141112,0.490933953,0.564576753,0.407013353,0.439496941,0.462593873,0.521835008,0.636288679,0.542160754,0.37258467,0.564072045,0.563315706,0.41520555,0.621161185,0.624864534,0.321814932,0.68359432,0.437428248,0.389095498,0.543019225,0.529857616,0.385290221,0.524641396,0.552591556,0.398103849,0.542679997,0.397425756,0.455296242,0.444740887,0.66563927,0.397464282,0.343311396,0.674316515,0.440615397,0.58233672,0.565667565,0.305714088,0.433542039,0.635967001,0.403875303,0.534156085,0.600334093,0.409233333,0.567845798,0.436893334,0.472146165,0.402815713,0.44349059,0.557979401,you,30
0.089589488,0.617299776,2.20650112,0.065611152,0.42909362,2.24919,-0.037670882,0.296559604,2.16875172,0.239700696,0.323839748,2.35168986,-0.118039634,0.044614614,2.12639902,0.385110146,0.196946216,2.2911529,-0.086166499,-0.172482794,2.10039468,0.394603466,0.343903988,2.15092322,-0.07170679,-0.252775614,2.10540836,0.397453888,0.41013515,2.10309154,0.090877136,0.063506747,2.25694528,0.112367114,-0.006164791,2.23609358,0.054159013,-0.077539114,2.193558,0.18554919,-0.077927725,2.26980732,-0.005667951,-0.556993992,2.31878474,0.165539704,-0.544102272,2.44785898,-0.044435047,-0.899294668,2.38366002,0.134216742,-0.886010166,2.49047932,-0.035705659,-0.96781109,2.36251718,0.214204016,-0.937819754,2.50392732,0.007659149,0.001797586,0.002828666,0.007024073,0.002590422,0.004183785,0.003404914,0.001077763,0.005858613,0.00572133,0.001735166,0.002495986,0.002253353,0.002687471,0.00653349,0.003538092,0.004912885,0.007424904,0.003867308,0.002768373,0.005150656,0.021983693,0.013300771,0.02065393,0.005463308,0.004857724,0.005314967,0.031781021,0.023165904,0.029704795,0.003573498,7.28557E-4,0.003378578,0.001958215,7.49567E-4,0.003658894,0.001747766,3.70091E-4,0.00470438,0.001733588,5.89665E-4,0.002955425,0.001640643,0.0028689,0.004631302,5.8152E-4,0.002687729,0.002693187,2.73098E-4,6.12473E-4,5.88958E-4,9.07465E-4,0.00166807,9.6958E-4,0.001945682,6.48524E-4,0.001325289,0.00147397,9.46675E-4,0.00247728,0.245454778,-0.19677484,0.054141836,0.243881272,-0.113832932,0.232288831,0.006519828,0.154770958,0.361618204,0.20979618,0.210177139,0.114058118,-0.136325334,0.1674084,0.34009604,0.065629799,0.023471405,-0.021463152,-0.182993545,0.136506966,0.13894305,0.146850528,-0.114452162,-0.092659456,-0.14157951,0.330916567,0.078621234,0.144517816,-0.062813298,-0.16553948,0.192474298,0.064843906,0.265551409,0.089786697,0.157477369,0.345701798,-0.034940779,0.135013921,0.356582579,0.069951109,0.124878418,0.309178822,0.157951798,0.099626492,0.28744505,-0.063502727,-0.165208672,0.207014341,0.06252844,-0.027841345,0.062398761,-0.116660622,0.040821198,-0.023099133,0.130647813,-0.039888435,0.029622298,0.007417581,-0.013613395,0.065296079,0.650252692,0.313325065,0.419297153,0.448537994,0.255574071,0.514322141,0.46668905,0.241744247,0.453868755,0.539974845,0.479476265,0.41326951,0.515589281,0.198806436,0.441940306,0.262428487,0.456298311,0.590176887,0.583576263,0.387274785,0.445233666,0.490126394,0.470934779,0.482024163,0.574250721,0.352527197,0.436315944,0.548603625,0.42711597,0.455486028,0.476772773,0.202547073,0.5124685,0.40221505,0.272009473,0.482906265,0.424248643,0.215778387,0.486675432,0.410715647,0.367824636,0.479384424,0.396753593,0.581936738,0.373711373,0.276180496,0.780409185,0.295679556,0.346240855,0.661585721,0.452375259,0.345428275,0.755459639,0.36937456,0.555928425,0.366767688,0.507535888,0.523419384,0.372210375,0.528269341,you,30
-0.277095529,0.673200429,2.416418278,-0.313927628,0.482599471,2.473968847,-0.430330482,0.340040146,2.399959153,-0.146879765,0.358662676,2.556790542,-0.483138892,0.091109548,2.386756611,0.010165995,0.254272261,2.434853208,-0.468226743,-0.114903378,2.345777347,0.086416247,0.393081924,2.287342347,-0.445781517,-0.211075351,2.340801514,0.10974972,0.451046393,2.245905764,-0.295395115,0.117780007,2.483389542,-0.276737721,0.047849562,2.460949111,-0.335246617,-0.022312619,2.417011819,-0.205780446,-0.029399661,2.495546514,-0.382144047,-0.49885375,2.511705319,-0.258941758,-0.493193547,2.652397056,-0.396891993,-0.8709687,2.551400236,-0.267778475,-0.854603193,2.702269361,-0.356492931,-0.946465685,2.524723861,-0.193524129,-0.932115169,2.713547694,0.003541272,0.001512174,0.003710073,0.003143845,8.4881E-4,0.001239261,0.001852027,4.53895E-4,0.00162601,0.001209738,7.06267E-4,6.58723E-4,0.001664412,0.002569921,0.002019666,0.004317292,0.005532454,0.012312287,0.00196638,0.003750276,0.001101047,0.063099836,0.04461357,0.036978609,0.002500584,0.003714993,0.001442639,0.09930409,0.057231919,0.057237511,9.99779E-4,4.55001E-4,0.001506931,0.001101811,6.46613E-4,0.001638568,0.001200301,4.12016E-4,0.001892429,0.001077632,8.64673E-4,0.00174838,0.002334087,0.001561111,0.002088729,7.51081E-4,0.001725411,5.66267E-4,0.003786445,0.002265211,0.003270468,0.001318759,0.004745795,0.002733013,9.004E-4,8.2359E-4,0.001325972,0.004160408,0.002147785,0.003511769,0.120408726,-0.025953955,-0.075182783,0.033237707,-0.01153715,-0.033590135,0.095333676,-0.007602725,0.083758379,0.115362723,-0.042089081,0.029378052,-0.046880409,0.186705296,-0.029212517,-0.036604101,-0.023229296,0.029824509,-0.015852923,0.074414157,0.037885364,0.005484014,0.07443594,0.029795492,-0.062320057,0.065149574,0.069027481,0.023317691,0.124311134,-0.013334507,0.067255096,-0.048366528,-0.001934002,-0.02528463,-0.104214387,0.176616725,-0.13830708,-0.035257288,0.155857933,-0.014418377,-0.111890522,0.151452806,0.193098479,0.028171681,0.219653155,0.020186102,0.029171086,0.053922157,0.105153116,-0.093886816,0.139921631,0.048846474,-0.136598119,-0.116559201,-0.060309311,0.020749091,0.138529057,-0.080083592,-0.044461541,-0.005407262,0.596142533,0.335649905,0.495489168,0.768800917,0.273501483,0.397815233,0.706587869,0.261475125,0.444283778,0.617251965,0.526298342,0.394260487,0.389741043,0.759709335,0.329810395,0.372479849,0.517926141,0.536291328,0.453272932,0.771762678,0.296698639,0.612301235,0.523079314,0.406165561,0.507798061,0.7781459,0.228734601,0.659269407,0.501862009,0.376052494,0.580994389,0.430640406,0.477463634,0.501096804,0.559895983,0.416176902,0.510770154,0.444201342,0.478428675,0.480686896,0.526703488,0.457170841,0.445638197,0.531432522,0.429203011,0.35645914,0.758780134,0.37143763,0.451813117,0.531308869,0.46884532,0.27207126,0.6101764,0.49531871,0.35973922,0.498517317,0.531477878,0.639625179,0.312169571,0.485168836,you,30
-0.499211502,0.539145693,2.347171735,-0.55412281,0.354509707,2.382125325,-0.657102983,0.230987154,2.274638133,-0.404524093,0.225295852,2.454254916,-0.714608675,-0.022864714,2.238963578,-0.346231042,0.046017361,2.390846241,-0.702701127,-0.214276749,2.208635723,-0.28844626,0.13595264,2.236498892,-0.703226943,-0.302334207,2.209976241,-0.278497528,0.16882536,2.206048494,-0.541859349,-6.86449E-4,2.389041687,-0.514775987,-0.066452216,2.358956193,-0.564527583,-0.131736824,2.311125434,-0.452443135,-0.140574175,2.39485547,-0.621580236,-0.532870625,2.355335193,-0.488811542,-0.505665248,2.530211229,-0.655638659,-0.87950753,2.400568048,-0.477683928,-0.850843031,2.57667547,-0.623217023,-0.948198229,2.383343205,-0.423126993,-0.917845963,2.566185675,0.002999413,0.001449168,0.004016152,0.001330347,8.55683E-4,0.001547859,0.00174741,7.88466E-4,0.001642312,0.004348368,0.003553689,0.017732264,0.002563384,7.85409E-4,0.004249503,0.027001692,0.011844883,0.01489486,0.004173893,7.58845E-4,0.004548468,0.023021693,0.072438836,0.025829202,0.005401221,0.003025289,0.005321895,0.035412153,0.078974711,0.03458515,0.002047519,8.05333E-4,0.002080809,0.001380644,0.001018311,0.001130712,0.002142316,6.93866E-4,0.002125844,0.001345684,9.32545E-4,5.86787E-4,0.001190367,6.51331E-4,9.05693E-4,5.87351E-4,0.001038291,0.001105414,3.59124E-4,5.05453E-4,0.001007159,0.001532523,0.002605714,0.001754439,2.63451E-4,4.86063E-4,3.75361E-4,0.007618441,0.017256712,0.041788761,0.077690364,0.01187169,0.027799475,0.018853684,0.02121741,-0.038824839,0.132935076,-0.015681383,-0.008912537,0.012369178,0.038575781,-0.255231792,0.05619517,-0.039293428,0.113736342,-0.034961177,-0.053786186,0.014811183,0.133881803,-0.023219542,0.128283056,0.028781426,-0.00808142,-0.035503923,-0.001741789,0.026719229,0.128679912,0.022868498,0.032732371,-0.052080848,0.130183864,-0.103303964,-0.078018988,0.081150414,-0.101485878,-0.05851647,-0.128452137,-0.075011442,0.007124905,0.093945642,-0.103371246,-0.097927494,0.026404038,-0.073194174,0.136711918,0.096297883,0.168315393,0.041586535,-0.028609699,-0.096564794,0.140452559,0.050491683,-0.122767383,0.050963596,-0.025717414,-0.030330908,0.024718184,0.00802677,-0.004316455,0.021915834,0.538302593,0.463795147,0.487397544,0.608842918,0.293814656,0.513284113,0.51458182,0.420759396,0.51365115,0.204291083,0.298173197,0.601509052,0.462969126,0.351246972,0.556391678,0.620727824,0.499980155,0.417080433,0.634424502,0.283145671,0.475991515,0.315443885,0.705213857,0.440180116,0.587101148,0.514757615,0.414665599,0.3321878,0.735948938,0.405419843,0.630009915,0.376996673,0.451933145,0.438812089,0.643438362,0.422618828,0.565358553,0.467950856,0.4618968,0.37388374,0.608295285,0.468417466,0.50459748,0.520935531,0.457081985,0.44700055,0.674539323,0.381725749,0.3739103,0.541582855,0.502236009,0.421312661,0.743512159,0.342342029,0.456419138,0.592479946,0.461311418,0.426907412,0.442526326,0.551665204,you,30
-0.291610902,0.720711236,2.245185778,-0.326668332,0.530458616,2.263826667,-0.405336649,0.372799704,2.154230025,-0.162645791,0.400456226,2.394916531,-0.457334754,0.141757664,2.117686778,-0.038906656,0.238664216,2.338331975,-0.380533015,-0.066114021,2.131074889,0.00239852,0.422393635,2.18917637,-0.353120023,-0.134850615,2.140130099,0.013331772,0.476792027,2.145356704,-0.266069559,0.171225985,2.277135704,-0.253734138,0.099314408,2.283021074,-0.30019491,0.015438469,2.221172667,-0.180380622,0.027480534,2.346904395,-0.347233362,-0.492608453,2.316783963,-0.229588578,-0.45734993,2.527314778,-0.378082063,-0.875129591,2.33921042,-0.259545449,-0.85868874,2.607782617,-0.347922848,-0.949234948,2.314779617,-0.183261832,-0.915240283,2.670517877,0.007902249,0.004085245,0.009175691,0.0055013,0.00219004,0.002420342,0.002076376,0.00106113,0.00265266,0.006161506,0.007780641,0.008882344,0.001765214,0.001906003,0.003503368,0.005510133,0.009042168,0.01510016,0.011813033,0.024358343,0.003733999,0.062054307,0.041798964,0.042532806,0.016291803,0.031378666,0.005344172,0.082762932,0.043252116,0.046274467,0.004241356,0.003211903,0.001671443,0.004373163,0.003636475,0.001770891,0.00442843,0.001221493,0.002443152,0.005500359,0.00627021,0.002962689,0.004667069,0.006930075,0.005957711,0.005418294,0.002918585,0.005769288,5.85423E-4,3.87904E-4,0.002281808,0.00136269,0.0014357,0.002257365,0.012050842,0.009752789,0.01544524,0.001981411,0.002051129,0.003277912,0.025402473,0.030249996,0.065023334,-0.008989446,0.009014778,-0.005916718,-0.105271927,0.030678708,0.040285061,0.106956414,0.303942634,0.006593671,-0.078327161,0.118112607,0.109342003,-0.005056077,0.124294997,-0.089910022,-0.072744554,0.07999608,-0.044552249,0.015556877,0.034980955,-0.019548486,0.015771258,0.083313168,-0.029892842,0.069063526,0.011979769,-0.059970208,-0.148416051,0.10517746,0.080356599,-0.126743013,0.117176426,0.104046762,-0.038110497,0.123752663,0.093999744,-0.070689469,0.111148319,0.069624269,-0.058551661,0.129471768,0.112653825,-0.273332567,-0.056271743,0.133070503,-0.071205091,0.119681719,0.227229523,-0.005051167,-0.056858029,0.217503225,0.002889209,0.077105922,-0.028634489,0.031664994,-0.075205509,0.028697302,0.549134214,0.613103081,0.387243209,0.601147416,0.411937552,0.477595145,0.598830785,0.466841741,0.444691175,0.494412676,0.558770133,0.403500586,0.37695509,0.64625416,0.437729013,0.408029917,0.478794012,0.529022644,0.533149488,0.705360617,0.308108189,0.544568268,0.583095902,0.417544444,0.541773647,0.692353139,0.320577021,0.725896847,0.410726891,0.373911571,0.489776367,0.693739617,0.331485607,0.469256426,0.720225776,0.313436282,0.583491182,0.403502049,0.474001378,0.367765888,0.786821077,0.320762171,0.359855773,0.690588015,0.409236697,0.46313099,0.567585671,0.409967873,0.353504252,0.585792148,0.444515836,0.455702103,0.518568175,0.453776137,0.535822222,0.36761932,0.527997218,0.441203109,0.418681337,0.551876945,you,30
-0.503603659,0.539916132,2.338831122,-0.556020381,0.354765849,2.368586973,-0.656710334,0.229682608,2.260277324,-0.403745558,0.223099576,2.441429784,-0.715744727,-0.023864149,2.226000865,-0.328276597,0.054597756,2.365603432,-0.70232275,-0.215376672,2.198739919,-0.271941961,0.155602031,2.210243892,-0.701875003,-0.303369995,2.197889284,-0.264382868,0.189084549,2.180716284,-0.539998818,-1.98004E-4,2.3746305,-0.516357078,-0.067179322,2.350556554,-0.565814984,-0.133136861,2.303178486,-0.453815931,-0.140850315,2.387720351,-0.623999436,-0.531555757,2.350272662,-0.489654364,-0.502944804,2.524752703,-0.655777372,-0.878873672,2.400416041,-0.479864915,-0.850099818,2.574979338,-0.623551807,-0.94832843,2.384369378,-0.421410841,-0.921331604,2.580157257,0.006183422,0.0015877,0.002703544,0.005776365,0.001192725,0.004194242,0.006793483,6.45389E-4,0.00606372,0.005597954,0.003140636,0.01237918,0.00513305,5.84277E-4,0.006743666,0.015243619,0.010802379,0.02363212,0.008242835,6.58324E-4,0.007111944,0.040143982,0.058583836,0.044863386,0.010499718,0.002774127,0.006648465,0.049169183,0.068392332,0.054425657,0.00408137,7.25802E-4,0.003388803,0.004227846,8.65389E-4,0.003155204,0.00424074,6.33911E-4,0.003470705,0.003880008,0.001142279,0.002946472,0.002183938,0.001270852,0.001814985,0.002079948,7.06003E-4,0.001685176,7.11209E-4,7.07956E-4,0.001014432,0.001579667,0.002934167,9.22607E-4,2.84085E-4,6.09137E-4,5.28802E-4,0.007798733,0.012285737,0.033565307,0.089378128,0.047925672,-0.093941229,-0.043216033,0.021578878,-0.102186108,0.11322095,0.024129336,-0.170767904,-0.023212457,-0.031258212,-0.245109063,-0.011022067,0.110407954,-0.139817369,-0.04079291,-0.091158648,0.155450569,0.010269393,0.067877224,-0.121554107,-0.010363432,-0.007763983,0.007523525,0.063164007,0.085367085,-0.048425363,-0.01553893,0.004379813,-0.021134249,0.102922676,0.045734765,-0.179923432,0.071214387,0.055621933,-0.062999624,0.069858323,-0.027293444,-0.057224612,0.046200468,0.0333448,0.017927325,-0.048618423,0.043842297,0.132596129,-0.094627417,0.054167586,0.13489279,-0.017788601,0.060180045,0.018152889,-0.041423311,-0.029550219,-0.027563668,0.107611586,0.106930896,-0.030218576,-0.038252582,0.043480234,-0.059275946,0.559082559,0.471698165,0.459842908,0.669462524,0.218738783,0.483083494,0.647711147,0.224014881,0.471106082,0.344566752,0.432293425,0.527900544,0.508448037,0.297176909,0.541919928,0.473742412,0.492599213,0.479642112,0.599667025,0.284280796,0.505545405,0.404156466,0.599477792,0.481300614,0.646914283,0.401208466,0.441955345,0.406228989,0.604512577,0.476798784,0.666225874,0.309956515,0.428882912,0.579083581,0.505642342,0.435296228,0.590780239,0.390759802,0.485924713,0.565370469,0.503615369,0.452264717,0.532520926,0.52542438,0.439694375,0.52982928,0.540421514,0.426957204,0.348722882,0.533416444,0.536423581,0.451307058,0.727479765,0.353009632,0.457103035,0.573681219,0.459927692,0.513480713,0.449756188,0.504893566,you,30
0.080080569,0.626505611,2.2282452,0.059422838,0.436887298,2.249654444,-0.036599469,0.2963572,2.166623111,0.236369711,0.323583707,2.350464044,-0.107592387,0.040966083,2.125397,0.379267562,0.192813444,2.297171222,-0.072389588,-0.176036904,2.102639267,0.365065711,0.353132998,2.1698112,-0.058648463,-0.255092927,2.108475778,0.3586615,0.42137578,2.125866356,0.087507027,0.06419954,2.257195933,0.112754756,-0.005876242,2.232005511,0.055923372,-0.076720802,2.187411622,0.186646802,-0.07696933,2.266498222,0.00129198,-0.560191502,2.322412689,0.168602136,-0.549476491,2.449937778,-0.04538395,-0.901489011,2.3848834,0.13885778,-0.889869738,2.491675156,-0.037350514,-0.967102042,2.355867244,0.219268747,-0.938578882,2.503749333,4.73745E-4,0.001061536,0.004254389,4.02601E-4,5.81111E-4,0.001209942,4.63527E-4,2.91775E-4,0.001197479,8.99127E-4,4.1578E-4,0.001035039,4.71704E-4,3.6986E-4,9.2552E-4,0.004239058,0.005010921,0.015030641,0.001033108,7.74422E-4,0.001106473,0.01355707,0.012193225,0.014546918,0.001731297,0.001358011,0.001321678,0.02585496,0.018248868,0.026440255,6.48667E-4,3.15874E-4,0.001430109,6.62959E-4,5.46009E-4,0.001373815,9.56091E-4,5.47406E-4,0.00259862,8.55367E-4,4.13054E-4,0.001344953,0.002285969,7.96586E-4,0.001575062,9.13097E-4,0.004423905,0.001214709,4.14328E-4,4.53422E-4,6.26993E-4,5.98936E-4,0.001627533,5.10195E-4,0.002489361,9.40958E-4,0.002178021,0.002269301,0.001106093,0.002652822,0.047936088,-0.195670649,-0.401550829,0.09392386,-0.249516682,-0.366704418,0.021669014,-0.045367682,-0.420940347,0.087867643,0.15138868,-0.131920206,0.048373261,0.014788664,-0.223722712,0.030508258,0.026842421,-0.069178731,-0.200578595,0.004071814,0.027891883,0.137451215,-0.009190477,-0.118368183,-0.229547841,-0.06973211,-0.069823747,0.195840897,-0.023916657,-0.154406529,0.211386115,0.073614519,-0.266608933,0.034132216,-0.030967927,-0.045481738,-0.046642161,-0.051354022,-0.012171687,0.021918842,0.055528638,-0.071663139,0.102311011,-0.02236512,0.072958206,0.026766548,-0.102512979,0.017696802,0.026105165,0.018085605,-0.092823432,-0.032817025,0.028269365,-1.15167E-4,-0.131272287,0.036380947,-0.109516094,0.021676236,0.066635808,0.077051641,0.457207202,0.241211068,0.411539123,0.471457167,0.352217293,0.3762921,0.601913045,0.322157893,0.270339422,0.546854146,0.482737238,0.434888206,0.631032145,0.396207478,0.398180347,0.341782547,0.364240994,0.59845977,0.542280391,0.514129577,0.433659497,0.471448558,0.503120217,0.476346255,0.469237779,0.55275348,0.437445462,0.47660338,0.411861449,0.495941177,0.339323085,0.343030826,0.523368397,0.458828578,0.320808224,0.573335699,0.437803438,0.259378538,0.597117455,0.448770545,0.371045954,0.558593375,0.679933926,0.378061867,0.418286415,0.182114204,0.872930183,0.291529561,0.384285695,0.629138759,0.455590901,0.385802436,0.769384233,0.342460457,0.656414825,0.326235835,0.445225813,0.533276832,0.355617353,0.524051185,you,30
0.023193669,0.630028468,2.268460762,-0.014621119,0.440435055,2.285881952,-0.141063011,0.31045278,2.213172821,0.175431063,0.322907187,2.358970274,-0.218161655,0.064195474,2.176567845,0.332970156,0.245473286,2.259006679,-0.21709542,-0.13472106,2.129422143,0.289520412,0.396788961,2.141542155,-0.207320386,-0.204315895,2.111763964,0.30476255,0.43392313,2.101604595,0.017079391,0.084069951,2.294603262,0.028489602,0.013611485,2.288471798,-0.034673641,-0.068783774,2.246759024,0.107863489,-0.065772245,2.326202774,-0.094435673,-0.520566752,2.359779131,0.114994687,-0.510794602,2.465708179,-0.095883708,-0.888071351,2.45090075,0.15775393,-0.865627068,2.516872214,-0.094423812,-0.95311818,2.420180393,0.225494893,-0.926841013,2.52114044,0.00380491,0.002518983,0.007079122,0.001800055,7.85347E-4,0.003455301,7.58944E-4,0.001823144,0.002224413,9.69033E-4,0.001716591,0.001693536,0.001125984,0.002228448,0.002723103,0.002203057,0.009844381,0.00933302,0.002865044,8.46561E-4,0.002965426,0.018632083,0.006827946,0.026406559,0.002546659,0.001447076,0.002875606,0.026416147,0.024600368,0.017408178,0.001065835,4.4852E-4,0.003066389,6.20327E-4,4.98508E-4,0.001177245,7.96112E-4,3.13743E-4,0.001112403,7.94079E-4,7.83832E-4,8.66279E-4,0.00159115,0.001763622,0.001421821,9.10961E-4,0.001888209,8.62094E-4,0.001832027,0.002407439,0.002183348,0.001705225,0.006290661,0.001878727,9.26881E-4,0.001446776,0.001889604,0.002867198,0.002646517,0.002408461,-0.106653021,-0.143408453,-0.118092548,-0.221963016,-0.010805508,-0.166915892,-0.038783527,-0.277518905,-0.200406028,0.081744344,0.14775659,0.041182162,0.056268665,-0.267944889,0.034991593,-0.017168381,0.054027681,-0.058186743,0.058306843,-0.008973286,0.120152531,0.072979445,3.0114E-4,-0.108338265,-0.059587255,-0.112904725,0.159012622,0.124479056,-0.069205002,-0.107643918,0.039813023,0.064507366,-0.255419509,-0.011737008,0.083039726,-0.17096047,-0.038667534,-0.010271964,-0.10360514,0.081125518,0.077110179,-0.078385878,0.073142554,-0.024150878,-0.007358089,0.102837069,-0.02950387,0.055142879,-3.93137E-4,0.036649299,-0.005332791,-0.029619211,0.018195476,-0.010579667,-0.0022846,0.044622844,0.022534608,0.072964094,0.016289917,0.075577543,0.519909909,0.45501742,0.474368642,0.468241205,0.377647381,0.509760693,0.459059812,0.417824143,0.470042028,0.496726049,0.595229195,0.421085944,0.338986024,0.33752957,0.583426079,0.27868171,0.627765631,0.503037366,0.504451997,0.349129068,0.537980304,0.441503738,0.290900245,0.582776055,0.516833506,0.221841273,0.549521427,0.563641411,0.543883232,0.406490345,0.382373305,0.273038371,0.560948627,0.447140913,0.430685131,0.517807781,0.531837226,0.327708538,0.535892437,0.446178802,0.48984578,0.511767714,0.370171638,0.749598282,0.376107041,0.395173525,0.708487114,0.395029817,0.416333605,0.531218617,0.515270727,0.35405919,0.734732084,0.400819894,0.359083602,0.56318927,0.51902808,0.596516239,0.503245705,0.425232829,you,30
